-- MySQL Administrator dump 1.4
--
-- ------------------------------------------------------
-- Server version	5.0.13-rc-nt


/*!40101 SET @OLD_CHARACTER_SET_CLIENT=@@CHARACTER_SET_CLIENT */;
/*!40101 SET @OLD_CHARACTER_SET_RESULTS=@@CHARACTER_SET_RESULTS */;
/*!40101 SET @OLD_COLLATION_CONNECTION=@@COLLATION_CONNECTION */;
/*!40101 SET NAMES utf8 */;

/*!40014 SET @OLD_UNIQUE_CHECKS=@@UNIQUE_CHECKS, UNIQUE_CHECKS=0 */;
/*!40014 SET @OLD_FOREIGN_KEY_CHECKS=@@FOREIGN_KEY_CHECKS, FOREIGN_KEY_CHECKS=0 */;
/*!40101 SET @OLD_SQL_MODE=@@SQL_MODE, SQL_MODE='NO_AUTO_VALUE_ON_ZERO' */;


--
-- Create schema spycisco_spycis
--

CREATE DATABASE IF NOT EXISTS spycisco_spycis;
USE spycisco_spycis;

--
-- Definition of table `category_details`
--

DROP TABLE IF EXISTS `category_details`;
CREATE TABLE `category_details` (
  `category_id` int(10) unsigned NOT NULL auto_increment,
  `category_name` varchar(200) default NULL,
  PRIMARY KEY  (`category_id`)
) ENGINE=InnoDB DEFAULT CHARSET=latin1;

--
-- Dumping data for table `category_details`
--

/*!40000 ALTER TABLE `category_details` DISABLE KEYS */;
INSERT INTO `category_details` (`category_id`,`category_name`) VALUES 
 (3,'GOVERNMENT JOBS'),
 (4,'PRIVATE JOBS'),
 (5,'GOV BANK');
/*!40000 ALTER TABLE `category_details` ENABLE KEYS */;


--
-- Definition of table `default_question_bank`
--

DROP TABLE IF EXISTS `default_question_bank`;
CREATE TABLE `default_question_bank` (
  `default_question_bank_id` int(10) unsigned NOT NULL auto_increment,
  `section_id` varchar(200) default NULL,
  `topic_id` varchar(200) default NULL,
  `question_id` varchar(200) default NULL,
  `status` varchar(200) default NULL,
  PRIMARY KEY  (`default_question_bank_id`)
) ENGINE=InnoDB DEFAULT CHARSET=latin1;

--
-- Dumping data for table `default_question_bank`
--

/*!40000 ALTER TABLE `default_question_bank` DISABLE KEYS */;
/*!40000 ALTER TABLE `default_question_bank` ENABLE KEYS */;


--
-- Definition of table `default_test`
--

DROP TABLE IF EXISTS `default_test`;
CREATE TABLE `default_test` (
  `default_test_id` int(10) unsigned NOT NULL auto_increment,
  `test_id` varchar(45) default NULL,
  `status` varchar(45) default NULL,
  PRIMARY KEY  (`default_test_id`)
) ENGINE=InnoDB DEFAULT CHARSET=latin1;

--
-- Dumping data for table `default_test`
--

/*!40000 ALTER TABLE `default_test` DISABLE KEYS */;
/*!40000 ALTER TABLE `default_test` ENABLE KEYS */;


--
-- Definition of table `discription_bank`
--

DROP TABLE IF EXISTS `discription_bank`;
CREATE TABLE `discription_bank` (
  `discription_bank_id` int(10) unsigned NOT NULL auto_increment,
  `discription` varchar(50000) default NULL,
  PRIMARY KEY  (`discription_bank_id`)
) ENGINE=InnoDB DEFAULT CHARSET=latin1;

--
-- Dumping data for table `discription_bank`
--

/*!40000 ALTER TABLE `discription_bank` DISABLE KEYS */;
INSERT INTO `discription_bank` (`discription_bank_id`,`discription`) VALUES 
 (1,'%3Cp%3ERead%20the%20following%20passage%20carefully%20and%20answer%20the%20questions%20given%20below%20it.%20Certain%20words%20have%20been%20printed%20in%20%3Cstrong%3Ebold%3C%2Fstrong%3E%20to%20help%20you%20locate%20them%20while%20answering%20some%20of%20the%20questions.%3C%2Fp%3E%0A%0A%3Cp%3EToday%2C%20with%20a%20Nobel%20Prize%20to%20its%20credit%2C%20Grameen%20is%20one%20of%20the%20largest%20microfinance%20organizations%20in%20the%20world.%20It%20started%20out%20lending%20small%20sums%20to%20poor%20entrepreneurs%20in%20Bangladesh%20to%20help%20them%20grow%20from%20a%20subsistence%20living%20to%20a%20livelihood.%20The%20great%20discovery%20its%20founders%20made%2C%20was%20that%20even%20with%20few%20assets%2C%20these%20entrepreneurs%20repaid%20on%20time%2C%20Grameen%2C%20and%20microfinance%20have%20since%20become%20financial%20staples%20of%20the%20developing%20world.%20Grameen%26rsquo%3Bs%20approach%2C%20unlike%20other%20microfinancers%20uses%20the%20group-lending%20model.%20Costs%20are%20kept%20down%20by%20having%20borrowers%20vet%20one%20another%2C%20tying%20together%20their%20financial%20fates%20and%20eliminating%20expansive%20loan%20officers%20entirely.%20The%20ultimate%20promise%20of%20Grameen%20is%20to%20use%20business%20lending%20as%20a%20way%20people%20to%20lift%20themselves%20out%20to%20poverty.%3C%2Fp%3E%0A%0A%3Cp%3ERecently%20Grameen%20has%20taken%20on%20a%20different%20challenge%26mdash%3Bby%20setting%20up%20operations%20in%20the%20United%20States%20Money%20may%20be%20tight%20in%20the%20waning%20recession%2C%20but%20it%20is%20still%20a%20nation%20of%201%2C00%2C000%20bank%20branches%20Globally.%20The%20working%20microfinance%20equation%20consists%20of%20borrowing%20funds%20cheaply%20and%20keeping%20loan%20defaults%20and%20overhead%20expenses%20sufficiently%20low.%20Micro%20lenders%2C%20including%20Grameen%2C%20do%20this%20by%20charging%20%3Cstrong%3Ecolossal%3C%2Fstrong%3E%20interest%20rates%26mdash%3Bas%20high%20as%2060%25%20or%2070%25%20--%20which%20is%20necessary%20to%20compensate%20for%20the%20risk%20and%20attract%20bank%20funding%20But%20loans%20at%20rates%20much%20above%20the%20standard%2015%25%20would%20most%20likely%20be%20attacked%20as%20usurious%20in%20America.%3C%2Fp%3E%0A%0A%3Cp%3ESo%2C%20the%20question%20is%20whether%20there%20is%20a%20role%20for%20a%20Third%20World%20lender%20in%20the%20world%26rsquo%3Bs%20largest%20economy%3F%20Grameen%20America%20believes%20that%20in%20a%20few%20years%20it%20will%20be%20successful%20and%20turn%20a%20profit%2C%20thanks%20to%209%20million%20United%20States%20households%20untouched%20by%20mainstream%20banks%20and%2021%20million%20using%20the%20likes%20of%20payday%20loans%20and%20pawn%20shops%20for%20financing.%20But%20enticing%20the%20unbanked%20won%26rsquo%3Bt%20be%20easy.%20After%20all%2C%20profit%20has%20long%20%3Cstrong%3Eeluded%3C%2Fstrong%3E%20United%20States%20microfinanciers%20and%20if%20it%20is%20not%20lucrative%2C%20it%20is%20not%20micro%20lending%26mdash%3Bbut%20charity.%20When%20Grameen%20first%20went%20to%20the%20United%20States%2C%20in%20the%20late%201980s%2C%20it%20tripped%20up.%20Under%20Grameen%26rsquo%3Bs%20tutelage%2C%20Banks%20started%20micro%20loans%20to%20entrepreneurs%20with%20a%20shocking%2030%25%20loss.%20But%20Grameen%20America%20says%20that%20this%20time%20results%20will%20be%20different%20because%20Grameen%20employees%20themselves%20will%20be%20making%20the%20loans%2C%20not%20training%20an%20American%20bank%20to%20do%20it.%20More%20often%20than%20not%2C%20the%20borrowers%2C%20Grameen%20finds%20in%20the%20United%20States%20already%20have%20jobs%20(as%20factory%20workers%20for%20example)%20or%20side%20businesses%26mdash%3Bselling%20toys%2C%20cleaning%20houses%20etc.%20The%20loans%20from%20Grameen%2C%20by%20and%20large%2C%20provide%20a%20steadier%20source%20of%20funding%2C%20but%20they%20don%26rsquo%3Bt%20create%20businesses%20out%20of%20nothing.%20But%20money%20isn%26rsquo%3Bt%20everything.%20More%20importantly%20for%20many%20entrepreneurs%2C%20group%20members%20are%20tremendous%20sources%20of%20support%20to%20one%20another.%20So%20even%20if%20studies%20are%20yet%20to%20determine%20if%20Grameen%20is%20a%20clear-cut%20pathway%20out%20of%20poverty%2C%20it%20still%20achieves%20something%20useful.%3C%2Fp%3E%0A'),
 (2,'%3Cp%3ERead%20the%20following%20passage%20carefully%20and%20answer%20the%20questions%20given%20below%20it.%20Certain%20words%20have%20been%20printed%20in%20%3Cstrong%3Ebold%3C%2Fstrong%3E%20to%20help%20you%20locate%20them%20while%20answering%20some%20of%20the%20questions.%3C%2Fp%3E%0A%0A%3Cp%3EToday%2C%20with%20a%20Nobel%20Prize%20to%20its%20credit%2C%20Grameen%20is%20one%20of%20the%20largest%20microfinance%20organizations%20in%20the%20world.%20It%20started%20out%20lending%20small%20sums%20to%20poor%20entrepreneurs%20in%20Bangladesh%20to%20help%20them%20grow%20from%20a%20subsistence%20living%20to%20a%20livelihood.%20The%20great%20discovery%20its%20founders%20made%2C%20was%20that%20even%20with%20few%20assets%2C%20these%20entrepreneurs%20repaid%20on%20time%2C%20Grameen%2C%20and%20microfinance%20have%20since%20become%20financial%20staples%20of%20the%20developing%20world.%20Grameen%26rsquo%3Bs%20approach%2C%20unlike%20other%20microfinancers%20uses%20the%20group-lending%20model.%20Costs%20are%20kept%20down%20by%20having%20borrowers%20vet%20one%20another%2C%20tying%20together%20their%20financial%20fates%20and%20eliminating%20expansive%20loan%20officers%20entirely.%20The%20ultimate%20promise%20of%20Grameen%20is%20to%20use%20business%20lending%20as%20a%20way%20people%20to%20lift%20themselves%20out%20to%20poverty.%3C%2Fp%3E%0A%0A%3Cp%3ERecently%20Grameen%20has%20taken%20on%20a%20different%20challenge%26mdash%3Bby%20setting%20up%20operations%20in%20the%20United%20States%20Money%20may%20be%20tight%20in%20the%20waning%20recession%2C%20but%20it%20is%20still%20a%20nation%20of%201%2C00%2C000%20bank%20branches%20Globally.%20The%20working%20microfinance%20equation%20consists%20of%20borrowing%20funds%20cheaply%20and%20keeping%20loan%20defaults%20and%20overhead%20expenses%20sufficiently%20low.%20Micro%20lenders%2C%20including%20Grameen%2C%20do%20this%20by%20charging%20%3Cstrong%3Ecolossal%3C%2Fstrong%3E%20interest%20rates%26mdash%3Bas%20high%20as%2060%25%20or%2070%25%20--%20which%20is%20necessary%20to%20compensate%20for%20the%20risk%20and%20attract%20bank%20funding%20But%20loans%20at%20rates%20much%20above%20the%20standard%2015%25%20would%20most%20likely%20be%20attacked%20as%20usurious%20in%20America.%3C%2Fp%3E%0A%0A%3Cp%3ESo%2C%20the%20question%20is%20whether%20there%20is%20a%20role%20for%20a%20Third%20World%20lender%20in%20the%20world%26rsquo%3Bs%20largest%20economy%3F%20Grameen%20America%20believes%20that%20in%20a%20few%20years%20it%20will%20be%20successful%20and%20turn%20a%20profit%2C%20thanks%20to%209%20million%20United%20States%20households%20untouched%20by%20mainstream%20banks%20and%2021%20million%20using%20the%20likes%20of%20payday%20loans%20and%20pawn%20shops%20for%20financing.%20But%20enticing%20the%20unbanked%20won%26rsquo%3Bt%20be%20easy.%20After%20all%2C%20profit%20has%20long%20%3Cstrong%3Eeluded%3C%2Fstrong%3E%20United%20States%20microfinanciers%20and%20if%20it%20is%20not%20lucrative%2C%20it%20is%20not%20micro%20lending%26mdash%3Bbut%20charity.%20When%20Grameen%20first%20went%20to%20the%20United%20States%2C%20in%20the%20late%201980s%2C%20it%20tripped%20up.%20Under%20Grameen%26rsquo%3Bs%20tutelage%2C%20Banks%20started%20micro%20loans%20to%20entrepreneurs%20with%20a%20shocking%2030%25%20loss.%20But%20Grameen%20America%20says%20that%20this%20time%20results%20will%20be%20different%20because%20Grameen%20employees%20themselves%20will%20be%20making%20the%20loans%2C%20not%20training%20an%20American%20bank%20to%20do%20it.%20More%20often%20than%20not%2C%20the%20borrowers%2C%20Grameen%20finds%20in%20the%20United%20States%20already%20have%20jobs%20(as%20factory%20workers%20for%20example)%20or%20side%20businesses%26mdash%3Bselling%20toys%2C%20cleaning%20houses%20etc.%20The%20loans%20from%20Grameen%2C%20by%20and%20large%2C%20provide%20a%20steadier%20source%20of%20funding%2C%20but%20they%20don%26rsquo%3Bt%20create%20businesses%20out%20of%20nothing.%20But%20money%20isn%26rsquo%3Bt%20everything.%20More%20importantly%20for%20many%20entrepreneurs%2C%20group%20members%20are%20tremendous%20sources%20of%20support%20to%20one%20another.%20So%20even%20if%20studies%20are%20yet%20to%20determine%20if%20Grameen%20is%20a%20clear-cut%20pathway%20out%20of%20poverty%2C%20it%20still%20achieves%20something%20useful.%3C%2Fp%3E%0A'),
 (3,'%3Cp%3EStudy%20the%20following%20arrangement%20carefully%20and%20answer%20the%20question%20given%20below%3A%3C%2Fp%3E%0A%0A%3Cp%3EB%20M%20%25%20R%203%20J%20%40%20K%20%26copy%3B%20D%20F%206%209%20W%204%26sup1%3B%20N%20E%20P%202%20%24%20A%20Y%205%20I%20Q%20Z%20%23%207%20U%20G%3C%2Fp%3E%0A'),
 (4,'%3Cp%3E%E0%A4%A8%E0%A4%BF%E0%A4%AE%E0%A5%8D%E0%A4%A8%E0%A4%B2%E0%A4%BF%E0%A4%96%E0%A4%BF%E0%A4%A4%20%E0%A4%B5%E0%A5%8D%E0%A4%AF%E0%A4%B5%E0%A4%B8%E0%A5%8D%E0%A4%A5%E0%A4%BE%20%E0%A4%95%E0%A4%BE%20%E0%A4%A7%E0%A5%8D%E0%A4%AF%E0%A4%BE%E0%A4%A8%E0%A4%AA%E0%A5%82%E0%A4%B0%E0%A5%8D%E0%A4%B5%E0%A4%95%20%E0%A4%85%E0%A4%A7%E0%A5%8D%E0%A4%AF%E0%A4%AF%E0%A4%A8%20%E0%A4%95%E0%A4%B0%20%E0%A4%A8%E0%A5%80%E0%A4%9A%E0%A5%87%20%E0%A4%A6%E0%A4%BF%E0%A4%8F%20%E0%A4%AA%E0%A5%8D%E0%A4%B0%E0%A4%B6%E0%A5%8D%E0%A4%A8%E0%A5%8B%20%E0%A4%95%E0%A5%87%20%E0%A4%89%E0%A4%A4%E0%A5%8D%E0%A4%A4%E0%A4%B0%20%E0%A4%A6%E0%A5%80%E0%A4%9C%E0%A4%BF%E0%A4%8F%E0%A4%83%3C%2Fp%3E%0A%0A%3Cp%3EB%20M%20%25%20R%203%20J%20%40%20K%20%26copy%3B%20D%20F%206%209%20W%204%20%E2%98%85N%20E%20P%202%20%24%20A%20Y%205%20I%20Q%20Z%20%23%207%20U%20G%3C%2Fp%3E%0A'),
 (5,'%3Cp%3EIn%20each%20of%20the%20questions%20below%20given%20four%20statements%20followed%20by%20four%20conclusions%20numbered%20I.%20II%2C%20III%20and%20IV.%20You%20have%20to%20take%20the%20given%20statements%20to%20be%20true%20even%20if%20they%20seem%20to%20be%20at%20variance%20from%20commonly%20known%20facts.%20Read%20all%20the%20conclusions%20and%20then%20decide%20which%20of%20the%20given%20conclusions%20logically%20follows%20from%20the%20given%20statements%20disregarding%20commonly%20known%20facts.%3C%2Fp%3E%0A'),
 (6,'%3Cp%3E%E0%A4%A8%E0%A5%80%E0%A4%9A%E0%A5%87%20%E0%A4%A6%E0%A4%BF%E0%A4%8F%20%E0%A4%97%E0%A4%8F%20%E0%A4%AA%E0%A5%8D%E0%A4%B0%E0%A4%A4%E0%A5%8D%E0%A4%AF%E0%A5%87%E0%A4%95%20%E0%A4%AA%E0%A5%8D%E0%A4%B0%E0%A4%B6%E0%A5%8D%E0%A4%A8%20%E0%A4%AE%E0%A5%87%E0%A4%82%20%E0%A4%9A%E0%A4%BE%E0%A4%B0%20%E0%A4%95%E0%A4%A5%E0%A4%A8%20%E0%A4%94%E0%A4%B0%20%E0%A4%89%E0%A4%B8%E0%A4%95%E0%A5%87%20%E0%A4%AC%E0%A4%BE%E0%A4%A6%20%E0%A4%9A%E0%A4%BE%E0%A4%B0%20%E0%A4%A8%E0%A4%BF%E0%A4%B7%E0%A5%8D%E0%A4%95%E0%A4%B0%E0%A5%8D%E0%A4%B7%20I%2C%20II%2C%20III%20%E0%A4%94%E0%A4%B0%20IV%20%E0%A4%A6%E0%A4%BF%E0%A4%8F%20%E0%A4%97%E0%A4%8F%20%E0%A4%B9%E0%A5%88%E0%A4%82%E0%A5%A4%20%E0%A4%86%E0%A4%AA%E0%A4%95%E0%A5%8B%20%E0%A4%A6%E0%A4%BF%E0%A4%8F%20%E0%A4%97%E0%A4%8F%20%E0%A4%95%E0%A4%A5%E0%A4%A8%E0%A5%8B%E0%A4%82%20%E0%A4%95%E0%A5%8B%20%E0%A4%B8%E0%A4%A4%E0%A5%8D%E0%A4%AF%20%E0%A4%AE%E0%A4%BE%E0%A4%A8%E0%A4%A8%E0%A4%BE%20%E0%A4%B9%E0%A5%88%20%E0%A4%AD%E0%A4%B2%E0%A5%87%20%E0%A4%B9%E0%A5%80%20%E0%A4%B5%E0%A5%87%20%E0%A4%B8%E0%A4%B0%E0%A5%8D%E0%A4%B5%E0%A4%9C%E0%A5%8D%E0%A4%9E%E0%A4%BE%E0%A4%A4%20%E0%A4%A4%E0%A4%A5%E0%A5%8D%E0%A4%AF%E0%A5%8B%E0%A4%82%20%E0%A4%B8%E0%A5%87%20%E0%A4%AD%E0%A4%BF%E0%A4%A8%E0%A5%8D%E0%A4%A8%20%E0%A4%AA%E0%A5%8D%E0%A4%B0%E0%A4%A4%E0%A5%80%E0%A4%A4%20%E0%A4%B9%E0%A5%8B%E0%A4%A4%E0%A5%87%20%E0%A4%B9%E0%A5%87%E0%A4%82%E0%A5%A4%20%E0%A4%B8%E0%A4%AD%E0%A5%80%20%E0%A4%A8%E0%A4%BF%E0%A4%B7%E0%A5%8D%E0%A4%95%E0%A4%B0%E0%A5%8D%E0%A4%B7%E0%A5%8B%20%E0%A4%95%E0%A5%8B%20%E0%A4%AA%E0%A4%A2%E0%A4%BF%E0%A4%8F%20%E0%A4%94%E0%A4%B0%20%E0%A4%AB%E0%A4%BF%E0%A4%B0%20%E0%A4%A4%E0%A4%AF%20%E0%A4%95%E0%A4%BF%E0%A4%9C%E0%A4%BF%E0%A4%8F%20%E0%A4%95%E0%A4%BF%20%E0%A4%A6%E0%A4%BF%E0%A4%8F%20%E0%A4%97%E0%A4%8F%20%E0%A4%A8%E0%A4%BF%E0%A4%B7%E0%A5%8D%E0%A4%95%E0%A4%B0%E0%A5%8D%E0%A4%B7%E0%A5%8B%20%E0%A4%AE%E0%A5%87%E0%A4%82%20%E0%A4%B8%E0%A5%87%20%E0%A4%95%E0%A5%8C%E0%A4%A8%20%E0%A4%B8%E0%A4%BE%20%E0%A4%A8%E0%A4%BF%E0%A4%B7%E0%A5%8D%E0%A4%95%E0%A4%B0%E0%A5%8D%E0%A4%B7%20%E0%A4%A6%E0%A4%BF%E0%A4%8F%20%E0%A4%97%E0%A4%8F%20%E0%A4%95%E0%A4%A5%E0%A4%A8%E0%A5%8B%E0%A4%82%20%E0%A4%95%E0%A4%BE%20%E0%A4%A4%E0%A4%B0%E0%A5%8D%E0%A4%95%E0%A4%B8%E0%A4%82%E0%A4%97%E0%A4%A4%20%E0%A4%B0%E0%A5%82%E0%A4%AA%20%E0%A4%B8%E0%A5%87%20%E0%A4%85%E0%A4%A8%E0%A5%81%E0%A4%B8%E0%A4%B0%E0%A4%A3%20%E0%A4%95%E0%A4%B0%E0%A4%A4%E0%A4%BE%20%E0%A4%B9%E0%A5%88%2C%20%E0%A4%9A%E0%A4%BE%E0%A4%B9%E0%A5%87%20%E0%A4%B8%E0%A4%B0%E0%A5%8D%E0%A4%B5%E0%A4%9C%E0%A5%8D%E0%A4%9E%E0%A4%BE%E0%A4%A4%20%E0%A4%A4%E0%A4%A5%E0%A5%8D%E0%A4%AF%20%E0%A4%95%E0%A5%81%E0%A4%9B%20%E0%A4%AD%E0%A5%80%20%E0%A4%B9%E0%A5%8B%E0%A4%82%E0%A5%A4%3C%2Fp%3E%0A'),
 (7,'%3Cp%3EIn%20each%20question%20below%20is%20given%20a%20group%20of%20letters%20followed%20by%20four%20combinations%20of%20digits%2Fsymbols%20number%20(1)%2C%20(2)%2C%20(3)%20and%20(4).%20You%20have%20to%20find%20out%20which%20of%20the%20combinations%20correctly%20represents%20the%20group%20of%20letters%20based%20on%20the%20following%20coding%20system%20and%20the%20conditions%20that%20follow%20and%20mark%20the%20number%20of%20that%20combinations%20as%20your%20answer.%20If%20none%20of%20combinations%20correctly%20represents%20the%20group%20of%20letter%2C%20mark%20(5)%20i.e.%20%26lsquo%3BNone%20of%20these%26rsquo%3B%20as%20your%20answer.%3C%2Fp%3E%0A%0A%3Cp%3E%3Cimg%20alt%3D%22%22%20src%3D%22http%3A%2F%2F43.242.215.132%3A8061%2Fspycisco_spycis_v1%2Fdata%2F1501505241839.png%22%20%2F%3E%3C%2Fp%3E%0A%0A%3Cp%3E%3Cstrong%3E(i)%3C%2Fstrong%3E%20If%20the%20first%20letter%20is%20a%20consonant%20and%20the%20fourth%20latter%20is%20a%20vowel%2C%20both%20are%20to%20be%20coded%20as%20the%20code%20for%20the%20vowel.%3C%2Fp%3E%0A%0A%3Cp%3E%3Cstrong%3E(II)%26nbsp%3B%3C%2Fstrong%3EIf%20the%20second%20latter%20is%20a%20vowel%20and%20the%20last%20letter%20is%20a%20consonant%20both%20are%20to%20be%20coded%20as%20%26nbsp%3B%26delta%3B.%3C%2Fp%3E%0A%0A%3Cp%3E%3Cstrong%3E(iii)%26nbsp%3B%3C%2Fstrong%3EIf%20both%20the%20first%20and%20the%20last%20letters%20are%20consonants%20both%2C%20their%20codes%20are%20to%20be%20interchanged.%3C%2Fp%3E%0A'),
 (8,'%3Cp%3E%E0%A4%A8%E0%A5%80%E0%A4%9A%E0%A5%87%20%E0%A4%AA%E0%A5%8D%E0%A4%B0%E0%A4%A4%E0%A5%8D%E0%A4%AF%E0%A5%87%E0%A4%95%20%E0%A4%AA%E0%A5%8D%E0%A4%B0%E0%A4%B6%E0%A5%8D%E0%A4%A8%20%E0%A4%AE%E0%A5%87%E0%A4%82%20%E0%A4%85%E0%A4%95%E0%A5%8D%E0%A4%B7%E0%A4%B0%E0%A5%8B%E0%A4%82%20%E0%A4%95%E0%A4%BE%20%E0%A4%8F%E0%A4%95%20%E0%A4%B8%E0%A4%AE%E0%A5%82%E0%A4%B9%20%E0%A4%94%E0%A4%B0%20%E0%A4%85%E0%A4%B8%E0%A4%95%E0%A5%87%20%E0%A4%AC%E0%A4%BE%E0%A4%A6%20%E0%A4%85%E0%A4%82%E0%A4%95%E0%A5%8B%E0%A4%82%2F%E0%A4%AA%E0%A5%8D%E0%A4%B0%E0%A4%A4%E0%A5%80%E0%A4%95%E0%A5%8B%E0%A4%82%20%E0%A4%95%E0%A5%87%20%E0%A4%9A%E0%A4%BE%E0%A4%B0%20%E0%A4%B8%E0%A4%82%E0%A4%AF%E0%A5%8B%E0%A4%9C%E0%A4%A8%20(1)%2C%20(2)%2C%20(3)%20%E0%A4%94%E0%A4%B0%20(4)%20%E0%A4%A6%E0%A4%BF%E0%A4%8F%20%E0%A4%97%E0%A4%8F%20%E0%A4%B9%E0%A5%88%E0%A4%82%E0%A5%A4%20%E0%A4%86%E0%A4%AA%E0%A4%95%E0%A5%8B%20%E0%A4%AF%E0%A4%B9%20%E0%A4%AA%E0%A4%A4%E0%A4%BE%20%E0%A4%B2%E0%A4%97%E0%A4%BE%E0%A4%A8%E0%A4%BE%20%E0%A4%B9%E0%A5%88%20%E0%A4%95%E0%A4%BF%20%E0%A4%A8%E0%A4%BF%E0%A4%AE%E0%A5%8D%E0%A4%A8%E0%A4%B2%E0%A4%BF%E0%A4%96%E0%A4%BF%E0%A4%A4%20%E0%A4%95%E0%A5%8B%E0%A4%A1%E0%A4%BF%E0%A4%82%E0%A4%97%20%E0%A4%B8%E0%A4%BF%E0%A4%B8%E0%A5%8D%E0%A4%9F%E0%A4%AE%20%E0%A4%94%E0%A4%B0%20%E0%A4%B6%E0%A4%B0%E0%A5%8D%E0%A4%A4%E0%A5%8B%20%E0%A4%95%E0%A5%87%20%E0%A4%86%E0%A4%A7%E0%A4%BE%E0%A4%B0%20%E0%A4%AA%E0%A4%B0%20%E0%A4%95%E0%A5%8C%E0%A4%A8%20%E0%A4%B8%E0%A4%BE%20%E0%A4%B8%E0%A4%82%E0%A4%AF%E0%A5%8B%E0%A4%9C%E0%A4%A8%20%E0%A4%85%E0%A4%95%E0%A5%8D%E0%A4%B7%E0%A4%B0%E0%A5%8B%20%E0%A4%95%E0%A5%87%20%E0%A4%B8%E0%A4%AE%E0%A5%82%E0%A4%B9%20%E0%A4%95%E0%A4%BE%20%E0%A4%B8%E0%A4%B9%E0%A5%80%20%E0%A4%A8%E0%A4%BF%E0%A4%B0%E0%A5%82%E0%A4%AA%E0%A4%A3%20%E0%A4%B9%E0%A5%88%20%E0%A4%94%E0%A4%B0%20%E0%A4%89%E0%A4%B8%20%E0%A4%B8%E0%A4%82%E0%A4%AF%E0%A5%8B%E0%A4%9C%E0%A4%A8%20%E0%A4%95%E0%A4%BE%20%E0%A4%95%E0%A5%8D%E0%A4%B0%E0%A4%AE%E0%A4%BE%E0%A4%82%E0%A4%95%20%E0%A4%89%E0%A4%A4%E0%A5%8D%E0%A4%A4%E0%A4%B0%20%E0%A4%95%E0%A5%87%20%E0%A4%B0%E0%A5%82%E0%A4%AA%20%E0%A4%AE%E0%A5%87%E0%A4%82%20%E0%A4%A6%E0%A4%B0%E0%A5%8D%E0%A4%B6%E0%A4%BE%E0%A4%A8%E0%A4%BE%20%E0%A4%B9%E0%A5%88%E0%A5%A4%20%E0%A4%AF%E0%A4%A6%E0%A4%BF%20%E0%A4%95%E0%A5%8B%E0%A4%88%20%E0%A4%AD%E0%A5%80%20%E0%A4%B8%E0%A4%82%E0%A4%AF%E0%A5%8B%E0%A4%9C%E0%A4%A8%20%E0%A4%85%E0%A4%95%E0%A5%8D%E0%A4%B7%E0%A4%B0%E0%A5%8B%E0%A4%82%20%E0%A4%95%E0%A5%87%20%E0%A4%B8%E0%A4%AE%E0%A5%82%E0%A4%B9%20%E0%A4%95%E0%A4%BE%20%E0%A4%B8%E0%A4%B9%E0%A5%80%20%E0%A4%A8%E0%A4%BF%E0%A4%B0%E0%A5%82%E0%A4%AA%E0%A4%A3%20%E0%A4%A8%E0%A4%B9%E0%A5%80%E0%A4%82%26nbsp%3B%20%E0%A4%95%E0%A4%B0%E0%A4%A4%E0%A4%BE%20%E0%A4%B9%E0%A5%88%20%E0%A4%A4%E0%A5%8B%20%E0%A4%89%E0%A4%A4%E0%A5%8D%E0%A4%A4%E0%A4%B0%20(5)%20%E0%A4%85%E0%A4%B0%E0%A5%8D%E0%A4%A5%E0%A4%BE%E0%A4%A4%E0%A5%8D%20%26rsquo%3B%E0%A4%87%E0%A4%A8%E0%A4%AE%E0%A5%87%E0%A4%82%20%E0%A4%B8%E0%A5%87%20%E0%A4%95%E0%A5%8B%E0%A4%88%20%E0%A4%A8%E0%A4%B9%E0%A5%80%26rsquo%3B%20%E0%A4%A6%E0%A5%80%E0%A4%9C%E0%A4%BF%E0%A4%8F%E0%A5%A4%3C%2Fp%3E%0A%0A%3Cp%3E%3Cimg%20alt%3D%22%22%20src%3D%22http%3A%2F%2F43.242.215.132%3A8061%2Fspycisco_spycis_v1%2Fdata%2F1501508539065.png%22%20%2F%3E%3C%2Fp%3E%0A%0A%3Cul%3E%0A%09%3Cli%3E%3Cstrong%3E%E0%A4%B6%E0%A4%B0%E0%A5%8D%E0%A4%A4%E0%A5%87%E0%A4%83%3C%2Fstrong%3E%3C%2Fli%3E%0A%3C%2Ful%3E%0A%0A%3Col%3E%0A%09%3Cli%3E%E0%A4%AA%E0%A4%B9%E0%A4%B2%E0%A4%BE%20%E0%A4%85%E0%A4%95%E0%A5%8D%E0%A4%B7%E0%A4%B0%20%E0%A4%8F%E0%A4%95%20%E0%A4%B5%E0%A5%8D%E0%A4%AF%E0%A4%82%E0%A4%9C%E0%A4%A8%20%E0%A4%B9%E0%A5%88%20%E0%A4%94%E0%A4%B0%20%E0%A4%9A%E0%A5%88%E0%A4%A5%E0%A4%BE%20%E0%A4%85%E0%A4%95%E0%A5%8D%E0%A4%B7%E0%A4%B0%20%E0%A4%8F%E0%A4%95%20%E0%A4%B8%E0%A5%8D%E0%A4%B5%E0%A4%B0%20%E0%A4%B9%E0%A5%88%2C%20%E0%A4%A4%E0%A5%8B%20%E0%A4%A6%E0%A5%8B%E0%A4%A8%E0%A5%8B%E0%A4%82%20%E0%A4%95%E0%A5%8B%20%E0%A4%B8%E0%A5%8D%E0%A4%B5%E0%A4%B0%20%E0%A4%95%E0%A5%87%20%E0%A4%95%E0%A5%8B%E0%A4%A1%20%E0%A4%B8%E0%A5%87%20%E0%A4%95%E0%A5%8B%E0%A4%A1%20%E0%A4%95%E0%A4%B0%E0%A4%A8%E0%A4%BE%20%E0%A4%B9%E0%A5%88%E0%A5%A4%3C%2Fli%3E%0A%09%3Cli%3E%E0%A4%A6%E0%A5%82%E0%A4%B8%E0%A4%B0%E0%A4%BE%20%E0%A4%85%E0%A4%95%E0%A5%8D%E0%A4%B7%E0%A4%B0%20%E0%A4%8F%E0%A4%95%20%E0%A4%B8%E0%A5%8D%E0%A4%B5%E0%A4%B0%20%E0%A4%94%E0%A4%B0%20%E0%A4%85%E0%A4%82%E0%A4%A4%E0%A4%BF%E0%A4%AE%20%E0%A4%85%E0%A4%95%E0%A5%8D%E0%A4%B7%E0%A4%B0%20%E0%A4%8F%E0%A4%95%20%E0%A4%B5%E0%A5%8D%E0%A4%AF%E0%A4%82%E0%A4%9C%E0%A4%A8%20%E0%A4%B9%E0%A5%88%20%E0%A4%A4%E0%A5%8B%20%E0%A4%A6%E0%A5%8B%E0%A4%A8%E0%A5%8B%E0%A4%82%20%E0%A4%95%E0%A5%8B%20%E0%A4%AC%E0%A4%A4%E0%A5%8C%E0%A4%B0%20%26delta%3B%20%E0%A4%95%E0%A5%8B%E0%A4%A1%20%E0%A4%95%E0%A4%B0%E0%A4%A8%E0%A4%BE%20%E0%A4%B9%E0%A5%88%E0%A5%A4%3C%2Fli%3E%0A%09%3Cli%3E%E0%A4%AA%E0%A4%B9%E0%A4%B2%E0%A4%BE%20%E0%A4%94%E0%A4%B0%20%E0%A4%85%E0%A4%82%E0%A4%A4%E0%A4%BF%E0%A4%AE%20%E0%A4%85%E0%A4%95%E0%A5%8D%E0%A4%B7%E0%A4%B0%20%E0%A4%A6%E0%A5%8B%E0%A4%A8%E0%A5%8B%E0%A4%82%20%E0%A4%B5%E0%A5%8D%E0%A4%AF%E0%A4%82%E0%A4%9C%E0%A4%A8%20%E0%A4%B9%E0%A5%88%E0%A4%82%20%E0%A4%A4%E0%A5%8B%20%E0%A4%A6%E0%A5%8B%E0%A4%A8%E0%A5%8B%E0%A4%82%20%E0%A4%95%E0%A5%87%20%E0%A4%95%E0%A5%8B%E0%A4%A1%20%E0%A4%AA%E0%A4%B0%E0%A4%B8%E0%A5%8D%E0%A4%AA%E0%A4%B0%20%E0%A4%AC%E0%A4%A6%E0%A4%B2%20%E0%A4%A6%E0%A5%87%E0%A4%A8%E0%A5%87%20%E0%A4%B9%E0%A5%88%E0%A4%82%E0%A5%A4%3C%2Fli%3E%0A%3C%2Fol%3E%0A%0A%3Cp%3E%26nbsp%3B%3C%2Fp%3E%0A'),
 (9,'%3Cp%3EIn%20the%20following%20question%2C%20the%20symbols%20%40%2C%20%26copy%3B%2C%20%25%2C%20%24%20and%20%26sup1%3B%20are%20used%20with%20the%20following%20meanings%20as%20illustrated%20below%3A%3C%2Fp%3E%0A%0A%3Cp%3E%26lsquo%3BP%20%26copy%3B%20Q%26rsquo%3B%20means%20%26lsquo%3BP%20is%20not%20greater%20than%20Q%26rsquo%3B.%3C%2Fp%3E%0A%0A%3Cp%3E%26lsquo%3BP%26nbsp%3B*%26nbsp%3BQ%26rsquo%3B%20means%20%26lsquo%3BP%20is%20not%20smaller%20than%20Q%26rsquo%3B.%3C%2Fp%3E%0A%0A%3Cp%3EP%20%25%20Q%26rsquo%3B%20means%20%26lsquo%3BP%20is%20neither%20greater%20than%20nor%20equal%20to%20Q%26rsquo%3B.%3C%2Fp%3E%0A%0A%3Cp%3E%26lsquo%3BP%20%24%20Q%26rsquo%3B%20means%20%26lsquo%3BP%20is%20neither%20smaller%20than%20nor%20smaller%20than%20nor%20equal%20to%20Q%26rsquo%3B.%3C%2Fp%3E%0A%0A%3Cp%3E%26lsquo%3BP%20%40%20Q%26rsquo%3B%20means%20%26lsquo%3BP%20is%20neither%20greater%20than%20nor%20smaller%20than%20Q%26rsquo%3B.%3C%2Fp%3E%0A%0A%3Cp%3EIn%20each%20of%20the%20following%20questions%20assuming%20the%20given%20statements%20to%20be%20true%2C%20find%20out%20which%20of%20the%20three%20conclusions%20I%2C%20II%20and%20III%20given%20below%20them%20is%2Fare%20definitely%20true%3F%3C%2Fp%3E%0A'),
 (10,'%3Cp%3E%E0%A4%A8%E0%A4%BF%E0%A4%AE%E0%A5%8D%E0%A4%A8%E0%A4%B2%E0%A4%BF%E0%A4%96%E0%A4%BF%E0%A4%A4%20%E0%A4%AA%E0%A5%8D%E0%A4%B0%E0%A4%B6%E0%A4%A8%E0%A5%8B%20%E0%A4%AE%E0%A5%87%E0%A4%82%20%E0%A4%AA%E0%A5%8D%E0%A4%B0%E0%A4%A4%E0%A5%80%E0%A4%95%20%40%2C%20%26copy%3B%2C%20%25%2C%20%24%20%E0%A4%94%E0%A4%B0%20%E2%98%85%20%E0%A4%95%E0%A5%8B%20%E0%A4%A8%E0%A4%BF%E0%A4%AE%E0%A5%8D%E0%A4%A8%E0%A4%BE%E0%A4%A8%E0%A5%81%E0%A4%B8%E0%A4%BE%E0%A4%B0%20%E0%A4%85%E0%A4%B0%E0%A5%8D%E0%A4%A5%E0%A5%8B%20%E0%A4%AE%E0%A5%87%E0%A4%82%20%E0%A4%AA%E0%A5%8D%E0%A4%B0%E0%A4%AF%E0%A5%81%E0%A4%95%E0%A5%8D%E0%A4%A4%20%E0%A4%95%E0%A4%BF%E0%A4%AF%E0%A4%BE%20%E0%A4%97%E0%A4%AF%E0%A4%BE%20%E0%A4%B9%E0%A5%88%3A%3C%2Fp%3E%0A%0A%3Cp%3E%26lsquo%3BP%20%26copy%3B%20Q%26rsquo%3B%20%E0%A4%95%E0%A4%BE%20%E0%A4%85%E0%A4%B0%E0%A5%8D%E0%A4%A5%20%E0%A4%B9%E0%A5%88%20%26lsquo%3BP%2C%20Q%20%E0%A4%B8%E0%A5%87%20%E0%A4%AC%E0%A4%A1%E0%A4%BE%20%E0%A4%A8%E0%A4%B9%E0%A5%80%E0%A4%82%20%E0%A4%B9%E0%A5%88%26rsquo%3B%E0%A5%A4%3C%2Fp%3E%0A%0A%3Cp%3E%26lsquo%3BP%20%E2%98%85Q%26rsquo%3B%20%E0%A4%95%E0%A4%BE%20%E0%A4%85%E0%A4%B0%E0%A5%8D%E0%A4%A5%20%E0%A4%B9%E0%A5%88%20%26lsquo%3BP%2C%20Q%20%E0%A4%B8%E0%A5%87%20%E0%A4%9B%E0%A5%8B%E0%A4%9F%E0%A4%BE%20%E0%A4%A8%E0%A4%B9%E0%A5%80%E0%A4%82%20%E0%A4%B9%E0%A5%88%26rsquo%3B%E0%A5%A4%3C%2Fp%3E%0A%0A%3Cp%3E%26lsquo%3BP%20%25%20Q%26rsquo%3B%20%E0%A4%95%E0%A4%BE%20%E0%A4%85%E0%A4%B0%E0%A5%8D%E0%A4%A5%20%E0%A4%B9%E0%A5%88%20%26lsquo%3BP%20%E0%A4%A8%20%E0%A4%A4%E0%A5%8B%20Q%20%E0%A4%B8%E0%A5%87%20%E0%A4%AC%E0%A4%A1%E0%A4%BE%20%E0%A4%94%E0%A4%B0%20%E0%A4%A8%20%E0%A4%B9%E0%A5%80%20%E0%A4%B8%E0%A4%AE%E0%A4%BE%E0%A4%A8%20%E0%A4%B9%E0%A5%88%26rsquo%3B%E0%A5%A4%3C%2Fp%3E%0A%0A%3Cp%3E%26lsquo%3BP%20%24%20Q%26rsquo%3B%20%E0%A4%95%E0%A4%BE%20%E0%A4%85%E0%A4%B0%E0%A5%8D%E0%A4%A5%20%E0%A4%B9%E0%A5%88%20%26lsquo%3BP%20%E0%A4%A8%20%E0%A4%A4%E0%A5%8B%20Q%20%E0%A4%B8%E0%A5%87%20%E0%A4%9B%E0%A5%8B%E0%A4%9F%E0%A4%BE%20%E0%A4%94%E0%A4%B0%20%E0%A4%A8%20%E0%A4%B9%E0%A5%80%20%E0%A4%B8%E0%A4%AE%E0%A4%BE%E0%A4%A8%20%E0%A4%B9%E0%A5%88%26rsquo%3B%E0%A5%A4%3C%2Fp%3E%0A%0A%3Cp%3E%26lsquo%3BP%20%40%20Q%26rsquo%3B%20%E0%A4%95%E0%A4%BE%20%E0%A4%85%E0%A4%B0%E0%A5%8D%E0%A4%A5%20%E0%A4%B9%E0%A5%88%20%26lsquo%3BP%20%E0%A4%A8%20%E0%A4%A4%E0%A5%8B%20Q%20%E0%A4%B8%E0%A5%87%20%E0%A4%AC%E0%A4%A1%E0%A4%BE%20%E0%A4%94%E0%A4%B0%20%E0%A4%A8%20%E0%A4%B9%E0%A5%80%20%E0%A4%9B%E0%A5%8B%E0%A4%9F%E0%A4%BE%20%E0%A4%B9%E0%A5%88%26rsquo%3B%E0%A5%A4%3C%2Fp%3E%0A%0A%3Cp%3E%26nbsp%3B%26nbsp%3B%26nbsp%3B%26nbsp%3B%26nbsp%3B%26nbsp%3B%26nbsp%3B%26nbsp%3B%26nbsp%3B%26nbsp%3B%26nbsp%3B%26nbsp%3B%26nbsp%3B%26nbsp%3B%26nbsp%3B%26nbsp%3B%26nbsp%3B%20%E0%A4%A8%E0%A4%BF%E0%A4%AE%E0%A5%8D%E0%A4%A8%E0%A4%B2%E0%A4%BF%E0%A4%96%E0%A4%BF%E0%A4%A4%20%E0%A4%AA%E0%A5%8D%E0%A4%B0%E0%A4%A4%E0%A5%8D%E0%A4%AF%E0%A5%87%E0%A4%95%20%E0%A4%AA%E0%A5%8D%E0%A4%B0%E0%A4%B6%E0%A5%8D%E0%A4%A8%E0%A5%8D%20%E0%A4%AE%E0%A5%87%E0%A4%82%20%E0%A4%A6%E0%A4%BF%E0%A4%8F%20%E0%A4%97%E0%A4%8F%20%E0%A4%95%E0%A4%A5%E0%A4%A8%E0%A5%8B%E0%A4%82%20%E0%A4%95%E0%A5%8B%20%E0%A4%B8%E0%A4%A4%E0%A5%8D%E0%A4%AF%20%E0%A4%AE%E0%A4%BE%E0%A4%A8%E0%A4%A4%E0%A5%87%20%E0%A4%B9%E0%A5%81%E0%A4%8F%2C%20%E0%A4%AA%E0%A4%A4%E0%A4%BE%20%E0%A4%B2%E0%A4%97%E0%A4%BE%E0%A4%87%E0%A4%8F%20%E0%A4%95%E0%A4%BF%20%E0%A4%89%E0%A4%A8%E0%A4%95%E0%A5%87%20%E0%A4%A8%E0%A5%80%E0%A4%9A%E0%A5%87%20%E0%A4%A6%E0%A4%BF%E0%A4%8F%20%E0%A4%97%E0%A4%8F%20%E0%A4%A4%E0%A5%80%E0%A4%A8%20%E0%A4%A8%E0%A4%BF%E0%A4%B7%E0%A5%8D%E0%A4%95%E0%A4%B0%E0%A5%8D%E0%A4%B7%20I%2C%20II%20%E0%A4%94%E0%A4%B0%20III%20%E0%A4%AE%E0%A5%87%E0%A4%82%20%E0%A4%B8%E0%A5%87%20%E0%A4%95%E0%A5%8C%E0%A4%A8%20%E0%A4%B8%E0%A4%BE%2F%E0%A4%B8%E0%A5%87%20%E0%A4%A8%E0%A4%BF%E0%A4%B6%E0%A5%8D%E0%A4%9A%E0%A4%BF%E0%A4%A4%20%E0%A4%B0%E0%A5%82%E0%A4%AA%20%E0%A4%B8%E0%A5%87%20%E0%A4%B8%E0%A4%A4%E0%A5%8D%E0%A4%AF%20%E0%A4%B9%E0%A5%88%2F%E0%A4%B9%E0%A5%88%3F%3C%2Fp%3E%0A'),
 (11,'%3Cp%3EA%20word%20and%20number%20arrangement%20machine%20when%20given%20an%20input%20line%20of%20words%20and%20numbers%20rearranges%20them%20following%20a%20particular%20rule%20in%20each%20step.%20The%20following%20is%20an%20illustration%20of%20an%20input%20and%20rearrangement.%3C%2Fp%3E%0A%0A%3Cp%3E%3Cstrong%3EInput%20%26nbsp%3B%20%26nbsp%3B%20%3A%3C%2Fstrong%3E%26nbsp%3B%2017%20put%20show%20on%2039%2027%2085%20gold%3C%2Fp%3E%0A%0A%3Cp%3E%3Cstrong%3EStep%26nbsp%3B%26nbsp%3B%20I%20%3A%3C%2Fstrong%3E%26nbsp%3B%26nbsp%3Bshow%2017%20put%20on%2039%2027%2085%20gold%3C%2Fp%3E%0A%0A%3Cp%3E%3Cstrong%3EStep%26nbsp%3B%20II%20%3A%3C%2Fstrong%3E%26nbsp%3B%26nbsp%3B%20show%2085%2017%20put%20on%2039%2027%20gold%3C%2Fp%3E%0A%0A%3Cp%3E%3Cstrong%3EStep%20III%20%3A%3C%2Fstrong%3E%26nbsp%3B%26nbsp%3B%20show%2085%20put%2017%20on%2039%2027%20gold%3C%2Fp%3E%0A%0A%3Cp%3E%3Cstrong%3EStep%20IV%20%3A%3C%2Fstrong%3E%26nbsp%3B%26nbsp%3B%20show%2085%20put%2039%26nbsp%3B%2017%20on%2027%20gold%3C%2Fp%3E%0A%0A%3Cp%3E%3Cstrong%3EStep%20V%20%3A%3C%2Fstrong%3E%26nbsp%3B%26nbsp%3B%26nbsp%3B%20show%2085%20put%2039%20on%2017%2027%20gold%3C%2Fp%3E%0A%0A%3Cp%3E%3Cstrong%3EStep%20VI%20%3A%3C%2Fstrong%3Eshow%2085%20put%2039%20on%2027%2017%20gold%3C%2Fp%3E%0A%0A%3Cp%3E%3Cstrong%3EStep%20VII%20%3A%3C%2Fstrong%3E%26nbsp%3B%20show%2085%20put%2039%20on%2027%20gold%2017%3C%2Fp%3E%0A%0A%3Cp%3Eand%20step%20VII%20is%20the%20last%20step%20of%20the%20rearrangement%20of%20the%20above%20input.%3C%2Fp%3E%0A%0A%3Cp%3EAs%20per%20the%20rules%20following%20in%20the%20above%20steps%2C%20find%20out%20in%20each%20of%20the%20following%20questions%20the%20appropriate%20step%20for%20the%20given%20input.%3C%2Fp%3E%0A'),
 (12,'%3Cp%3E%E0%A4%8F%E0%A4%95%20%E0%A4%B6%E0%A4%AC%E0%A5%8D%E0%A4%A6%20%E0%A4%94%E0%A4%B0%20%E0%A4%B8%E0%A4%82%E0%A4%96%E0%A5%8D%E0%A4%AF%E0%A4%BE%20%E0%A4%B5%E0%A5%8D%E0%A4%AF%E0%A4%B5%E0%A4%B8%E0%A5%8D%E0%A4%A5%E0%A4%BE%20%E0%A4%AE%E0%A4%B6%E0%A5%80%E0%A4%A8%20%E0%A4%95%E0%A5%8B%20%E0%A4%B6%E0%A4%AC%E0%A5%8D%E0%A4%A6%E0%A5%8B%E0%A4%82%20%E0%A4%94%E0%A4%B0%20%E0%A4%B8%E0%A4%82%E0%A4%96%E0%A5%8D%E0%A4%AF%E0%A4%BE%E0%A4%93%E0%A4%82%20%E0%A4%95%E0%A5%80%20%E0%A4%87%E0%A4%A8%E0%A4%AA%E0%A5%81%E0%A4%9F%20%E0%A4%B2%E0%A4%BE%E0%A4%87%E0%A4%A8%20%E0%A4%A6%E0%A5%87%E0%A4%A8%E0%A5%87%20%E0%A4%AA%E0%A4%B0%20%E0%A4%B5%E0%A4%B9%20%E0%A4%AA%E0%A5%8D%E0%A4%B0%E0%A4%A4%E0%A5%8D%E0%A4%AF%E0%A5%87%E0%A4%95%20%E0%A4%9A%E0%A4%B0%E0%A4%A3%20%E0%A4%AE%E0%A5%87%20%E0%A4%8F%E0%A4%95%20%E0%A4%B5%E0%A4%BF%E0%A4%B6%E0%A5%87%E0%A4%B7%20%E0%A4%A8%E0%A4%BF%E0%A4%AF%E0%A4%AE%20%E0%A4%95%E0%A4%BE%20%E0%A4%AA%E0%A4%BE%E0%A4%B2%E0%A4%A8%20%E0%A4%95%E0%A4%B0%E0%A4%A4%E0%A5%87%20%E0%A4%B9%E0%A5%81%E0%A4%8F%20%E0%A4%89%E0%A4%B8%E0%A5%87%20%E0%A4%AA%E0%A5%81%E0%A4%A8%E0%A4%B5%E0%A5%8D%E0%A4%B0%E0%A5%8D%E0%A4%AF%E0%A4%B5%E0%A4%B8%E0%A5%8D%E0%A4%A5%E0%A4%BF%E0%A4%A4%20%E0%A4%95%E0%A4%B0%E0%A4%A4%E0%A4%BE%20%E0%A4%B9%E0%A5%88%E0%A5%A4%20%E0%A4%87%E0%A4%A8%E0%A4%AA%E0%A5%81%E0%A4%9F%20%E0%A4%94%E0%A4%B0%20%E0%A4%AA%E0%A5%81%E0%A4%A8%E0%A4%B5%E0%A5%8D%E0%A4%B0%E0%A5%8D%E0%A4%AF%E0%A4%B5%E0%A4%B8%E0%A5%8D%E0%A4%A5%E0%A4%BE%20%E0%A4%95%E0%A4%BE%20%E0%A4%8F%E0%A4%95%20%E0%A4%89%E0%A4%A6%E0%A4%BE%E0%A4%B9%E0%A4%B0%E0%A4%A3%20%E0%A4%A8%E0%A5%80%E0%A4%9A%E0%A5%87%20%E0%A4%A6%E0%A4%BF%E0%A4%AF%E0%A4%BE%20%E0%A4%97%E0%A4%AF%E0%A4%BE%20%E0%A4%B9%E0%A5%88%E0%A5%A4%3C%2Fp%3E%0A%0A%3Cp%3E%E0%A4%87%E0%A4%A8%E0%A4%AA%E0%A5%81%E0%A4%9F%20%26nbsp%3B%20%26nbsp%3B%3A%20%26nbsp%3B17%20put%20show%20on%2039%2027%2085%20gold%3C%2Fp%3E%0A%0A%3Cp%3E%E0%A4%9A%E0%A4%B0%E0%A4%A3%20%26nbsp%3BI%20%26nbsp%3B%3A%20%26nbsp%3B%20show%2017%20put%20on%2039%2027%2085%20gold%3C%2Fp%3E%0A%0A%3Cp%3E%E0%A4%9A%E0%A4%B0%E0%A4%A3%20II%20%26nbsp%3B%3A%20%26nbsp%3B%20show%2085%2017%20put%20on%2039%2027%20gold%3C%2Fp%3E%0A%0A%3Cp%3E%E0%A4%9A%E0%A4%B0%E0%A4%A3%20III%20%26nbsp%3B%3A%20%26nbsp%3Bshow%2085%20put%2017%20on%2039%2027%20gold%3C%2Fp%3E%0A%0A%3Cp%3E%E0%A4%9A%E0%A4%B0%E0%A4%A3%20IV%20%3A%20%26nbsp%3Bshow%2085%20put%2039%20%26nbsp%3B17%20on%2027%20gold%3C%2Fp%3E%0A%0A%3Cp%3E%E0%A4%9A%E0%A4%B0%E0%A4%A3%20V%20%3A%20%26nbsp%3B%20%26nbsp%3Bshow%2085%20put%2039%20on%2017%2027%20gold%3C%2Fp%3E%0A%0A%3Cp%3E%E0%A4%9A%E0%A4%B0%E0%A4%A3%20VI%20%3A%20%26nbsp%3Bshow%2085%20put%2039%20on%2027%2017%20gold%3C%2Fp%3E%0A%0A%3Cp%3E%E0%A4%9A%E0%A4%B0%E0%A4%A3%20VII%20%3A%20%26nbsp%3Bshow%2085%20put%2039%20on%2027%20gold%2017%3C%2Fp%3E%0A%0A%3Cp%3E%E0%A4%94%E0%A4%B0%20%E0%A4%9A%E0%A4%B0%E0%A4%A3%20VII%20%E0%A4%89%E0%A4%AA%E0%A4%B0%E0%A5%8B%E0%A4%95%E0%A5%8D%E0%A4%A4%20%E0%A4%87%E0%A4%A8%E0%A4%AA%E0%A5%81%E0%A4%9F%20%E0%A4%95%E0%A5%80%20%E0%A4%AA%E0%A5%81%E0%A4%A8%E0%A4%B5%E0%A5%8D%E0%A4%B0%E0%A5%8D%E0%A4%AF%E0%A4%B5%E0%A4%B8%E0%A5%8D%E0%A4%A5%E0%A4%BE%20%E0%A4%95%E0%A4%BE%20%E0%A4%85%E0%A4%82%E0%A4%A4%E0%A4%BF%E0%A4%AE%20%E0%A4%9A%E0%A4%B0%E0%A4%A3%20%E0%A4%B9%E0%A5%88%E0%A5%A4%3C%2Fp%3E%0A%0A%3Cp%3E%26nbsp%3B%26nbsp%3B%26nbsp%3B%26nbsp%3B%26nbsp%3B%26nbsp%3B%26nbsp%3B%26nbsp%3B%20%E0%A4%89%E0%A4%AA%E0%A4%B0%E0%A5%8B%E0%A4%95%E0%A5%8D%E0%A4%A4%20%E0%A4%9A%E0%A4%B0%E0%A4%A3%E0%A5%8B%E0%A4%82%20%E0%A4%AE%E0%A5%87%E0%A4%82%20%E0%A4%85%E0%A4%A8%E0%A5%81%E0%A4%B8%E0%A4%B0%E0%A4%BF%E0%A4%A4%20%E0%A4%A8%E0%A4%BF%E0%A4%AF%E0%A4%AE%E0%A5%87%E0%A4%82%20%E0%A4%95%E0%A5%87%20%E0%A4%85%E0%A4%A8%E0%A5%81%E0%A4%B8%E0%A4%BE%E0%A4%B0%2C%20%E0%A4%A8%E0%A5%80%E0%A4%9A%E0%A5%87%20%E0%A4%A6%E0%A4%BF%E0%A4%8F%20%E0%A4%97%E0%A4%8F%20%E0%A4%AA%E0%A5%8D%E0%A4%B0%E0%A4%A4%E0%A5%8D%E0%A4%AF%E0%A5%87%E0%A4%95%20%E0%A4%AA%E0%A5%8D%E0%A4%B0%E0%A4%B6%E0%A5%8D%E0%A4%A8%E0%A5%8D%20%E0%A4%AE%E0%A5%87%E0%A4%82%20%E0%A4%A6%E0%A4%BF%E0%A4%8F%20%E0%A4%97%E0%A4%8F%20%E0%A4%87%E0%A4%A8%E0%A4%AA%E0%A5%81%E0%A4%9F%20%E0%A4%95%E0%A5%87%20%E0%A4%B2%E0%A4%BF%E0%A4%8F%20%E0%A4%89%E0%A4%AA%E0%A4%AF%E0%A5%81%E0%A4%95%E0%A5%8D%E0%A4%A4%20%E0%A4%9A%E0%A4%B0%E0%A4%A3%20%E0%A4%95%E0%A4%BE%20%E0%A4%AA%E0%A4%A4%E0%A4%BE%20%E0%A4%B2%E0%A4%97%E0%A4%BE%E0%A4%87%E0%A4%8F%E0%A5%A4%3C%2Fp%3E%0A'),
 (13,'%3Cp%3E%26nbsp%3BStudy%20the%20following%20information%20carefully%20and%20answer%20the%20questions%20given%20below%3A%3C%2Fp%3E%0A%0A%3Cp%3EA%2C%20B%2C%20C%2C%20D%2C%20E%2C%20F%2C%20G%2C%20and%20H%20are%20sitting%20around%20a%20circle%20facing%20the%20center.%20B%20is%20second%20to%20the%20right%20of%20D%20who%20is%20third%20to%20the%20right%20of%20F.%20C%20is%20second%20to%20the%20left%20of%20A%20who%20is%20second%20to%20the%20left%20of%20F.%20G%20is%20third%20to%20the%20right%20of%20E.%3C%2Fp%3E%0A'),
 (14,'%3Cp%3E%E0%A4%A8%E0%A4%BF%E0%A4%AE%E0%A5%8D%E0%A4%A8%E0%A4%B2%E0%A4%BF%E0%A4%96%E0%A4%BF%E0%A4%A4%20%E0%A4%9C%E0%A4%BE%E0%A4%A8%E0%A4%95%E0%A4%BE%E0%A4%B0%E0%A5%80%20%E0%A4%95%E0%A5%8B%20%E0%A4%A7%E0%A5%8D%E0%A4%AF%E0%A4%BE%E0%A4%A8%20%E0%A4%B8%E0%A5%87%20%E0%A4%AA%E0%A4%A2%E0%A4%BF%E0%A4%8F%20%E0%A4%94%E0%A4%B0%20%E0%A4%A8%E0%A5%80%E0%A4%9A%E0%A5%87%20%E0%A4%A6%E0%A4%BF%E0%A4%8F%20%E0%A4%97%E0%A4%8F%20%E0%A4%AA%E0%A5%8D%E0%A4%B0%E0%A4%B6%E0%A5%8D%E0%A4%A8%E0%A5%8B%20%E0%A4%95%E0%A5%87%20%E0%A4%89%E0%A4%A4%E0%A5%8D%E0%A4%A4%E0%A4%B0%20%E0%A4%A6%E0%A5%80%E0%A4%9C%E0%A4%BF%E0%A4%8F%E0%A4%83%3C%2Fp%3E%0A%0A%3Cp%3E%26nbsp%3B%26nbsp%3B%26nbsp%3B%26nbsp%3B%26nbsp%3B%26nbsp%3B%26nbsp%3B%26nbsp%3B%26nbsp%3B%20A%2C%20B%2C%20C%2C%20D%2C%20E%2C%20F%2C%20G%20%E0%A4%94%E0%A4%B0%20H%20%E0%A4%95%E0%A5%87%E0%A4%A8%E0%A5%8D%E0%A4%A6%E0%A5%8D%E0%A4%B0%20%E0%A4%95%E0%A5%80%20%E0%A4%93%E0%A4%B0%20%E0%A4%AE%E0%A5%81%E0%A4%82%E0%A4%B9%20%E0%A4%95%E0%A4%B0%E0%A4%95%E0%A5%87%20%E0%A4%8F%E0%A4%95%20%E0%A4%B5%E0%A5%83%E0%A4%A4%20%E0%A4%95%E0%A5%87%20%E0%A4%97%E0%A4%BF%E0%A4%B0%E0%A5%8D%E0%A4%A6%20%E0%A4%AC%E0%A5%88%E0%A4%A0%E0%A5%87%20%E0%A4%B9%E0%A5%88%E0%A4%82%E0%A5%A4%20B%2C%20D%20%E0%A4%95%E0%A5%87%20%E0%A4%A6%E0%A4%BE%E0%A4%8F%E0%A4%81%20%E0%A4%A6%E0%A5%82%E0%A4%B8%E0%A4%B0%E0%A4%BE%20%E0%A4%B9%E0%A5%88%2C%20%E0%A4%9C%E0%A5%8B%20F%20%E0%A4%95%E0%A5%87%20%E0%A4%A6%E0%A4%BE%E0%A4%8F%E0%A4%81%20%E0%A4%95%E0%A5%8B%20%E0%A4%A4%E0%A5%80%E0%A4%B8%E0%A4%B0%E0%A4%BE%20%E0%A4%B9%E0%A5%88%E0%A5%A4%20C%2C%20A%20%E0%A4%95%E0%A5%87%20%E0%A4%AC%E0%A4%BE%E0%A4%8F%E0%A4%81%20%E0%A4%95%E0%A5%8B%20%E0%A4%A6%E0%A5%82%E0%A4%B8%E0%A4%B0%E0%A4%BE%20%E0%A4%B9%E0%A5%88%20%E0%A4%9C%E0%A5%8B%20F%20%E0%A4%95%E0%A5%87%20%E0%A4%AC%E0%A4%BE%E0%A4%8F%E0%A4%81%20%E0%A4%95%E0%A5%8B%20%E0%A4%A6%E0%A5%82%E0%A4%B8%E0%A4%B0%E0%A4%BE%20%E0%A4%B9%E0%A5%88%E0%A5%A4%20G%2C%20E%20%E0%A4%95%E0%A5%87%20%E0%A4%A6%E0%A4%BE%E0%A4%8F%E0%A4%81%20%E0%A4%95%E0%A5%8B%20%E0%A4%A4%E0%A5%80%E0%A4%B8%E0%A4%B0%E0%A4%BE%20%E0%A4%B9%E0%A5%88%E0%A5%A4%3C%2Fp%3E%0A'),
 (15,'%3Cp%3E%3Cstrong%3E%26nbsp%3B%3C%2Fstrong%3EIn%20each%20question%20below%2C%20a%20number%20series%20is%20given%20in%20which%20one%20number%20is%20%3Cstrong%3Ewrong%3C%2Fstrong%3E.%20Find%20out%20the%20%3Cstrong%3Ewrong%3C%2Fstrong%3E%20number.%3C%2Fp%3E%0A'),
 (16,'%3Cp%3E%E0%A4%A8%E0%A4%BF%E0%A4%AE%E0%A5%8D%E0%A4%A8%E0%A4%B2%E0%A4%BF%E0%A4%96%E0%A4%BF%E0%A4%A4%20%E0%A4%AA%E0%A5%8D%E0%A4%B0%E0%A4%A4%E0%A5%8D%E0%A4%AF%E0%A5%87%E0%A4%95%20%E0%A4%AA%E0%A5%8D%E0%A4%B0%E0%A4%B6%E0%A5%8D%E0%A4%A8%20%E0%A4%AE%E0%A5%87%E0%A4%82%20%E0%A4%8F%E0%A4%95%20%E0%A4%B8%E0%A4%82%E0%A4%96%E0%A5%8D%E0%A4%AF%E0%A4%BE%20%E0%A4%B6%E0%A4%82%E0%A4%96%E0%A4%B2%E0%A4%BE%20%E0%A4%A6%E0%A5%80%20%E0%A4%97%E0%A4%88%26nbsp%3B%20%E0%A4%B9%E0%A5%88%E0%A5%A4%20%E0%A4%87%E0%A4%B8%E0%A4%AE%E0%A5%87%20%E0%A4%8F%E0%A4%95%20%E0%A4%B8%E0%A4%82%E0%A4%96%E0%A5%8D%E0%A4%AF%E0%A4%BE%20%E0%A4%97%E0%A4%B2%E0%A4%A4%20%E0%A4%B9%E0%A5%88%E0%A5%A4%20%E0%A4%97%E0%A4%B2%E0%A4%A4%20%E0%A4%B8%E0%A4%82%E0%A4%96%E0%A5%8D%E0%A4%AF%E0%A4%BE%20%E0%A4%95%E0%A4%BE%20%E0%A4%AA%E0%A4%A4%E0%A4%BE%20%E0%A4%B2%E0%A4%97%E0%A4%BE%E0%A4%87%E0%A4%8F%E0%A5%A4%3C%2Fp%3E%0A'),
 (17,'%3Cp%3EEach%20of%20the%20questions%20below%20consists%20of%20a%20question%20and%20two%20statements%20numbered%20I%20and%20II%20given%20below%20it.%20You%20have%20to%20decide%20whether%20the%20data%20provided%20in%20the%20statements%20are%20sufficient%20to%20answer%20the%20question.%20Read%20both%20the%20statements%20and%3C%2Fp%3E%0A%0A%3Cp%3E%3Cstrong%3EGive%20answer%20(1)%3C%2Fstrong%3E%20if%20the%20data%20in%20Statement%20I%20alone%20are%20sufficient%20to%20answer%20the%20question%2C%20while%20the%20data%20in%20Statement%20II%20alone%20are%20not%20sufficient%20to%20answer%20the%20question.%3C%2Fp%3E%0A%0A%3Cp%3E%3Cstrong%3EGive%20answer%20(2)%3C%2Fstrong%3E%20if%20the%20data%20in%20Statement%20II%20alone%20are%20sufficient%20to%20answer%20the%20question%2C%20while%20the%20data%20in%20Statement%20I%20alone%20are%20not%20sufficient%20to%20answer%20the%20question.%3C%2Fp%3E%0A%0A%3Cp%3E%3Cstrong%3EGive%20answer%20(3)%20%3C%2Fstrong%3Eif%20the%20data%20in%20Statement%20I%20alone%20or%20in%20Statement%20II%20alone%20are%20sufficient%20to%20answer%20the%20question.%3C%2Fp%3E%0A%0A%3Cp%3E%3Cstrong%3EGive%20answer%20(4)%20%3C%2Fstrong%3Eif%20the%20data%20in%20both%20the%20Statements%20I%20and%20II%20are%20not%20sufficient%20to%20answer%20the%20question.%3C%2Fp%3E%0A%0A%3Cp%3E%3Cstrong%3EGive%20answer%20(5)%20%3C%2Fstrong%3Eif%20the%20data%20in%20both%20the%20Statements%20I%20and%20II%20together%20are%20necessary%20to%20answer%20the%20question%3C%2Fp%3E%0A'),
 (18,'%3Cp%3E%E0%A4%A8%E0%A5%80%E0%A4%9A%E0%A5%87%20%E0%A4%A6%E0%A4%BF%E0%A4%8F%20%E0%A4%97%E0%A4%8F%20%E0%A4%AA%E0%A5%8D%E0%A4%B0%E0%A4%A4%E0%A5%8D%E0%A4%AF%E0%A5%87%E0%A4%95%20%E0%A4%AA%E0%A5%8D%E0%A4%B0%E0%A4%B6%E0%A5%8D%E0%A4%A8%20%E0%A4%AE%E0%A5%87%E0%A4%82%20%E0%A4%8F%E0%A4%95%20%E0%A4%AA%E0%A5%8D%E0%A4%B0%E0%A4%B6%E0%A5%8D%E0%A4%A8%20%E0%A4%94%E0%A4%B0%20%E0%A4%89%E0%A4%B8%E0%A4%95%E0%A5%87%20%E0%A4%A8%E0%A5%80%E0%A4%9A%E0%A5%87%20%E0%A4%A6%E0%A5%8B%20%E0%A4%95%E0%A4%A5%E0%A4%A8%20I%20%E0%A4%94%E0%A4%B0%20II%20%E0%A4%A6%E0%A4%BF%E0%A4%8F%20%E0%A4%B9%E0%A5%88%E0%A4%82%E0%A5%A4%20%E0%A4%86%E0%A4%AA%E0%A4%95%E0%A5%8B%20%E0%A4%AF%E0%A4%B9%20%E0%A4%A4%E0%A4%AF%20%E0%A4%95%E0%A4%B0%E0%A4%A8%E0%A4%BE%20%E0%A4%B9%E0%A5%88%20%E0%A4%95%E0%A4%BF%20%E0%A4%95%E0%A4%A5%E0%A4%A8%E0%A5%8B%E0%A4%82%20%E0%A4%AE%E0%A5%87%E0%A4%82%20%E0%A4%A6%E0%A4%BF%E0%A4%AF%E0%A4%BE%20%E0%A4%97%E0%A4%AF%E0%A4%BE%20%E0%A4%A1%E0%A4%BE%E0%A4%9F%E0%A4%BE%20%E0%A4%AA%E0%A5%8D%E0%A4%B0%E0%A4%B6%E0%A5%8D%E0%A4%A8%20%E0%A4%95%E0%A4%BE%20%E0%A4%89%E0%A4%A4%E0%A5%8D%E0%A4%A4%E0%A4%B0%20%E0%A4%A6%E0%A5%87%E0%A4%A8%E0%A5%87%20%E0%A4%95%E0%A5%87%20%E0%A4%B2%E0%A4%BF%E0%A4%8F%20%E0%A4%AA%E0%A4%B0%E0%A5%8D%E0%A4%AF%E0%A4%BE%E0%A4%AA%E0%A5%8D%E0%A4%A4%20%E0%A4%B9%E0%A5%88%20%E0%A4%AF%E0%A4%BE%20%E0%A4%A8%E0%A4%B9%E0%A5%80%E0%A4%82%E0%A5%A4%20%E0%A4%A6%E0%A5%8B%E0%A4%A8%E0%A5%8B%E0%A4%82%20%E0%A4%95%E0%A4%A5%E0%A4%A8%E0%A5%8B%E0%A4%82%20%E0%A4%95%E0%A5%8B%20%E0%A4%AA%E0%A4%A2%E0%A4%BF%E0%A4%8F%20%E0%A4%94%E0%A4%B0%3C%2Fp%3E%0A%0A%3Cp%3E%3Cstrong%3E%E0%A4%89%E0%A4%A4%E0%A5%8D%E0%A4%A4%E0%A4%B0%20(%3C%2Fstrong%3E%3Cstrong%3E1)%20%3C%2Fstrong%3E%3Cstrong%3E%E0%A4%A6%E0%A5%80%E0%A4%9C%E0%A4%BF%E0%A4%8F%3C%2Fstrong%3E%20%E0%A4%AF%E0%A4%A6%E0%A4%BF%20%E0%A4%95%E0%A5%87%E0%A4%B5%E0%A4%B2%20%E0%A4%95%E0%A4%A5%E0%A4%A8%20I%20%E0%A4%AE%E0%A5%87%E0%A4%82%20%E0%A4%A6%E0%A4%BF%E0%A4%AF%E0%A4%BE%20%E0%A4%97%E0%A4%AF%E0%A4%BE%20%E0%A4%A1%E0%A4%BE%E0%A4%9F%E0%A4%BE%20%E0%A4%AA%E0%A5%8D%E0%A4%B0%E0%A4%B6%E0%A5%8D%E0%A4%A8%20%E0%A4%95%E0%A4%BE%20%E0%A4%89%E0%A4%A4%E0%A5%8D%E0%A4%A4%E0%A4%B0%20%E0%A4%A6%E0%A5%87%E0%A4%A8%E0%A5%87%20%E0%A4%95%E0%A5%87%20%E0%A4%B2%E0%A4%BF%E0%A4%8F%20%E0%A4%AA%E0%A4%B0%E0%A5%8D%E0%A4%AF%E0%A4%BE%E0%A4%AA%E0%A5%8D%E0%A4%A4%20%E0%A4%B9%E0%A5%88%2C%20%E0%A4%9C%E0%A4%AC%E0%A4%95%E0%A4%BF%20%E0%A4%95%E0%A5%87%E0%A4%B5%E0%A4%B2%20%E0%A4%95%E0%A4%A5%E0%A4%A8%20II%20%E0%A4%AE%E0%A5%87%E0%A4%82%20%E0%A4%A6%E0%A4%BF%E0%A4%AF%E0%A4%BE%20%E0%A4%97%E0%A4%AF%E0%A4%BE%20%E0%A4%A1%E0%A4%BE%E0%A4%9F%E0%A4%BE%20%E0%A4%AA%E0%A5%8D%E0%A4%B0%E0%A4%B6%E0%A5%8D%E0%A4%A8%20%E0%A4%95%E0%A4%BE%20%E0%A4%89%E0%A4%A4%E0%A5%8D%E0%A4%A4%E0%A4%B0%20%E0%A4%A6%E0%A5%87%E0%A4%A8%E0%A5%87%20%E0%A4%95%E0%A5%87%20%E0%A4%B2%E0%A4%BF%E0%A4%8F%20%E0%A4%AA%E0%A4%B0%E0%A5%8D%E0%A4%AF%E0%A4%BE%E0%A4%AA%E0%A5%8D%E0%A4%A4%20%E0%A4%A8%E0%A4%B9%E0%A5%80%E0%A4%82%20%E0%A4%B9%E0%A5%88%E0%A5%A4%3C%2Fp%3E%0A%0A%3Cp%3E%3Cstrong%3E%E0%A4%89%E0%A4%A4%E0%A5%8D%E0%A4%A4%E0%A4%B0%20(%3C%2Fstrong%3E%3Cstrong%3E2)%20%3C%2Fstrong%3E%3Cstrong%3E%E0%A4%A6%E0%A5%80%E0%A4%9C%E0%A4%BF%E0%A4%8F%3C%2Fstrong%3E%20%E0%A4%AF%E0%A4%A6%E0%A4%BF%20%E0%A4%95%E0%A5%87%E0%A4%B5%E0%A4%B2%20%E0%A4%95%E0%A4%A5%E0%A4%A8%20II%20%E0%A4%AE%E0%A5%87%E0%A4%82%20%E0%A4%A6%E0%A4%BF%E0%A4%AF%E0%A4%BE%20%E0%A4%97%E0%A4%AF%E0%A4%BE%20%E0%A4%A1%E0%A4%BE%E0%A4%9F%E0%A4%BE%20%E0%A4%AA%E0%A5%8D%E0%A4%B0%E0%A4%B6%E0%A5%8D%E0%A4%A8%20%E0%A4%95%E0%A4%BE%20%E0%A4%89%E0%A4%A4%E0%A5%8D%E0%A4%A4%E0%A4%B0%20%E0%A4%A6%E0%A5%87%E0%A4%A8%E0%A5%87%20%E0%A4%95%E0%A5%87%20%E0%A4%B2%E0%A4%BF%E0%A4%8F%20%E0%A4%AA%E0%A4%B0%E0%A5%8D%E0%A4%AF%E0%A4%BE%E0%A4%AA%E0%A5%8D%E0%A4%A4%20%E0%A4%B9%E0%A5%88%2C%20%E0%A4%9C%E0%A4%AC%E0%A4%95%E0%A4%BF%20%E0%A4%95%E0%A5%87%E0%A4%B5%E0%A4%B2%20%E0%A4%95%E0%A4%A5%E0%A4%A8%20I%20%E0%A4%AE%E0%A5%87%E0%A4%82%20%E0%A4%A6%E0%A4%BF%E0%A4%AF%E0%A4%BE%20%E0%A4%97%E0%A4%AF%E0%A4%BE%20%E0%A4%A1%E0%A4%BE%E0%A4%9F%E0%A4%BE%20%E0%A4%AA%E0%A5%8D%E0%A4%B0%E0%A4%B6%E0%A5%8D%E0%A4%A8%20%E0%A4%95%E0%A4%BE%20%E0%A4%89%E0%A4%A4%E0%A5%8D%E0%A4%A4%E0%A4%B0%20%E0%A4%A6%E0%A5%87%E0%A4%A8%E0%A5%87%20%E0%A4%95%E0%A5%87%20%E0%A4%B2%E0%A4%BF%E0%A4%8F%20%E0%A4%AA%E0%A4%B0%E0%A5%8D%E0%A4%AF%E0%A4%BE%E0%A4%AA%E0%A5%8D%E0%A4%A4%20%E0%A4%A8%E0%A4%B9%E0%A5%80%E0%A4%82%20%E0%A4%B9%E0%A5%88%E0%A5%A4%3C%2Fp%3E%0A%0A%3Cp%3E%3Cstrong%3E%E0%A4%89%E0%A4%A4%E0%A5%8D%E0%A4%A4%E0%A4%B0%20(%3C%2Fstrong%3E%3Cstrong%3E3)%20%3C%2Fstrong%3E%3Cstrong%3E%E0%A4%A6%E0%A5%80%E0%A4%9C%E0%A4%BF%E0%A4%8F%3C%2Fstrong%3E%20%E0%A4%AF%E0%A4%A6%E0%A4%BF%20%E0%A4%AF%E0%A4%BE%20%E0%A4%A4%E0%A5%8B%20%E0%A4%95%E0%A5%87%E0%A4%B5%E0%A4%B2%20%E0%A4%95%E0%A4%A5%E0%A4%A8%20I%20%E0%A4%AF%E0%A4%BE%20%E0%A4%95%E0%A5%87%E0%A4%B5%E0%A4%B2%20%E0%A4%95%E0%A4%A5%E0%A4%A8%20II%20%E0%A4%AE%E0%A5%87%E0%A4%82%20%E0%A4%A6%E0%A4%BF%E0%A4%AF%E0%A4%BE%20%E0%A4%97%E0%A4%AF%E0%A4%BE%20%E0%A4%A1%E0%A4%BE%E0%A4%9F%E0%A4%BE%20%E0%A4%AA%E0%A5%8D%E0%A4%B0%E0%A4%B6%E0%A5%8D%E0%A4%A8%20%E0%A4%95%E0%A4%BE%20%E0%A4%89%E0%A4%A4%E0%A5%8D%E0%A4%A4%E0%A4%B0%20%E0%A4%A6%E0%A5%87%E0%A4%A8%E0%A5%87%20%E0%A4%95%E0%A5%87%20%E0%A4%B2%E0%A4%BF%E0%A4%8F%20%E0%A4%AA%E0%A4%B0%E0%A5%8D%E0%A4%AF%E0%A4%BE%E0%A4%AA%E0%A5%8D%E0%A4%A4%20%E0%A4%B9%E0%A5%88%E0%A5%A4%3C%2Fp%3E%0A%0A%3Cp%3E%3Cstrong%3E%E0%A4%89%E0%A4%A4%E0%A5%8D%E0%A4%A4%E0%A4%B0%20(%3C%2Fstrong%3E%3Cstrong%3E4)%20%3C%2Fstrong%3E%3Cstrong%3E%E0%A4%A6%E0%A5%80%E0%A4%9C%E0%A4%BF%E0%A4%8F%3C%2Fstrong%3E%20%E0%A4%AF%E0%A4%A6%E0%A4%BF%20%E0%A4%95%E0%A4%A5%E0%A4%A8%20I%20%E0%A4%94%E0%A4%B0%20%E0%A4%95%E0%A4%A5%E0%A4%A8%20II%20%E0%A4%A6%E0%A5%8B%E0%A4%A8%E0%A5%8B%E0%A4%82%20%E0%A4%95%E0%A4%BE%20%E0%A4%A1%E0%A4%BE%E0%A4%9F%E0%A4%BE%20%E0%A4%AE%E0%A4%BF%E0%A4%B2%E0%A4%95%E0%A4%B0%20%E0%A4%AA%E0%A5%8D%E0%A4%B0%E0%A4%B6%E0%A5%8D%E0%A4%A8%20%E0%A4%95%E0%A4%BE%20%E0%A4%89%E0%A4%A4%E0%A5%8D%E0%A4%A4%E0%A4%B0%20%E0%A4%A6%E0%A5%87%E0%A4%A8%E0%A5%87%20%E0%A4%95%E0%A5%87%20%E0%A4%B2%E0%A4%BF%E0%A4%8F%20%E0%A4%AA%E0%A4%B0%E0%A5%8D%E0%A4%AF%E0%A4%BE%E0%A4%AA%E0%A5%8D%E0%A4%A4%20%E0%A4%A8%E0%A4%B9%E0%A5%80%E0%A4%82%20%E0%A4%B9%E0%A5%88%E0%A5%A4%3C%2Fp%3E%0A%0A%3Cp%3E%3Cstrong%3E%E0%A4%89%E0%A4%A4%E0%A5%8D%E0%A4%A4%E0%A4%B0%20(%3C%2Fstrong%3E%3Cstrong%3E5)%20%3C%2Fstrong%3E%3Cstrong%3E%E0%A4%A6%E0%A5%80%E0%A4%9C%E0%A4%BF%E0%A4%8F%3C%2Fstrong%3E%20%E0%A4%AF%E0%A4%A6%E0%A4%BF%20%E0%A4%95%E0%A4%A5%E0%A4%A8%20I%20%E0%A4%94%E0%A4%B0%20%E0%A4%95%E0%A4%A5%E0%A4%A8%20II%20%E0%A4%A6%E0%A5%8B%E0%A4%A8%E0%A5%8B%E0%A4%82%20%E0%A4%95%E0%A4%BE%20%E0%A4%A1%E0%A4%BE%E0%A4%9F%E0%A4%BE%20%E0%A4%AE%E0%A4%BF%E0%A4%B2%E0%A4%95%E0%A4%B0%20%E0%A4%AA%E0%A5%8D%E0%A4%B0%E0%A4%B6%E0%A5%8D%E0%A4%A8%20%E0%A4%95%E0%A4%BE%20%E0%A4%89%E0%A4%A4%E0%A5%8D%E0%A4%A4%E0%A4%B0%20%E0%A4%A6%E0%A5%87%E0%A4%A8%E0%A5%87%20%E0%A4%95%E0%A5%87%20%E0%A4%B2%E0%A4%BF%E0%A4%8F%20%E0%A4%86%E0%A4%B5%E0%A4%B6%E0%A5%8D%E0%A4%AF%E0%A4%95%20%E0%A4%B9%E0%A5%88%E0%A5%A4%3C%2Fp%3E%0A');
/*!40000 ALTER TABLE `discription_bank` ENABLE KEYS */;


--
-- Definition of table `discription_details`
--

DROP TABLE IF EXISTS `discription_details`;
CREATE TABLE `discription_details` (
  `discription_id` varchar(200) default NULL,
  `discription_bank_id` varchar(200) default NULL,
  `language_id` varchar(200) default NULL
) ENGINE=InnoDB DEFAULT CHARSET=latin1;

--
-- Dumping data for table `discription_details`
--

/*!40000 ALTER TABLE `discription_details` DISABLE KEYS */;
INSERT INTO `discription_details` (`discription_id`,`discription_bank_id`,`language_id`) VALUES 
 ('1','1','1'),
 ('1','2','2'),
 ('2','3','1'),
 ('2','4','2'),
 ('3','5','1'),
 ('3','6','2'),
 ('4','7','1'),
 ('4','8','2'),
 ('5','9','1'),
 ('5','10','2'),
 ('6','11','1'),
 ('6','12','2'),
 ('7','13','1'),
 ('7','14','2'),
 ('8','15','1'),
 ('8','16','2'),
 ('9','17','1'),
 ('9','18','2'),
 ('1','1','1'),
 ('1','2','2'),
 ('2','3','1'),
 ('2','4','2'),
 ('3','5','1'),
 ('3','6','2'),
 ('4','7','1'),
 ('4','8','2'),
 ('5','9','1'),
 ('5','10','2'),
 ('6','11','1'),
 ('6','12','2'),
 ('7','13','1'),
 ('7','14','2'),
 ('8','15','1'),
 ('8','16','2'),
 ('9','17','1'),
 ('9','18','2'),
 ('10','19','1'),
 ('10','20','2'),
 ('10','21','1'),
 ('10','22','2'),
 ('10','23','1'),
 ('10','24','2'),
 ('10','25','1'),
 ('10','26','2'),
 ('10','27','1'),
 ('10','28','2'),
 ('10','29','1'),
 ('10','30','2'),
 ('10','31','1'),
 ('10','32','2'),
 ('10','33','1'),
 ('10','34','2'),
 ('10','35','1'),
 ('10','36','2'),
 ('1','1','1'),
 ('1','2','2'),
 ('2','3','1'),
 ('2','4','2'),
 ('3','5','1'),
 ('3','6','2'),
 ('4','7','1'),
 ('4','8','2'),
 ('5','9','1'),
 ('5','10','2'),
 ('6','11','1'),
 ('6','12','2'),
 ('7','13','1'),
 ('7','14','2'),
 ('8','15','1'),
 ('8','16','2'),
 ('9','17','1'),
 ('9','18','2'),
 ('10','19','1'),
 ('10','20','2'),
 ('10','21','1'),
 ('10','22','2'),
 ('10','23','1'),
 ('10','24','2'),
 ('10','25','1'),
 ('10','26','2'),
 ('10','27','1'),
 ('10','28','2'),
 ('10','29','1'),
 ('10','30','2'),
 ('10','31','1'),
 ('10','32','2'),
 ('10','33','1'),
 ('10','34','2'),
 ('10','35','1'),
 ('10','36','2'),
 ('1','1','1'),
 ('1','2','2'),
 ('2','3','1'),
 ('2','4','2'),
 ('3','5','1'),
 ('3','6','2'),
 ('4','7','1'),
 ('4','8','2'),
 ('5','9','1'),
 ('5','10','2'),
 ('6','11','1'),
 ('6','12','2'),
 ('7','13','1'),
 ('7','14','2'),
 ('8','15','1'),
 ('8','16','2'),
 ('9','17','1'),
 ('9','18','2'),
 ('10','19','1'),
 ('10','20','2'),
 ('10','21','1'),
 ('10','22','2'),
 ('10','23','1'),
 ('10','24','2'),
 ('10','25','1'),
 ('10','26','2'),
 ('10','27','1'),
 ('10','28','2'),
 ('10','29','1'),
 ('10','30','2'),
 ('10','31','1'),
 ('10','32','2'),
 ('10','33','1'),
 ('10','34','2'),
 ('10','35','1'),
 ('10','36','2');
/*!40000 ALTER TABLE `discription_details` ENABLE KEYS */;


--
-- Definition of table `discription_img`
--

DROP TABLE IF EXISTS `discription_img`;
CREATE TABLE `discription_img` (
  `discription_img_id` int(10) unsigned NOT NULL auto_increment,
  `discription_id` varchar(45) default NULL,
  `img_path` varchar(45) default NULL,
  PRIMARY KEY  (`discription_img_id`)
) ENGINE=InnoDB DEFAULT CHARSET=latin1;

--
-- Dumping data for table `discription_img`
--

/*!40000 ALTER TABLE `discription_img` DISABLE KEYS */;
/*!40000 ALTER TABLE `discription_img` ENABLE KEYS */;


--
-- Definition of table `exam_phase_details`
--

DROP TABLE IF EXISTS `exam_phase_details`;
CREATE TABLE `exam_phase_details` (
  `exam_phase_id` int(10) unsigned NOT NULL auto_increment,
  `exam_phase_name` varchar(45) default NULL,
  PRIMARY KEY  (`exam_phase_id`)
) ENGINE=InnoDB DEFAULT CHARSET=latin1;

--
-- Dumping data for table `exam_phase_details`
--

/*!40000 ALTER TABLE `exam_phase_details` DISABLE KEYS */;
INSERT INTO `exam_phase_details` (`exam_phase_id`,`exam_phase_name`) VALUES 
 (1,'Pre Exams'),
 (2,'Mianian');
/*!40000 ALTER TABLE `exam_phase_details` ENABLE KEYS */;


--
-- Definition of table `language_details`
--

DROP TABLE IF EXISTS `language_details`;
CREATE TABLE `language_details` (
  `language_id` int(10) unsigned NOT NULL auto_increment,
  `language_name` varchar(500) default NULL,
  PRIMARY KEY  (`language_id`)
) ENGINE=InnoDB DEFAULT CHARSET=latin1;

--
-- Dumping data for table `language_details`
--

/*!40000 ALTER TABLE `language_details` DISABLE KEYS */;
INSERT INTO `language_details` (`language_id`,`language_name`) VALUES 
 (1,'English'),
 (2,'Hindi');
/*!40000 ALTER TABLE `language_details` ENABLE KEYS */;


--
-- Definition of table `login_details`
--

DROP TABLE IF EXISTS `login_details`;
CREATE TABLE `login_details` (
  `login_id` int(10) unsigned NOT NULL auto_increment,
  `user_id` varchar(10) default NULL,
  `email` varchar(200) default NULL,
  `contact_no` varchar(12) default NULL,
  `password` varchar(200) default NULL,
  `user_type` varchar(10) default NULL,
  PRIMARY KEY  (`login_id`)
) ENGINE=InnoDB DEFAULT CHARSET=latin1;

--
-- Dumping data for table `login_details`
--

/*!40000 ALTER TABLE `login_details` DISABLE KEYS */;
INSERT INTO `login_details` (`login_id`,`user_id`,`email`,`contact_no`,`password`,`user_type`) VALUES 
 (1,'1','akshaybilani.bilani@gmail.com','8817919016','akki007','admin'),
 (2,'2','vijay.velocity@gmail.com','9229246791','abcd1234','admin'),
 (3,'39','s@gmail.com','7773070823','shilpa@2016','user'),
 (4,'40','test@nu-art-software.com','0502565322','1qasw23ed','user'),
 (5,'41','manish@gmail.com','7773070822','Manish@5050','user'),
 (6,'42','vineet.navrang@gmail.com','9753573686','navrang99','user'),
 (7,'43','seema.agrawal@yahoo.com','9826024147','abcd1234','user'),
 (8,'44','dubeylakhan29@gmail.com','8602434083','sudhadubey','user'),
 (9,'45','patelabhishek462@gmail.com','9009018953','Abhishek@5050','user'),
 (10,'46','abilani@gmail.com','8891891891','akki007','user'),
 (11,'47','abilaniaks@gmail.com','7189289669','akki007','user'),
 (12,'48','dnimmy18@gmail.com','9826104163','pia21808','user'),
 (13,'49','kratika.chourasiya28@gmail.com','8989542317','kukku28','user'),
 (14,'50','ashutoshyourfriend@gmail.com','9752077744','Ashu@5050','user'),
 (15,'51','vikramraghuwanshi12@gmail.com','9036977106','akki007','user'),
 (16,'52','kuldeep.tripathi@gmail.com','7509595591','k@5050','user'),
 (17,'53','lp@gmail.com','9584822088','lp@5050','user'),
 (18,'54','akshaybilani.bilani@gmail.com','8817919016','akki007','user'),
 (19,'55','gg@gmail.com','7773070821','gglalit@5050','user'),
 (20,'56','seema.agraw@yahoo.com','1234567895','AKKI008','user'),
 (21,'57','2sapnaagrawal@gmail.com','9826042952','abcd1234','user'),
 (22,'58','akshay@gmail.com','8817919011','akki007','user');
/*!40000 ALTER TABLE `login_details` ENABLE KEYS */;


--
-- Definition of table `message_details`
--

DROP TABLE IF EXISTS `message_details`;
CREATE TABLE `message_details` (
  `message_id` int(10) unsigned NOT NULL auto_increment,
  `sender_id` int(10) unsigned default NULL,
  `receiver_id` int(10) unsigned default NULL,
  `subject` varchar(200) default NULL,
  `body` varchar(65000) default NULL,
  `msg_data` varchar(45) default NULL,
  `msg_time` varchar(45) default NULL,
  PRIMARY KEY  (`message_id`)
) ENGINE=InnoDB DEFAULT CHARSET=latin1;

--
-- Dumping data for table `message_details`
--

/*!40000 ALTER TABLE `message_details` DISABLE KEYS */;
INSERT INTO `message_details` (`message_id`,`sender_id`,`receiver_id`,`subject`,`body`,`msg_data`,`msg_time`) VALUES 
 (1,3,3,'Message','jo','2016-09-23T09:46:27.148Z','2016-09-23T09:46:27.148Z'),
 (2,3,4,'Message','hi','2016-09-23T09:49:22.244Z','2016-09-23T09:49:22.244Z'),
 (3,3,4,'Message','or kyc','2016-09-23T09:49:25.476Z','2016-09-23T09:49:25.476Z'),
 (4,3,4,'Message','as','2016-09-23T09:49:26.692Z','2016-09-23T09:49:26.692Z'),
 (5,3,4,'Message','as','2016-09-23T09:49:27.398Z','2016-09-23T09:49:27.398Z'),
 (6,3,4,'Message','asd','2016-09-23T09:49:27.969Z','2016-09-23T09:49:27.969Z'),
 (7,3,4,'Message','as','2016-09-23T09:49:28.223Z','2016-09-23T09:49:28.223Z'),
 (8,3,4,'Message','d','2016-09-23T09:49:28.538Z','2016-09-23T09:49:28.538Z'),
 (9,3,4,'Message','a','2016-09-23T09:49:28.759Z','2016-09-23T09:49:28.759Z'),
 (10,3,4,'Message','sd','2016-09-23T09:49:29.024Z','2016-09-23T09:49:29.024Z'),
 (11,3,4,'Message','asd','2016-09-23T09:49:29.239Z','2016-09-23T09:49:29.239Z'),
 (12,3,4,'Message','a','2016-09-23T09:49:29.495Z','2016-09-23T09:49:29.495Z'),
 (13,3,14,'Message','hi','2016-09-23T09:52:32.354Z','2016-09-23T09:52:32.354Z'),
 (14,3,3,'Message','aksalk','2016-09-23T09:53:18.338Z','2016-09-23T09:53:18.338Z'),
 (15,3,3,'Message','askalks','2016-09-23T09:53:19.098Z','2016-09-23T09:53:19.098Z'),
 (16,3,3,'Message','km','2016-09-23T09:54:31.063Z','2016-09-23T09:54:31.063Z'),
 (17,3,3,'Message','ok done this','2016-09-23T09:54:35.414Z','2016-09-23T09:54:35.414Z'),
 (18,3,3,'Message','deon by me','2016-09-23T09:54:38.716Z','2016-09-23T09:54:38.716Z'),
 (19,3,3,'Message','jsdaks','2016-09-23T09:54:40.110Z','2016-09-23T09:54:40.110Z'),
 (20,3,3,'Message','asd','2016-09-23T09:54:40.750Z','2016-09-23T09:54:40.750Z'),
 (21,3,3,'Message','as','2016-09-23T09:54:40.946Z','2016-09-23T09:54:40.946Z'),
 (22,3,3,'Message','as','2016-09-23T09:54:41.563Z','2016-09-23T09:54:41.563Z'),
 (23,3,3,'Message','d','2016-09-23T09:54:41.782Z','2016-09-23T09:54:41.782Z'),
 (24,3,3,'Message','asd','2016-09-23T09:54:42.051Z','2016-09-23T09:54:42.051Z'),
 (25,14,4,'Message','hi','2016-09-23T12:01:09.907Z','2016-09-23T12:01:09.907Z'),
 (26,14,4,'Message','this is not work','2016-09-23T12:01:18.242Z','2016-09-23T12:01:18.242Z'),
 (27,14,4,'Message','i hope show','2016-09-23T12:01:27.316Z','2016-09-23T12:01:27.316Z'),
 (28,14,14,'Message','hii','2016-09-23T12:01:32.501Z','2016-09-23T12:01:32.501Z'),
 (29,14,14,'Message','who the hell r u doing','2016-09-23T12:02:22.987Z','2016-09-23T12:02:22.987Z'),
 (30,14,14,'Message','it\'s now our time','2016-09-23T12:02:31.403Z','2016-09-23T12:02:31.403Z'),
 (31,14,3,'Message','huu','2016-09-23T12:04:41.432Z','2016-09-23T12:04:41.432Z'),
 (32,14,3,'Message','hello sir','2016-09-23T12:04:45.882Z','2016-09-23T12:04:45.882Z'),
 (33,14,3,'Message','my name ','2016-09-23T12:04:49.215Z','2016-09-23T12:04:49.215Z'),
 (34,14,3,'Message','akshay','2016-09-23T12:04:51.020Z','2016-09-23T12:04:51.020Z'),
 (35,14,3,'Message','anaskdas','2016-09-23T12:04:52.587Z','2016-09-23T12:04:52.587Z'),
 (36,14,3,'Message','d','2016-09-23T12:04:52.780Z','2016-09-23T12:04:52.780Z'),
 (37,14,3,'Message','as','2016-09-23T12:04:52.973Z','2016-09-23T12:04:52.973Z'),
 (38,14,3,'Message','d','2016-09-23T12:04:53.147Z','2016-09-23T12:04:53.147Z'),
 (39,14,3,'Message','adsdasd','2016-09-23T12:04:53.909Z','2016-09-23T12:04:53.909Z'),
 (40,14,14,'Message','ok','2016-09-23T12:09:22.542Z','2016-09-23T12:09:22.542Z'),
 (41,14,14,'Message','ok askklsa','2016-09-23T12:10:02.025Z','2016-09-23T12:10:02.025Z'),
 (42,14,14,'Message','try','2016-09-23T12:11:40.252Z','2016-09-23T12:11:40.252Z'),
 (43,14,14,'Message','you have to do it','2016-09-23T12:11:50.942Z','2016-09-23T12:11:50.942Z'),
 (44,4,3,'Message','hi','2016-09-23T12:14:21.716Z','2016-09-23T12:14:21.716Z'),
 (45,4,3,'Message','kl','2016-09-23T12:17:40.823Z','2016-09-23T12:17:40.823Z'),
 (46,4,3,'Message','jsdf','2016-09-23T12:17:42.420Z','2016-09-23T12:17:42.420Z'),
 (47,4,3,'Message','sfd','2016-09-23T12:17:42.627Z','2016-09-23T12:17:42.627Z'),
 (48,4,3,'Message','f','2016-09-23T12:17:42.844Z','2016-09-23T12:17:42.844Z'),
 (49,4,3,'Message','s','2016-09-23T12:17:43.047Z','2016-09-23T12:17:43.047Z'),
 (50,4,3,'Message','df','2016-09-23T12:17:43.255Z','2016-09-23T12:17:43.255Z'),
 (51,4,3,'Message','sdffsd','2016-09-23T12:17:44.085Z','2016-09-23T12:17:44.085Z'),
 (52,4,3,'Message','f','2016-09-23T12:17:44.275Z','2016-09-23T12:17:44.275Z'),
 (53,4,3,'Message','sd','2016-09-23T12:17:44.466Z','2016-09-23T12:17:44.466Z'),
 (54,4,3,'Message','fsdf','2016-09-23T12:17:52.718Z','2016-09-23T12:17:52.718Z'),
 (55,4,4,'Message','hi','2016-09-23T12:31:47.104Z','2016-09-23T12:31:47.104Z'),
 (56,4,3,'Message','hi','2016-09-23T12:42:13.121Z','2016-09-23T12:42:13.121Z'),
 (57,4,3,'Message','hi','2016-09-23T12:44:21.757Z','2016-09-23T12:44:21.757Z'),
 (58,4,3,'Message','asad','2016-09-23T12:44:29.324Z','2016-09-23T12:44:29.324Z'),
 (59,4,4,'Message','hi','2016-09-23T12:45:11.869Z','2016-09-23T12:45:11.869Z'),
 (60,4,4,'Message','hi','2016-09-23T12:45:52.527Z','2016-09-23T12:45:52.527Z'),
 (61,4,4,'Message','sadas','2016-09-23T12:45:54.994Z','2016-09-23T12:45:54.994Z'),
 (62,4,4,'Message','asdasd','2016-09-23T12:45:56.156Z','2016-09-23T12:45:56.156Z'),
 (63,4,4,'Message','sxasdasd','2016-09-23T12:45:58.170Z','2016-09-23T12:45:58.170Z'),
 (64,4,4,'Message','asdasdas','2016-09-23T12:45:59.511Z','2016-09-23T12:45:59.511Z'),
 (65,4,4,'Message','asdasdasd','2016-09-23T12:46:01.247Z','2016-09-23T12:46:01.247Z'),
 (66,4,4,'Message','sdasdasdasdasdadassdas','2016-09-23T12:46:04.169Z','2016-09-23T12:46:04.169Z'),
 (67,4,4,'Message','hi','2016-09-23T12:47:06.539Z','2016-09-23T12:47:06.539Z'),
 (68,4,4,'Message','ok','2016-09-23T12:47:08.860Z','2016-09-23T12:47:08.860Z'),
 (69,4,4,'Message','oksa','2016-09-23T12:47:09.963Z','2016-09-23T12:47:09.963Z'),
 (70,4,4,'Message','kasod','2016-09-23T12:47:10.881Z','2016-09-23T12:47:10.881Z'),
 (71,4,4,'Message','asdasdassdasdasdasd','2016-09-23T12:47:12.837Z','2016-09-23T12:47:12.837Z'),
 (72,4,4,'Message','as','2016-09-23T12:47:13.052Z','2016-09-23T12:47:13.052Z'),
 (73,4,4,'Message','dasd','2016-09-23T12:47:13.469Z','2016-09-23T12:47:13.469Z'),
 (74,4,4,'Message','as','2016-09-23T12:47:13.662Z','2016-09-23T12:47:13.662Z'),
 (75,4,4,'Message','da','2016-09-23T12:47:13.881Z','2016-09-23T12:47:13.881Z'),
 (76,4,4,'Message','sd','2016-09-23T12:47:14.083Z','2016-09-23T12:47:14.083Z'),
 (77,4,4,'Message','as','2016-09-23T12:47:14.249Z','2016-09-23T12:47:14.249Z'),
 (78,4,4,'Message','d','2016-09-23T12:47:15.125Z','2016-09-23T12:47:15.125Z'),
 (79,4,4,'Message','a','2016-09-23T12:47:15.778Z','2016-09-23T12:47:15.778Z'),
 (80,4,4,'Message','a','2016-09-23T12:47:16.420Z','2016-09-23T12:47:16.420Z'),
 (81,4,4,'Message','hi','2016-09-23T12:47:57.228Z','2016-09-23T12:47:57.228Z'),
 (82,4,4,'Message','hi','2016-09-23T12:48:21.026Z','2016-09-23T12:48:21.026Z'),
 (83,4,4,'Message','hi','2016-09-23T12:49:07.412Z','2016-09-23T12:49:07.412Z'),
 (84,4,4,'Message','how r u','2016-09-23T12:49:28.985Z','2016-09-23T12:49:28.986Z'),
 (85,4,4,'Message','nodasda','2016-09-23T12:49:40.333Z','2016-09-23T12:49:40.333Z'),
 (86,4,4,'Message','asda','2016-09-23T12:49:41.118Z','2016-09-23T12:49:41.118Z'),
 (87,4,4,'Message','sd','2016-09-23T12:49:41.357Z','2016-09-23T12:49:41.357Z'),
 (88,4,4,'Message','asdasd','2016-09-23T12:49:42.619Z','2016-09-23T12:49:42.619Z'),
 (89,4,4,'Message','asd','2016-09-23T12:49:43.994Z','2016-09-23T12:49:43.994Z'),
 (90,4,4,'Message','asd','2016-09-23T12:49:45.527Z','2016-09-23T12:49:45.527Z'),
 (91,4,4,'Message','hi','2016-09-23T12:50:34.683Z','2016-09-23T12:50:34.683Z'),
 (92,4,4,'Message','this','2016-09-23T12:50:38.397Z','2016-09-23T12:50:38.397Z'),
 (93,4,4,'Message','done by','2016-09-23T12:50:41.675Z','2016-09-23T12:50:41.675Z'),
 (94,4,4,'Message','me i dont','2016-09-23T12:50:46.740Z','2016-09-23T12:50:46.740Z'),
 (95,4,4,'Message','k','2016-09-23T12:51:45.286Z','2016-09-23T12:51:45.286Z'),
 (96,4,4,'Message','k','2016-09-23T12:51:46.831Z','2016-09-23T12:51:46.831Z'),
 (97,4,4,'Message','k','2016-09-23T12:51:47.492Z','2016-09-23T12:51:47.492Z'),
 (98,4,4,'Message','kas','2016-09-23T12:51:48.391Z','2016-09-23T12:51:48.391Z'),
 (99,4,4,'Message','hi','2016-09-23T12:52:29.010Z','2016-09-23T12:52:29.010Z'),
 (100,4,4,'Message','dasd','2016-09-23T12:52:30.668Z','2016-09-23T12:52:30.668Z'),
 (101,4,4,'Message','asd','2016-09-23T12:52:32.033Z','2016-09-23T12:52:32.033Z'),
 (102,4,4,'Message','a','2016-09-23T12:52:33.016Z','2016-09-23T12:52:33.016Z'),
 (103,4,4,'Message','hi','2016-09-23T12:56:03.692Z','2016-09-23T12:56:03.692Z'),
 (104,4,4,'Message','how r u','2016-09-23T12:56:08.019Z','2016-09-23T12:56:08.019Z'),
 (105,4,4,'Message','asa','2016-09-23T12:56:11.773Z','2016-09-23T12:56:11.773Z'),
 (106,4,4,'Message','h','2016-09-23T12:57:38.401Z','2016-09-23T12:57:38.401Z'),
 (107,4,4,'Message','or lsad','2016-09-23T12:57:41.337Z','2016-09-23T12:57:41.337Z'),
 (108,4,4,'Message','nhi','2016-09-23T12:57:43.495Z','2016-09-23T12:57:43.495Z'),
 (109,4,4,'Message','kasd','2016-09-23T12:57:45.040Z','2016-09-23T12:57:45.040Z'),
 (110,4,4,'Message','fir kaha hon','2016-09-23T12:58:08.937Z','2016-09-23T12:58:08.937Z'),
 (111,4,4,'Message','asdasd','2016-09-23T12:58:10.614Z','2016-09-23T12:58:10.614Z'),
 (112,4,4,'Message','asda','2016-09-23T12:58:11.184Z','2016-09-23T12:58:11.184Z'),
 (113,4,4,'Message','sd','2016-09-23T12:58:11.435Z','2016-09-23T12:58:11.435Z'),
 (114,4,4,'Message','ds','2016-09-23T12:58:11.622Z','2016-09-23T12:58:11.622Z'),
 (115,4,4,'Message','asd','2016-09-23T12:58:11.862Z','2016-09-23T12:58:11.862Z'),
 (116,4,4,'Message','d','2016-09-23T12:58:12.074Z','2016-09-23T12:58:12.074Z'),
 (117,4,4,'Message','as','2016-09-23T12:58:12.337Z','2016-09-23T12:58:12.337Z'),
 (118,14,3,'Message','hi','2016-09-23T16:26:39.652Z','2016-09-23T16:26:39.652Z'),
 (119,14,14,'Message','hi','2016-09-24T06:16:40.390Z','2016-09-24T06:16:40.406Z'),
 (120,14,14,'Message','sasd','2016-09-24T06:16:42.036Z','2016-09-24T06:16:42.036Z'),
 (121,14,14,'Message','as','2016-09-24T06:16:42.292Z','2016-09-24T06:16:42.292Z'),
 (122,14,14,'Message','da','2016-09-24T06:16:42.559Z','2016-09-24T06:16:42.559Z'),
 (123,14,14,'Message','sd','2016-09-24T06:16:42.859Z','2016-09-24T06:16:42.859Z'),
 (124,14,14,'Message','as','2016-09-24T06:16:43.117Z','2016-09-24T06:16:43.117Z'),
 (125,14,14,'Message','d','2016-09-24T06:16:43.390Z','2016-09-24T06:16:43.390Z'),
 (126,14,14,'Message','as','2016-09-24T06:16:43.738Z','2016-09-24T06:16:43.738Z'),
 (127,14,14,'Message','hi','2016-09-24T06:21:35.487Z','2016-09-24T06:21:35.487Z'),
 (128,14,14,'Message','or','2016-09-24T06:21:37.977Z','2016-09-24T06:21:37.977Z'),
 (129,14,14,'Message','done','2016-09-24T06:21:40.111Z','2016-09-24T06:21:40.111Z'),
 (130,14,14,'Message','sad','2016-09-24T06:21:40.654Z','2016-09-24T06:21:40.654Z'),
 (131,14,14,'Message','a','2016-09-24T06:21:40.905Z','2016-09-24T06:21:40.905Z'),
 (132,14,14,'Message','sd','2016-09-24T06:21:41.207Z','2016-09-24T06:21:41.207Z'),
 (133,14,14,'Message','asd','2016-09-24T06:21:41.441Z','2016-09-24T06:21:41.441Z'),
 (134,14,14,'Message','a','2016-09-24T06:21:42.076Z','2016-09-24T06:21:42.076Z'),
 (135,14,14,'Message','sd','2016-09-24T06:21:42.326Z','2016-09-24T06:21:42.326Z'),
 (136,14,14,'Message','as','2016-09-24T06:21:42.530Z','2016-09-24T06:21:42.530Z'),
 (137,14,14,'Message','daa','2016-09-24T06:21:42.949Z','2016-09-24T06:21:42.949Z'),
 (138,14,14,'Message','sd','2016-09-24T06:21:43.210Z','2016-09-24T06:21:43.210Z'),
 (139,14,14,'Message','asd','2016-09-24T06:21:43.414Z','2016-09-24T06:21:43.414Z'),
 (140,14,14,'Message','hi','2016-09-24T06:28:47.595Z','2016-09-24T06:28:47.595Z'),
 (141,14,14,'Message','ok','2016-09-24T06:28:50.757Z','2016-09-24T06:28:50.757Z'),
 (142,14,14,'Message','asd','2016-09-24T06:28:51.525Z','2016-09-24T06:28:51.525Z'),
 (143,14,14,'Message','asd','2016-09-24T06:28:51.846Z','2016-09-24T06:28:51.846Z'),
 (144,14,14,'Message','a','2016-09-24T06:28:52.141Z','2016-09-24T06:28:52.141Z'),
 (145,14,14,'Message','sd','2016-09-24T06:28:52.439Z','2016-09-24T06:28:52.439Z'),
 (146,14,14,'Message','asd','2016-09-24T06:28:53.167Z','2016-09-24T06:28:53.167Z'),
 (147,14,14,'Message','a','2016-09-24T06:28:53.535Z','2016-09-24T06:28:53.535Z'),
 (148,14,14,'Message','sdas','2016-09-24T06:28:54.063Z','2016-09-24T06:28:54.063Z'),
 (149,14,14,'Message','d','2016-09-24T06:28:54.298Z','2016-09-24T06:28:54.298Z'),
 (150,14,14,'Message','as','2016-09-24T06:28:54.535Z','2016-09-24T06:28:54.535Z'),
 (151,14,105,'Message','hi','2016-09-24T06:38:33.385Z','2016-09-24T06:38:33.385Z'),
 (152,14,105,'Message','sasd','2016-09-24T06:38:35.991Z','2016-09-24T06:38:35.991Z'),
 (153,14,105,'Message','asda','2016-09-24T06:38:36.439Z','2016-09-24T06:38:36.439Z'),
 (154,14,105,'Message','sd','2016-09-24T06:38:36.703Z','2016-09-24T06:38:36.703Z'),
 (155,14,105,'Message','a','2016-09-24T06:38:36.895Z','2016-09-24T06:38:36.895Z'),
 (156,14,105,'Message','sd','2016-09-24T06:38:37.129Z','2016-09-24T06:38:37.129Z'),
 (157,14,105,'Message','as','2016-09-24T06:38:37.376Z','2016-09-24T06:38:37.376Z'),
 (158,14,105,'Message','das','2016-09-24T06:38:38.199Z','2016-09-24T06:38:38.199Z'),
 (159,14,105,'Message','d','2016-09-24T06:38:38.451Z','2016-09-24T06:38:38.451Z'),
 (160,14,105,'Message','as','2016-09-24T06:38:38.664Z','2016-09-24T06:38:38.664Z'),
 (161,14,105,'Message','d','2016-09-24T06:38:38.895Z','2016-09-24T06:38:38.895Z'),
 (162,14,105,'Message','asd','2016-09-24T06:38:40.325Z','2016-09-24T06:38:40.325Z'),
 (163,14,105,'Message','as','2016-09-24T06:38:40.762Z','2016-09-24T06:38:40.762Z'),
 (164,14,105,'Message','sss','2016-09-24T06:38:42.222Z','2016-09-24T06:38:42.222Z'),
 (165,14,105,'Message','sssssssssssssssssssss','2016-09-24T06:38:44.819Z','2016-09-24T06:38:44.819Z'),
 (166,14,105,'Message','jk','2016-09-24T06:38:57.777Z','2016-09-24T06:38:57.777Z'),
 (167,14,105,'Message','j','2016-09-24T06:38:59.258Z','2016-09-24T06:38:59.258Z'),
 (168,14,105,'Message','jkk','2016-09-24T06:39:01.675Z','2016-09-24T06:39:01.675Z'),
 (169,14,3,'Message','hi','2016-09-24T06:41:57.634Z','2016-09-24T06:41:57.634Z'),
 (170,14,3,'Message','ok','2016-09-24T06:42:00.086Z','2016-09-24T06:42:00.086Z'),
 (171,14,3,'Message','done','2016-09-24T06:42:03.606Z','2016-09-24T06:42:03.606Z'),
 (172,14,3,'Message','asda','2016-09-24T06:42:04.370Z','2016-09-24T06:42:04.370Z'),
 (173,14,3,'Message','sda','2016-09-24T06:42:04.904Z','2016-09-24T06:42:04.904Z'),
 (174,14,3,'Message','as','2016-09-24T06:42:05.843Z','2016-09-24T06:42:05.843Z'),
 (175,14,3,'Message','asd','2016-09-24T06:42:07.306Z','2016-09-24T06:42:07.306Z'),
 (176,14,3,'Message','asd','2016-09-24T06:42:08.826Z','2016-09-24T06:42:08.826Z'),
 (177,14,3,'Message','asdas','2016-09-24T06:42:10.823Z','2016-09-24T06:42:10.823Z'),
 (178,14,3,'Message','qas','2016-09-24T06:42:34.812Z','2016-09-24T06:42:34.812Z'),
 (179,14,4,'Message','hi','2016-09-24T06:42:58.399Z','2016-09-24T06:42:58.399Z'),
 (180,14,4,'Message','jkk','2016-09-24T06:42:59.868Z','2016-09-24T06:42:59.868Z'),
 (181,14,4,'Message','aks','2016-09-24T06:43:01.812Z','2016-09-24T06:43:01.812Z'),
 (182,14,4,'Message','askals','2016-09-24T06:43:02.746Z','2016-09-24T06:43:02.746Z'),
 (183,14,4,'Message','aksl','2016-09-24T06:43:03.558Z','2016-09-24T06:43:03.558Z'),
 (184,14,4,'Message','ksal','2016-09-24T06:43:04.327Z','2016-09-24T06:43:04.327Z'),
 (185,14,4,'Message','aksl','2016-09-24T06:43:05.552Z','2016-09-24T06:43:05.552Z'),
 (186,14,4,'Message','ass','2016-09-24T06:43:07.239Z','2016-09-24T06:43:07.239Z'),
 (187,14,4,'Message','sas','2016-09-24T06:43:09.147Z','2016-09-24T06:43:09.147Z'),
 (188,14,4,'Message','s','2016-09-24T06:43:09.695Z','2016-09-24T06:43:09.695Z'),
 (189,14,14,'Message','hi','2016-09-24T06:54:16.448Z','2016-09-24T06:54:16.448Z'),
 (190,14,14,'Message','hi','2016-09-24T06:56:19.937Z','2016-09-24T06:56:19.937Z'),
 (191,14,14,'Message','asdas','2016-09-24T06:56:21.160Z','2016-09-24T06:56:21.160Z'),
 (192,14,14,'Message','da','2016-09-24T06:56:21.437Z','2016-09-24T06:56:21.437Z'),
 (193,14,14,'Message','sd','2016-09-24T06:56:21.683Z','2016-09-24T06:56:21.683Z'),
 (194,14,14,'Message','asd','2016-09-24T06:56:21.940Z','2016-09-24T06:56:21.940Z'),
 (195,14,14,'Message','as','2016-09-24T06:56:22.197Z','2016-09-24T06:56:22.197Z'),
 (196,14,14,'Message','as','2016-09-24T06:56:22.860Z','2016-09-24T06:56:22.860Z'),
 (197,14,14,'Message','d','2016-09-24T06:56:23.119Z','2016-09-24T06:56:23.119Z'),
 (198,14,14,'Message','asd','2016-09-24T06:56:23.315Z','2016-09-24T06:56:23.315Z'),
 (199,14,14,'Message','as','2016-09-24T06:56:23.522Z','2016-09-24T06:56:23.522Z'),
 (200,14,14,'Message','d','2016-09-24T06:56:23.730Z','2016-09-24T06:56:23.730Z'),
 (201,14,14,'Message','nhi','2016-09-24T06:56:30.347Z','2016-09-24T06:56:30.347Z'),
 (202,14,14,'Message','asd','2016-09-24T06:56:32.395Z','2016-09-24T06:56:32.395Z'),
 (203,14,14,'Message','jo','2016-09-24T06:58:54.690Z','2016-09-24T06:58:54.690Z'),
 (204,14,14,'Message','sdas','2016-09-24T06:58:56.131Z','2016-09-24T06:58:56.131Z'),
 (205,14,14,'Message','sdas','2016-09-24T06:58:56.930Z','2016-09-24T06:58:56.930Z'),
 (206,14,14,'Message','asd','2016-09-24T06:58:57.388Z','2016-09-24T06:58:57.388Z'),
 (207,14,14,'Message','asd','2016-09-24T06:58:57.836Z','2016-09-24T06:58:57.836Z'),
 (208,14,14,'Message','adas','2016-09-24T06:58:58.960Z','2016-09-24T06:58:58.960Z'),
 (209,14,14,'Message','asd','2016-09-24T06:59:00.766Z','2016-09-24T06:59:00.766Z'),
 (210,14,14,'Message','hi','2016-09-24T07:00:01.404Z','2016-09-24T07:00:01.404Z'),
 (211,14,14,'Message','dasd','2016-09-24T07:00:03.199Z','2016-09-24T07:00:03.199Z'),
 (212,14,14,'Message','sdas','2016-09-24T07:00:03.670Z','2016-09-24T07:00:03.670Z'),
 (213,14,14,'Message','asd','2016-09-24T07:00:04.093Z','2016-09-24T07:00:04.093Z'),
 (214,14,14,'Message','sda','2016-09-24T07:00:04.557Z','2016-09-24T07:00:04.557Z'),
 (215,14,14,'Message','asd','2016-09-24T07:00:04.988Z','2016-09-24T07:00:04.988Z'),
 (216,14,14,'Message','sdas','2016-09-24T07:00:05.840Z','2016-09-24T07:00:05.840Z'),
 (217,14,14,'Message','asd','2016-09-24T07:00:07.759Z','2016-09-24T07:00:07.759Z'),
 (218,14,14,'Message','sdddddd','2016-09-24T07:00:09.825Z','2016-09-24T07:00:09.825Z'),
 (219,14,14,'Message','assssssssss','2016-09-24T07:00:12.850Z','2016-09-24T07:00:12.850Z'),
 (220,14,14,'Message','sssssssssssssssss','2016-09-24T07:00:15.616Z','2016-09-24T07:00:15.616Z'),
 (221,14,14,'Message','sssssssssssssss','2016-09-24T07:00:17.921Z','2016-09-24T07:00:17.921Z'),
 (222,14,14,'Message','hi','2016-09-24T07:19:22.984Z','2016-09-24T07:19:22.984Z'),
 (223,14,14,'Message','aksl','2016-09-24T07:19:24.743Z','2016-09-24T07:19:24.743Z'),
 (224,14,14,'Message','sdas','2016-09-24T07:19:42.075Z','2016-09-24T07:19:42.075Z'),
 (225,14,14,'Message','a','2016-09-24T07:19:42.302Z','2016-09-24T07:19:42.302Z'),
 (226,14,14,'Message','sd','2016-09-24T07:19:42.536Z','2016-09-24T07:19:42.536Z'),
 (227,14,14,'Message','as','2016-09-24T07:19:42.787Z','2016-09-24T07:19:42.787Z'),
 (228,14,14,'Message','d','2016-09-24T07:19:43.039Z','2016-09-24T07:19:43.039Z'),
 (229,14,14,'Message','asd','2016-09-24T07:19:43.628Z','2016-09-24T07:19:43.628Z'),
 (230,14,14,'Message','as','2016-09-24T07:19:43.882Z','2016-09-24T07:19:43.882Z'),
 (231,14,14,'Message','d','2016-09-24T07:19:44.136Z','2016-09-24T07:19:44.136Z'),
 (232,14,14,'Message','ads','2016-09-24T07:19:44.357Z','2016-09-24T07:19:44.357Z'),
 (233,14,14,'Message','da','2016-09-24T07:19:44.597Z','2016-09-24T07:19:44.597Z'),
 (234,14,14,'Message','sd','2016-09-24T07:19:44.808Z','2016-09-24T07:19:44.808Z'),
 (235,14,14,'Message','as','2016-09-24T07:19:45.008Z','2016-09-24T07:19:45.008Z'),
 (236,14,14,'Message','ok','2016-09-24T07:19:46.571Z','2016-09-24T07:19:46.571Z'),
 (237,14,14,'Message','done ho gaya hai','2016-09-24T07:19:50.476Z','2016-09-24T07:19:50.476Z'),
 (238,14,14,'Message','or ky','2016-09-24T07:19:52.828Z','2016-09-24T07:19:52.828Z'),
 (239,14,14,'Message','hi','2016-09-24T07:21:27.252Z','2016-09-24T07:21:27.252Z'),
 (240,14,14,'Message','hii','2016-09-24T07:35:19.921Z','2016-09-24T07:35:19.921Z'),
 (241,14,14,'Message','aoas','2016-09-24T07:35:22.022Z','2016-09-24T07:35:22.022Z'),
 (242,14,14,'Message','sa','2016-09-24T07:35:22.313Z','2016-09-24T07:35:22.313Z'),
 (243,14,14,'Message','sa','2016-09-24T07:35:22.784Z','2016-09-24T07:35:22.784Z'),
 (244,14,14,'Message','ss','2016-09-24T07:35:23.594Z','2016-09-24T07:35:23.594Z'),
 (245,14,14,'Message','asas','2016-09-24T07:35:24.605Z','2016-09-24T07:35:24.605Z'),
 (246,14,14,'Message','as','2016-09-24T07:35:25.478Z','2016-09-24T07:35:25.478Z'),
 (247,14,14,'Message','as','2016-09-24T07:35:26.370Z','2016-09-24T07:35:26.370Z'),
 (248,14,14,'Message','saks','2016-09-24T07:35:28.523Z','2016-09-24T07:35:28.523Z'),
 (249,14,14,'Message','ok','2016-09-24T07:35:30.215Z','2016-09-24T07:35:30.215Z'),
 (250,14,14,'Message','skk','2016-09-24T07:35:31.342Z','2016-09-24T07:35:31.342Z'),
 (251,14,14,'Message','kska','2016-09-24T07:35:32.829Z','2016-09-24T07:35:32.829Z'),
 (252,14,14,'Message','hi','2016-09-24T07:38:26.555Z','2016-09-24T07:38:26.555Z'),
 (253,14,14,'Message','hi','2016-09-24T07:39:04.629Z','2016-09-24T07:39:04.629Z'),
 (254,14,14,'Message','oask','2016-09-24T07:39:06.331Z','2016-09-24T07:39:06.331Z'),
 (255,14,14,'Message','aaskoas','2016-09-24T07:39:07.317Z','2016-09-24T07:39:07.317Z'),
 (256,14,14,'Message','aks','2016-09-24T07:39:08.103Z','2016-09-24T07:39:08.103Z'),
 (257,14,14,'Message','klas','2016-09-24T07:39:08.844Z','2016-09-24T07:39:08.844Z'),
 (258,14,14,'Message','klas','2016-09-24T07:39:09.515Z','2016-09-24T07:39:09.515Z'),
 (259,14,14,'Message','kas','2016-09-24T07:39:10.144Z','2016-09-24T07:39:10.144Z'),
 (260,14,14,'Message','ksas','2016-09-24T07:39:11.503Z','2016-09-24T07:39:11.503Z'),
 (261,14,14,'Message','a','2016-09-24T07:39:11.731Z','2016-09-24T07:39:11.731Z'),
 (262,14,14,'Message','s','2016-09-24T07:39:11.932Z','2016-09-24T07:39:11.932Z'),
 (263,14,14,'Message','sa','2016-09-24T07:39:12.221Z','2016-09-24T07:39:12.221Z'),
 (264,14,14,'Message','s','2016-09-24T07:39:12.420Z','2016-09-24T07:39:12.420Z'),
 (265,14,14,'Message','s','2016-09-24T07:39:12.639Z','2016-09-24T07:39:12.639Z'),
 (266,14,14,'Message','as','2016-09-24T07:39:12.856Z','2016-09-24T07:39:12.856Z'),
 (267,14,14,'Message','hi','2016-09-24T08:49:45.998Z','2016-09-24T08:49:45.998Z'),
 (268,3,14,'Message','hi','2016-09-24T12:28:52.906Z','2016-09-24T12:28:52.906Z'),
 (269,3,14,'Message','hi','2016-09-24T12:29:32.172Z','2016-09-24T12:29:32.172Z'),
 (270,14,3,'Message','hi','2016-09-24T14:52:30.522Z','2016-09-24T14:52:30.522Z'),
 (271,14,3,'Message','ok','2016-09-24T14:52:38.176Z','2016-09-24T14:52:38.176Z'),
 (272,14,3,'Message','asjsk','2016-09-24T14:52:45.883Z','2016-09-24T14:52:45.883Z'),
 (273,3,14,'Message','hi','2016-09-24T14:55:30.368Z','2016-09-24T14:55:30.368Z'),
 (274,3,14,'Message','ok','2016-09-24T14:55:42.228Z','2016-09-24T14:55:42.228Z'),
 (275,3,14,'Message','hi','2016-09-24T15:11:21.186Z','2016-09-24T15:11:21.186Z'),
 (276,3,14,'Message','hi','2016-09-24T15:14:03.811Z','2016-09-24T15:14:03.811Z'),
 (277,3,14,'Message','hi','2016-09-24T15:18:38.406Z','2016-09-24T15:18:38.406Z'),
 (278,14,3,'Message','hi','2016-09-24T15:27:06.046Z','2016-09-24T15:27:06.046Z'),
 (279,14,3,'Message','hi','2016-09-24T15:32:49.826Z','2016-09-24T15:32:49.826Z'),
 (280,14,3,'Message','hi','2016-09-24T15:33:11.608Z','2016-09-24T15:33:11.608Z'),
 (281,3,14,'Message','hi','2016-09-24T15:35:34.899Z','2016-09-24T15:35:34.899Z'),
 (282,3,14,'Message','hi','2016-09-24T15:35:44.929Z','2016-09-24T15:35:44.929Z'),
 (283,14,3,'Message','hi','2016-09-24T16:10:39.858Z','2016-09-24T16:10:39.858Z'),
 (284,14,3,'Message','kch','2016-09-24T16:10:57.839Z','2016-09-24T16:10:57.839Z'),
 (285,14,3,'Message','hi','2016-09-24T16:14:25.365Z','2016-09-24T16:14:25.365Z'),
 (286,3,14,'Message','hi','2016-09-24T16:16:15.979Z','2016-09-24T16:16:15.979Z'),
 (287,14,3,'Message','hi','2016-09-24T16:17:34.783Z','2016-09-24T16:17:34.783Z'),
 (288,14,3,'Message','ji','2016-09-24T16:18:39.567Z','2016-09-24T16:18:39.567Z'),
 (289,3,14,'Message','hi','2016-09-24T16:19:39.677Z','2016-09-24T16:19:39.677Z'),
 (290,3,14,'Message','hi','2016-09-24T16:21:20.320Z','2016-09-24T16:21:20.320Z'),
 (291,14,3,'Message','hi','2016-09-24T16:22:47.732Z','2016-09-24T16:22:47.732Z'),
 (292,14,3,'Message','ok','2016-09-24T16:23:03.464Z','2016-09-24T16:23:03.464Z'),
 (293,14,3,'Message','ok','2016-09-24T16:23:44.389Z','2016-09-24T16:23:44.389Z'),
 (294,14,3,'Message','me','2016-09-24T16:23:51.102Z','2016-09-24T16:23:51.102Z'),
 (295,14,3,'Message','hi','2016-09-24T16:34:40.487Z','2016-09-24T16:34:40.487Z'),
 (296,14,3,'Message','ok','2016-09-24T16:34:46.632Z','2016-09-24T16:34:46.632Z'),
 (297,14,3,'Message','nhi','2016-09-24T16:34:50.040Z','2016-09-24T16:34:50.040Z'),
 (298,3,14,'Message','han','2016-09-24T16:34:54.313Z','2016-09-24T16:34:54.313Z'),
 (299,3,14,'Message','ahn','2016-09-24T16:37:52.793Z','2016-09-24T16:37:52.793Z'),
 (300,3,14,'Message','asdasd','2016-09-24T16:37:59.203Z','2016-09-24T16:37:59.203Z'),
 (301,14,3,'Message','okasdasd','2016-09-24T16:38:54.375Z','2016-09-24T16:38:54.375Z'),
 (302,3,14,'Message','ok','2016-09-24T16:39:32.750Z','2016-09-24T16:39:32.750Z'),
 (303,3,14,'Message','adasd','2016-09-24T16:39:37.242Z','2016-09-24T16:39:37.242Z'),
 (304,3,14,'Message','asdads','2016-09-24T16:39:55.141Z','2016-09-24T16:39:55.141Z'),
 (305,3,14,'Message','hi','2016-09-24T16:43:09.622Z','2016-09-24T16:43:09.622Z'),
 (306,3,14,'Message','ok','2016-09-24T16:43:14.204Z','2016-09-24T16:43:14.204Z'),
 (307,3,14,'Message','nhi','2016-09-24T16:43:17.337Z','2016-09-24T16:43:17.337Z'),
 (308,3,14,'Message','pata','2016-09-24T16:43:28.988Z','2016-09-24T16:43:28.988Z'),
 (309,14,3,'Message','hi','2016-09-24T16:50:46.594Z','2016-09-24T16:50:46.594Z'),
 (310,14,3,'Message','or ky','2016-09-24T16:50:49.988Z','2016-09-24T16:50:49.988Z'),
 (311,14,3,'Message','nhi','2016-09-24T16:50:53.346Z','2016-09-24T16:50:53.346Z'),
 (312,3,14,'Message','achha','2016-09-24T16:50:56.359Z','2016-09-24T16:50:56.359Z'),
 (313,3,14,'Message','samam','2016-09-24T16:51:01.058Z','2016-09-24T16:51:01.058Z'),
 (314,3,14,'Message','asdasd','2016-09-24T16:51:04.256Z','2016-09-24T16:51:04.256Z'),
 (315,4,3,'Message','hi','2016-09-24T16:59:42.417Z','2016-09-24T16:59:42.417Z'),
 (316,3,4,'Message','jkj','2016-09-24T16:59:50.507Z','2016-09-24T16:59:50.507Z'),
 (317,3,4,'Message','oe sasda','2016-09-24T16:59:55.006Z','2016-09-24T16:59:55.006Z'),
 (318,3,4,'Message','sasd','2016-09-24T16:59:56.059Z','2016-09-24T16:59:56.059Z'),
 (319,3,4,'Message','as','2016-09-24T16:59:56.330Z','2016-09-24T16:59:56.330Z'),
 (320,3,4,'Message','d','2016-09-24T16:59:56.546Z','2016-09-24T16:59:56.546Z'),
 (321,4,3,'Message','its awesome ','2016-09-24T16:59:56.665Z','2016-09-24T16:59:56.665Z'),
 (322,3,4,'Message','as','2016-09-24T16:59:59.734Z','2016-09-24T16:59:59.734Z'),
 (323,4,3,'Message','congrates','2016-09-24T17:00:01.842Z','2016-09-24T17:00:01.842Z'),
 (324,3,4,'Message','maja a gaya hai','2016-09-24T17:00:06.892Z','2016-09-24T17:00:06.892Z'),
 (325,4,3,'Message',':)','2016-09-24T17:00:10.402Z','2016-09-24T17:00:10.402Z'),
 (326,3,4,'Message','ok','2016-09-24T17:00:20.928Z','2016-09-24T17:00:20.928Z'),
 (327,4,14,'Message','hiii','2016-09-25T11:08:31.522Z','2016-09-25T11:08:31.522Z'),
 (328,4,14,'Message','kya ho riya','2016-09-25T11:08:43.704Z','2016-09-25T11:08:43.704Z'),
 (329,4,3,'Message','hiii','2016-09-25T11:08:49.586Z','2016-09-25T11:08:49.586Z'),
 (330,4,3,'Message','hiii','2016-09-25T11:08:56.371Z','2016-09-25T11:08:56.371Z'),
 (331,3,4,'Message','hi','2016-09-25T11:09:08.932Z','2016-09-25T11:09:08.932Z'),
 (332,3,4,'Message','or ','2016-09-25T11:09:10.952Z','2016-09-25T11:09:10.952Z'),
 (333,4,3,'Message','kya ho riya','2016-09-25T11:09:10.361Z','2016-09-25T11:09:10.361Z'),
 (334,3,4,'Message','kch ','2016-09-25T11:09:13.711Z','2016-09-25T11:09:13.711Z'),
 (335,3,4,'Message','nhi','2016-09-25T11:09:15.434Z','2016-09-25T11:09:15.434Z'),
 (336,14,3,'Message','hi','2016-09-25T11:35:13.480Z','2016-09-25T11:35:13.480Z'),
 (337,14,3,'Message','hi','2016-09-25T11:35:35.265Z','2016-09-25T11:35:35.265Z'),
 (338,3,14,'Message','hi','2016-09-25T11:35:39.270Z','2016-09-25T11:35:39.270Z'),
 (339,3,14,'Message','hi','2016-09-25T11:37:40.358Z','2016-09-25T11:37:40.358Z'),
 (340,3,14,'Message','hi','2016-09-25T11:40:33.749Z','2016-09-25T11:40:33.749Z'),
 (341,3,14,'Message','hi','2016-09-25T11:41:17.605Z','2016-09-25T11:41:17.605Z'),
 (342,3,14,'Message','hi','2016-09-25T11:42:32.023Z','2016-09-25T11:42:32.024Z'),
 (343,14,3,'Message','hi','2016-09-25T11:45:00.181Z','2016-09-25T11:45:00.181Z'),
 (344,3,14,'Message','hi','2016-09-25T11:50:24.486Z','2016-09-25T11:50:24.486Z'),
 (345,3,14,'Message','hi','2016-09-25T11:51:56.123Z','2016-09-25T11:51:56.123Z'),
 (346,3,14,'Message','q','2016-09-25T11:52:01.272Z','2016-09-25T11:52:01.272Z'),
 (347,3,14,'Message','hi','2016-09-25T11:53:52.290Z','2016-09-25T11:53:52.290Z'),
 (348,3,14,'Message','hi\\','2016-09-25T11:54:21.986Z','2016-09-25T11:54:21.986Z'),
 (349,3,14,'Message','hi','2016-09-25T11:55:24.799Z','2016-09-25T11:55:24.799Z'),
 (350,14,3,'Message','hi','2016-09-25T11:59:09.643Z','2016-09-25T11:59:09.643Z'),
 (351,3,14,'Message','hi','2016-09-25T12:02:27.024Z','2016-09-25T12:02:27.024Z'),
 (352,14,3,'Message','hi','2016-09-25T12:04:18.693Z','2016-09-25T12:04:18.693Z'),
 (353,14,3,'Message','hi','2016-09-25T12:05:47.813Z','2016-09-25T12:05:47.813Z'),
 (354,3,14,'Message','hi','2016-09-25T12:08:38.212Z','2016-09-25T12:08:38.212Z'),
 (355,3,14,'Message','hi','2016-09-25T12:08:58.563Z','2016-09-25T12:08:58.563Z'),
 (356,14,3,'Message','hi','2016-09-25T12:09:40.364Z','2016-09-25T12:09:40.364Z'),
 (357,14,3,'Message','hi','2016-09-25T13:27:42.207Z','2016-09-25T13:27:42.207Z'),
 (358,3,14,'Message','hi','2016-09-25T13:28:35.311Z','2016-09-25T13:28:35.311Z'),
 (359,14,3,'Message','hi','2016-09-25T13:29:07.369Z','2016-09-25T13:29:07.369Z'),
 (360,14,3,'Message','or','2016-09-25T13:29:24.943Z','2016-09-25T13:29:24.943Z'),
 (361,3,14,'Message','kch  nhi','2016-09-25T13:29:33.075Z','2016-09-25T13:29:33.075Z'),
 (362,14,3,'Message','msg nhi aya ','2016-09-25T13:29:52.675Z','2016-09-25T13:29:52.675Z'),
 (363,14,3,'Message','han','2016-09-25T13:29:56.867Z','2016-09-25T13:29:56.867Z'),
 (364,3,14,'Message','ok','2016-09-25T13:29:59.098Z','2016-09-25T13:29:59.098Z'),
 (365,14,3,'Message','resned','2016-09-25T13:30:05.177Z','2016-09-25T13:30:05.177Z'),
 (366,3,14,'Message','q','2016-09-25T13:30:11.618Z','2016-09-25T13:30:11.618Z'),
 (367,14,3,'Message','hi','2016-09-25T13:32:17.348Z','2016-09-25T13:32:17.348Z'),
 (368,3,14,'Message','ok','2016-09-25T13:32:24.826Z','2016-09-25T13:32:24.826Z'),
 (369,14,3,'Message','hi','2016-09-25T13:33:43.065Z','2016-09-25T13:33:43.065Z'),
 (370,3,14,'Message','or','2016-09-25T13:33:48.086Z','2016-09-25T13:33:48.086Z'),
 (371,3,14,'Message','nhi','2016-09-25T13:33:57.526Z','2016-09-25T13:33:57.526Z'),
 (372,14,3,'Message','ahsa','2016-09-25T13:33:59.876Z','2016-09-25T13:33:59.876Z'),
 (373,3,14,'Message','asas','2016-09-25T13:34:02.106Z','2016-09-25T13:34:02.106Z'),
 (374,14,3,'Message','asas','2016-09-25T13:34:03.792Z','2016-09-25T13:34:03.792Z'),
 (375,3,14,'Message','akak','2016-09-25T13:34:08.392Z','2016-09-25T13:34:08.392Z'),
 (376,14,3,'Message','ok','2016-09-25T13:34:12.150Z','2016-09-25T13:34:12.150Z'),
 (377,3,14,'Message','muje pata tha','2016-09-25T13:34:19.388Z','2016-09-25T13:34:19.388Z'),
 (378,14,3,'Message','han','2016-09-25T13:34:22.551Z','2016-09-25T13:34:22.551Z'),
 (379,3,14,'Message','bus usi me laga hai','2016-09-25T13:34:30.205Z','2016-09-25T13:34:30.205Z'),
 (380,14,3,'Message','hi','2016-09-25T13:35:36.581Z','2016-09-25T13:35:36.581Z'),
 (381,3,14,'Message','or ky','2016-09-25T13:35:41.558Z','2016-09-25T13:35:41.558Z'),
 (382,3,14,'Message','nhi','2016-09-25T13:35:45.417Z','2016-09-25T13:35:45.417Z'),
 (383,3,4,'Message','hi','2016-09-25T13:37:30.843Z','2016-09-25T13:37:30.843Z'),
 (384,4,3,'Message','hello','2016-09-25T13:37:44.609Z','2016-09-25T13:37:44.609Z'),
 (385,4,3,'Message','hi','2016-09-25T13:38:29.377Z','2016-09-25T13:38:29.377Z'),
 (386,4,3,'Message','hi','2016-09-25T13:39:15.233Z','2016-09-25T13:39:15.233Z'),
 (387,3,4,'Message','ok','2016-09-25T13:39:41.191Z','2016-09-25T13:39:41.191Z'),
 (388,4,3,'Message','its awesome','2016-09-25T13:39:45.765Z','2016-09-25T13:39:45.765Z'),
 (389,4,3,'Message','Congratulations','2016-09-25T13:39:58.522Z','2016-09-25T13:39:58.522Z'),
 (390,4,14,'Message','hi','2016-09-25T14:33:08.466Z','2016-09-25T14:33:08.466Z'),
 (391,14,4,'Message','hi','2016-09-25T14:34:22.211Z','2016-09-25T14:34:22.211Z'),
 (392,14,4,'Message','or','2016-09-25T14:35:13.699Z','2016-09-25T14:35:13.699Z'),
 (393,14,4,'Message','hhjhjh','2016-09-25T14:35:17.632Z','2016-09-25T14:35:17.632Z'),
 (394,14,4,'Message','Majority of employers in India are concerned with the growing skills gap and feel that despite having open positions they are unable to find qualified candidates. There is a growing disconnect between the needs of the employers and the skills that are available in the job market today. This causes workers and companies to miss out on realizing their full potential and creates multiple negative consequences for businesses,\"  We are determined to impart quality education to the students with much emphasis on, latest knowledge, analytical skills and practical exposure, management competence, an innovative and initiating approach to work & to make them renowned, skilled and dedicated professionals in the respective fields by imparting suitable training so that the growing skill gap can be filled.  Mr. Suresh Chandra Verma Chief Executive Officer  Highline Educare India Pvt. Ltd. â€¢	Working as Chief Executive Officer, Highline Educare India Pvt. Ltd. â€¢	Worked as National Head, Black Panther Khwaish Skills trainers â€¢	Worked as Business Head, Quantum Resource Consultant. â€¢	Worked as State Head (MP-CG) at Institute of Advanced Security Training & Management Pvt. Ltd.. â€¢	Worked with Centre For Entrepreneurship Development M P (CEDMAP) in different portfolios since (1996 till 2013).  â€¢	RESEARCH PROJECT WORKS UNDERTAKEN -	Under taking project on research consumer behavior with reference to Philips product during course curriculum. -	Undertaking research projects for identifying possible industrial opportunities for District Shivpuri, Gwalior, Mandla and Harda and currently completed a special Industrial opportunity survey for M.P. Audhyogik Kendra Vikas Nigam, Bhopal for proposed Food park at sponsored by Ministry of Food Processing Govt. of India. -	Undertaking research for Leather Development Corporation and M.P. HastshilpVikas Nigam for their beneficiaries. -	Undertaking research work for impact study of SJSRY scheme at Bhind, Shivpuri, and Gwalior District of M.P. -	Undertaking research work for impact study of skill training and schemes of MPHSVN at Hoshangabad District of M.P. -	Undertaking research work for impact study of  training organized at Hoshangabad&Harda District of M.P.by CEDMAP as a ','2016-09-25T14:36:21.460Z','2016-09-25T14:36:21.460Z'),
 (395,14,4,'Message','hello','2016-09-25T14:37:56.456Z','2016-09-25T14:37:56.456Z'),
 (396,14,4,'Message','dffkfkf','2016-09-25T14:38:12.620Z','2016-09-25T14:38:12.620Z'),
 (397,14,4,'Message','hello','2016-09-25T14:38:59.356Z','2016-09-25T14:38:59.356Z'),
 (398,14,4,'Message','jhjj','2016-09-25T14:39:09.957Z','2016-09-25T14:39:09.957Z'),
 (399,3,4,'Message','hii','2016-09-25T14:39:55.673Z','2016-09-25T14:39:55.673Z'),
 (400,4,3,'Message','hello','2016-09-25T14:40:01.044Z','2016-09-25T14:40:01.044Z'),
 (401,3,4,'Message','ka ho rao','2016-09-25T14:40:10.765Z','2016-09-25T14:40:10.765Z'),
 (402,4,3,'Message','mast','2016-09-25T14:40:13.359Z','2016-09-25T14:40:13.359Z'),
 (403,3,4,'Message','sdfdffsf','2016-09-25T14:40:19.534Z','2016-09-25T14:40:19.534Z'),
 (404,3,4,'Message','sdfdsf','2016-09-25T14:40:20.303Z','2016-09-25T14:40:20.303Z'),
 (405,3,4,'Message','df','2016-09-25T14:40:20.937Z','2016-09-25T14:40:20.937Z'),
 (406,3,4,'Message','dsf','2016-09-25T14:40:21.494Z','2016-09-25T14:40:21.494Z'),
 (407,4,3,'Message','dfngdkgdng','2016-09-25T14:40:19.969Z','2016-09-25T14:40:19.969Z'),
 (408,3,4,'Message','df','2016-09-25T14:40:22.033Z','2016-09-25T14:40:22.033Z'),
 (409,3,4,'Message','dsf','2016-09-25T14:40:22.485Z','2016-09-25T14:40:22.485Z'),
 (410,4,3,'Message','fgndfgdfgd','2016-09-25T14:40:21.167Z','2016-09-25T14:40:21.167Z'),
 (411,3,4,'Message','dfs','2016-09-25T14:40:22.968Z','2016-09-25T14:40:22.968Z'),
 (412,3,4,'Message','dsf','2016-09-25T14:40:23.506Z','2016-09-25T14:40:23.506Z'),
 (413,4,3,'Message','fgdfmgnfg','2016-09-25T14:40:22.046Z','2016-09-25T14:40:22.046Z'),
 (414,3,4,'Message','df','2016-09-25T14:40:24.131Z','2016-09-25T14:40:24.131Z'),
 (415,4,3,'Message','fgndfg','2016-09-25T14:40:22.844Z','2016-09-25T14:40:22.844Z'),
 (416,3,4,'Message','df','2016-09-25T14:40:24.610Z','2016-09-25T14:40:24.610Z'),
 (417,3,4,'Message','df','2016-09-25T14:40:25.164Z','2016-09-25T14:40:25.164Z'),
 (418,4,3,'Message','gngfgd','2016-09-25T14:40:23.698Z','2016-09-25T14:40:23.698Z'),
 (419,3,4,'Message','df','2016-09-25T14:40:25.790Z','2016-09-25T14:40:25.790Z'),
 (420,4,3,'Message','gdmfgdgf','2016-09-25T14:40:24.477Z','2016-09-25T14:40:24.477Z'),
 (421,3,4,'Message','df','2016-09-25T14:40:26.464Z','2016-09-25T14:40:26.464Z'),
 (422,4,3,'Message','gdmfgdgd','2016-09-25T14:40:25.198Z','2016-09-25T14:40:25.198Z'),
 (423,3,4,'Message','dsf','2016-09-25T14:40:26.961Z','2016-09-25T14:40:26.961Z'),
 (424,4,3,'Message','gmfgdg','2016-09-25T14:40:26.094Z','2016-09-25T14:40:26.094Z'),
 (425,4,3,'Message','fgmdfg\'dg','2016-09-25T14:40:27.355Z','2016-09-25T14:40:27.355Z'),
 (426,4,3,'Message','fgmdg','2016-09-25T14:40:28.493Z','2016-09-25T14:40:28.493Z'),
 (427,4,3,'Message','mdfg','2016-09-25T14:40:29.602Z','2016-09-25T14:40:29.602Z'),
 (428,4,3,'Message','fgmg','2016-09-25T14:40:30.676Z','2016-09-25T14:40:30.676Z'),
 (429,4,3,'Message','mfdg','2016-09-25T14:40:31.690Z','2016-09-25T14:40:31.690Z'),
 (430,4,3,'Message','gmdgdg','2016-09-25T14:40:32.866Z','2016-09-25T14:40:32.866Z'),
 (431,3,4,'Message','dflll','2016-09-25T14:40:40.688Z','2016-09-25T14:40:40.688Z'),
 (432,4,3,'Message','hello','2016-09-25T14:51:53.955Z','2016-09-25T14:51:53.955Z'),
 (433,3,4,'Message','hi','2016-09-25T15:42:09.667Z','2016-09-25T15:42:09.667Z'),
 (434,14,3,'Message','hi','2016-09-25T16:02:04.575Z','2016-09-25T16:02:04.575Z'),
 (435,14,3,'Message','ok','2016-09-25T16:02:58.875Z','2016-09-25T16:02:58.875Z'),
 (436,3,14,'Message','nhi','2016-09-25T16:03:03.953Z','2016-09-25T16:03:03.953Z'),
 (437,14,3,'Message','aosdo','2016-09-25T16:03:06.281Z','2016-09-25T16:03:06.281Z'),
 (438,3,14,'Message','hi','2016-09-25T16:06:36.266Z','2016-09-25T16:06:36.266Z'),
 (439,14,3,'Message','hi','2016-09-25T16:23:39.782Z','2016-09-25T16:23:39.782Z'),
 (440,14,3,'Message','hi','2016-09-25T16:27:04.333Z','2016-09-25T16:27:04.333Z'),
 (441,3,14,'Message','hi','2016-09-25T16:27:17.713Z','2016-09-25T16:27:17.713Z'),
 (442,3,14,'Message','hi','2016-09-25T16:28:13.309Z','2016-09-25T16:28:13.309Z'),
 (443,14,3,'Message','hi','2016-09-25T16:28:22.171Z','2016-09-25T16:28:22.171Z'),
 (444,14,3,'Message','o','2016-09-25T16:28:25.169Z','2016-09-25T16:28:25.169Z'),
 (445,14,3,'Message','j ','2016-09-25T16:29:17.963Z','2016-09-25T16:29:17.963Z'),
 (446,14,3,'Message','hi','2016-09-25T16:33:38.102Z','2016-09-25T16:33:38.102Z'),
 (447,14,3,'Message','hi','2016-09-25T16:33:52.056Z','2016-09-25T16:33:52.056Z'),
 (448,3,14,'Message','hi','2016-09-25T16:34:43.913Z','2016-09-25T16:34:43.913Z'),
 (449,14,3,'Message','hi','2016-09-26T07:00:57.731Z','2016-09-26T07:00:57.731Z'),
 (450,14,3,'Message','hi','2016-09-26T07:02:28.030Z','2016-09-26T07:02:28.030Z'),
 (451,14,3,'Message','hi','2016-09-26T07:04:00.010Z','2016-09-26T07:04:00.010Z'),
 (452,14,3,'Message','hi','2016-09-26T07:04:25.622Z','2016-09-26T07:04:25.622Z'),
 (453,14,3,'Message','hi','2016-09-26T07:05:41.476Z','2016-09-26T07:05:41.476Z'),
 (454,3,14,'Message','hi','2016-09-26T07:07:15.395Z','2016-09-26T07:07:15.395Z'),
 (455,14,3,'Message','hi','2016-09-26T07:07:27.682Z','2016-09-26T07:07:27.682Z'),
 (456,4,3,'Message','hi','2016-09-26T07:38:40.161Z','2016-09-26T07:38:40.161Z'),
 (457,4,3,'Message','hi','2016-09-26T07:40:40.686Z','2016-09-26T07:40:40.686Z'),
 (458,4,3,'Message','hi','2016-09-26T07:40:56.161Z','2016-09-26T07:40:56.161Z'),
 (459,4,3,'Message','hi','2016-09-26T07:45:22.788Z','2016-09-26T07:45:22.788Z'),
 (460,4,3,'Message','hi','2016-09-26T07:45:48.749Z','2016-09-26T07:45:48.749Z'),
 (461,4,3,'Message','hi','2016-09-26T07:51:43.044Z','2016-09-26T07:51:43.044Z'),
 (462,3,4,'Message','hi','2016-09-26T07:52:06.027Z','2016-09-26T07:52:06.027Z'),
 (463,4,3,'Message','hi','2016-09-26T07:54:34.612Z','2016-09-26T07:54:34.612Z'),
 (464,3,4,'Message','hi','2016-09-26T07:55:03.303Z','2016-09-26T07:55:03.303Z'),
 (465,3,14,'Message','hi','2016-09-26T08:04:32.523Z','2016-09-26T08:04:32.523Z'),
 (466,14,3,'Message','hi','2016-09-26T08:04:39.391Z','2016-09-26T08:04:39.391Z'),
 (467,14,3,'Message','hi','2016-09-26T08:06:46.623Z','2016-09-26T08:06:46.623Z'),
 (468,4,3,'Message','hi','2016-09-26T08:25:06.675Z','2016-09-26T08:25:06.675Z'),
 (469,3,4,'Message','hi','2016-09-26T08:29:35.082Z','2016-09-26T08:29:35.082Z'),
 (470,4,3,'Message','hi','2016-09-26T08:31:24.666Z','2016-09-26T08:31:24.666Z'),
 (471,4,3,'Message','hi','2016-09-26T08:34:37.705Z','2016-09-26T08:34:37.705Z'),
 (472,3,4,'Message','hi','2016-09-26T08:38:40.758Z','2016-09-26T08:38:40.758Z'),
 (473,4,3,'Message','hi','2016-09-26T08:42:41.589Z','2016-09-26T08:42:41.589Z'),
 (474,4,3,'Message','hi','2016-09-26T08:46:59.389Z','2016-09-26T08:46:59.389Z'),
 (475,4,3,'Message','hi','2016-09-26T08:47:43.992Z','2016-09-26T08:47:43.992Z'),
 (476,4,3,'Message','hi','2016-09-26T08:48:06.649Z','2016-09-26T08:48:06.649Z'),
 (477,4,3,'Message','hi','2016-09-26T08:48:25.277Z','2016-09-26T08:48:25.277Z'),
 (478,4,3,'Message','ok','2016-09-26T08:48:34.039Z','2016-09-26T08:48:34.039Z'),
 (479,4,3,'Message','nhi','2016-09-26T08:48:42.264Z','2016-09-26T08:48:42.264Z'),
 (480,3,14,'Message','hi','2016-09-26T08:53:36.725Z','2016-09-26T08:53:36.725Z'),
 (481,4,3,'Message','hi','2016-09-26T09:49:08.691Z','2016-09-26T09:49:08.691Z'),
 (482,4,3,'Message','hi','2016-09-26T09:49:25.751Z','2016-09-26T09:49:25.751Z'),
 (483,4,3,'Message','ok','2016-09-26T09:49:30.526Z','2016-09-26T09:49:30.526Z'),
 (484,4,3,'Message','nhi','2016-09-26T09:49:44.070Z','2016-09-26T09:49:44.070Z'),
 (485,3,4,'Message','ok','2016-09-26T09:50:05.088Z','2016-09-26T09:50:05.088Z'),
 (486,3,4,'Message','hn','2016-09-26T09:50:19.136Z','2016-09-26T09:50:19.136Z'),
 (487,4,3,'Message','ok','2016-09-26T09:50:27.509Z','2016-09-26T09:50:27.509Z'),
 (488,3,4,'Message','hi','2016-09-26T09:51:07.767Z','2016-09-26T09:51:07.767Z'),
 (489,3,4,'Message','jhakk','2016-09-26T09:51:18.438Z','2016-09-26T09:51:18.438Z'),
 (490,3,4,'Message','hi','2016-09-26T09:53:28.006Z','2016-09-26T09:53:28.006Z'),
 (491,3,4,'Message','iui0','2016-09-26T09:53:40.244Z','2016-09-26T09:53:40.244Z'),
 (492,4,3,'Message','hello','2016-09-26T09:53:48.873Z','2016-09-26T09:53:48.873Z'),
 (493,3,4,'Message','ok','2016-09-26T09:53:52.088Z','2016-09-26T09:53:52.088Z'),
 (494,4,3,'Message','congrates','2016-09-26T09:53:59.362Z','2016-09-26T09:53:59.362Z'),
 (495,4,3,'Message','hell','2016-09-26T10:02:13.975Z','2016-09-26T10:02:13.975Z'),
 (496,4,3,'Message','hee','2016-09-26T10:02:25.294Z','2016-09-26T10:02:25.294Z'),
 (497,4,3,'Message','hi','2016-09-26T10:11:36.605Z','2016-09-26T10:11:36.605Z'),
 (498,4,3,'Message','ok','2016-09-26T10:11:42.449Z','2016-09-26T10:11:42.449Z'),
 (499,4,3,'Message','nhi','2016-09-26T10:12:01.923Z','2016-09-26T10:12:01.923Z'),
 (500,3,4,'Message','hi','2016-09-26T10:14:16.005Z','2016-09-26T10:14:16.005Z'),
 (501,4,3,'Message','hi','2016-09-26T10:21:32.106Z','2016-09-26T10:21:32.106Z'),
 (502,4,3,'Message','ok','2016-09-26T10:21:43.124Z','2016-09-26T10:21:43.124Z'),
 (503,4,3,'Message','nhi','2016-09-26T10:21:46.661Z','2016-09-26T10:21:46.661Z'),
 (504,4,3,'Message','hi','2016-09-26T10:25:21.823Z','2016-09-26T10:25:21.823Z'),
 (505,3,4,'Message','hi','2016-09-26T10:32:28.304Z','2016-09-26T10:32:28.304Z'),
 (506,3,4,'Message','hi','2016-09-26T10:34:30.173Z','2016-09-26T10:34:30.173Z'),
 (507,3,4,'Message','ok','2016-09-26T10:34:39.279Z','2016-09-26T10:34:39.279Z'),
 (508,4,3,'Message','hi','2016-09-26T11:30:51.095Z','2016-09-26T11:30:51.095Z'),
 (509,4,3,'Message','ok','2016-09-26T11:30:54.231Z','2016-09-26T11:30:54.231Z'),
 (510,3,4,'Message','sam','2016-09-26T11:30:56.540Z','2016-09-26T11:30:56.540Z'),
 (511,3,4,'Message','hi','2016-09-26T11:32:15.111Z','2016-09-26T11:32:15.111Z'),
 (512,3,4,'Message','ok','2016-09-26T11:33:11.252Z','2016-09-26T11:33:11.252Z'),
 (513,3,4,'Message','hn','2016-09-26T11:33:17.870Z','2016-09-26T11:33:17.870Z'),
 (514,3,4,'Message','nhi','2016-09-26T11:33:20.456Z','2016-09-26T11:33:20.456Z'),
 (515,4,3,'Message','ok','2016-09-26T11:33:36.370Z','2016-09-26T11:33:36.370Z'),
 (516,3,4,'Message','hna','2016-09-26T11:33:42.862Z','2016-09-26T11:33:42.862Z'),
 (517,4,3,'Message','ok','2016-09-26T11:33:53.539Z','2016-09-26T11:33:53.539Z'),
 (518,4,3,'Message','ok','2016-09-26T11:34:00.201Z','2016-09-26T11:34:00.201Z'),
 (519,4,3,'Message','hi','2016-09-26T11:36:21.169Z','2016-09-26T11:36:21.169Z'),
 (520,3,4,'Message','ok','2016-09-26T11:36:27.664Z','2016-09-26T11:36:27.664Z'),
 (521,3,4,'Message','nhi','2016-09-26T11:36:30.712Z','2016-09-26T11:36:30.712Z'),
 (522,3,4,'Message','muje pata tha ki','2016-09-26T11:36:35.803Z','2016-09-26T11:36:35.803Z'),
 (523,3,4,'Message','tum cll krogi','2016-09-26T11:36:41.996Z','2016-09-26T11:36:41.996Z'),
 (524,3,4,'Message','but nhi kiya','2016-09-26T11:36:46.821Z','2016-09-26T11:36:46.821Z'),
 (525,4,3,'Message','to hum ky kare','2016-09-26T11:36:53.641Z','2016-09-26T11:36:53.641Z'),
 (526,4,3,'Message','asdas','2016-09-26T11:36:54.905Z','2016-09-26T11:36:54.905Z'),
 (527,4,3,'Message','asdasdasdkk','2016-09-26T11:36:57.062Z','2016-09-26T11:36:57.062Z'),
 (528,4,3,'Message','asjmdj','2016-09-26T11:36:58.886Z','2016-09-26T11:36:58.886Z'),
 (529,4,3,'Message','jmsmsj','2016-09-26T11:37:00.553Z','2016-09-26T11:37:00.553Z'),
 (530,4,3,'Message','ok','2016-09-26T11:37:03.461Z','2016-09-26T11:37:03.461Z'),
 (531,3,4,'Message','ok','2016-09-26T11:37:12.117Z','2016-09-26T11:37:12.117Z'),
 (532,3,4,'Message','sss','2016-09-26T11:37:14.519Z','2016-09-26T11:37:14.519Z'),
 (533,3,4,'Message','ok','2016-09-26T11:37:19.309Z','2016-09-26T11:37:19.309Z'),
 (534,3,4,'Message','kkk','2016-09-26T11:37:20.284Z','2016-09-26T11:37:20.284Z'),
 (535,3,4,'Message','kkkkk','2016-09-26T11:37:35.155Z','2016-09-26T11:37:35.155Z'),
 (536,3,4,'Message','hi','2016-09-26T11:41:18.287Z','2016-09-26T11:41:18.287Z'),
 (537,4,3,'Message','hi','2016-09-26T11:54:02.626Z','2016-09-26T11:54:02.626Z'),
 (538,3,4,'Message','hi','2016-09-26T11:55:12.845Z','2016-09-26T11:55:12.845Z'),
 (539,3,4,'Message','ok','2016-09-26T11:55:17.812Z','2016-09-26T11:55:17.812Z'),
 (540,4,3,'Message','hi','2016-09-26T12:04:12.687Z','2016-09-26T12:04:12.687Z'),
 (541,4,3,'Message','hi','2016-09-26T12:05:16.958Z','2016-09-26T12:05:16.958Z'),
 (542,4,3,'Message','hi','2016-09-26T12:05:46.070Z','2016-09-26T12:05:46.070Z'),
 (543,4,3,'Message','hi','2016-09-26T12:09:29.974Z','2016-09-26T12:09:29.974Z'),
 (544,4,3,'Message','hi','2016-09-26T12:18:35.315Z','2016-09-26T12:18:35.315Z'),
 (545,14,3,'Message','hi','2016-09-26T12:19:27.189Z','2016-09-26T12:19:27.189Z'),
 (546,3,14,'Message','hi','2016-09-26T12:19:34.957Z','2016-09-26T12:19:34.957Z'),
 (547,3,14,'Message','hi','2016-09-26T12:19:45.726Z','2016-09-26T12:19:45.726Z'),
 (548,14,3,'Message','hi','2016-09-26T12:55:51.705Z','2016-09-26T12:55:51.705Z'),
 (549,14,3,'Message','sja','2016-09-26T12:55:54.173Z','2016-09-26T12:55:54.173Z'),
 (550,14,3,'Message','asjs','2016-09-26T12:55:55.204Z','2016-09-26T12:55:55.204Z'),
 (551,14,3,'Message','asa','2016-09-26T12:55:55.976Z','2016-09-26T12:55:55.976Z'),
 (552,14,3,'Message','shashsa','2016-09-26T12:55:56.916Z','2016-09-26T12:55:56.916Z'),
 (553,14,3,'Message','hsa','2016-09-26T12:55:57.370Z','2016-09-26T12:55:57.370Z'),
 (554,14,3,'Message','shasjashsa','2016-09-26T12:55:58.641Z','2016-09-26T12:55:58.641Z'),
 (555,14,3,'Message','hsa','2016-09-26T12:55:59.066Z','2016-09-26T12:55:59.066Z'),
 (556,14,3,'Message','sha','2016-09-26T12:55:59.497Z','2016-09-26T12:55:59.497Z'),
 (557,14,3,'Message','s\\a','2016-09-26T12:55:59.898Z','2016-09-26T12:55:59.898Z'),
 (558,14,3,'Message','sasasjiksoas','2016-09-26T12:56:01.224Z','2016-09-26T12:56:01.224Z'),
 (559,14,3,'Message','shsdf','2016-09-26T12:56:01.727Z','2016-09-26T12:56:01.727Z'),
 (560,14,3,'Message','andaadjkdsfla','2016-09-26T12:56:02.952Z','2016-09-26T12:56:02.952Z'),
 (561,14,3,'Message','asdkasdsajkdjsasjjjjjjjjjjjjjjjjjjjjjjjjjjjjjjjjjjjjjjjjjjjjjj','2016-09-26T12:56:07.883Z','2016-09-26T12:56:07.883Z'),
 (562,14,3,'Message','sdasdasda','2016-09-26T12:56:10.957Z','2016-09-26T12:56:10.957Z'),
 (563,14,3,'Message','asd','2016-09-26T12:56:11.290Z','2016-09-26T12:56:11.290Z'),
 (564,14,3,'Message','asd','2016-09-26T12:56:11.507Z','2016-09-26T12:56:11.507Z'),
 (565,14,3,'Message','as','2016-09-26T12:56:11.761Z','2016-09-26T12:56:11.761Z'),
 (566,14,3,'Message','dasdas da sd as da sd asd  ads asd as d asd as','2016-09-26T12:56:15.460Z','2016-09-26T12:56:15.460Z'),
 (567,14,3,'Message','kkkkkkkkkkkkkkkkkkkkkkkkkkk','2016-09-26T12:56:18.993Z','2016-09-26T12:56:18.993Z'),
 (568,14,3,'Message','kkkkkkkkkkkkkkkkkkkkkkkkkk','2016-09-26T12:56:21.498Z','2016-09-26T12:56:21.498Z'),
 (569,4,3,'Message','hi','2016-09-26T12:58:17.694Z','2016-09-26T12:58:17.694Z'),
 (570,4,3,'Message','ok','2016-09-26T12:58:22.459Z','2016-09-26T12:58:22.459Z'),
 (571,4,3,'Message','hi','2016-09-26T13:00:37.125Z','2016-09-26T13:00:37.125Z'),
 (572,4,3,'Message','hh','2016-09-26T13:03:09.147Z','2016-09-26T13:03:09.147Z'),
 (573,3,4,'Message','hi','2016-09-26T13:03:16.400Z','2016-09-26T13:03:16.400Z'),
 (574,4,3,'Message','hi','2016-09-26T13:09:00.193Z','2016-09-26T13:09:00.193Z'),
 (575,4,3,'Message','asas','2016-09-26T13:09:06.009Z','2016-09-26T13:09:06.009Z'),
 (576,4,3,'Message','ok','2016-09-26T13:09:15.385Z','2016-09-26T13:09:15.385Z'),
 (577,4,3,'Message','nhi','2016-09-26T13:09:21.604Z','2016-09-26T13:09:21.604Z'),
 (578,3,4,'Message','ok','2016-09-26T13:09:30.362Z','2016-09-26T13:09:30.362Z'),
 (579,3,4,'Message','nhi','2016-09-26T13:09:39.315Z','2016-09-26T13:09:39.315Z'),
 (580,3,4,'Message','hi','2016-09-26T13:10:48.049Z','2016-09-26T13:10:48.049Z'),
 (581,4,3,'Message','hi','2016-09-26T13:10:51.267Z','2016-09-26T13:10:51.267Z'),
 (582,3,4,'Message','hi','2016-09-26T13:12:56.451Z','2016-09-26T13:12:56.451Z'),
 (583,4,3,'Message','ok','2016-09-26T13:13:00.873Z','2016-09-26T13:13:00.873Z'),
 (584,4,3,'Message','q','2016-09-26T13:13:03.269Z','2016-09-26T13:13:03.269Z'),
 (585,4,3,'Message','pata nhi','2016-09-26T13:13:06.849Z','2016-09-26T13:13:06.849Z'),
 (586,4,3,'Message','wamp','2016-09-26T13:13:15.161Z','2016-09-26T13:13:15.161Z'),
 (587,3,4,'Message','hi','2016-09-26T13:15:01.989Z','2016-09-26T13:15:01.989Z'),
 (588,3,4,'Message','ok','2016-09-26T13:15:06.138Z','2016-09-26T13:15:06.138Z'),
 (589,4,3,'Message','han','2016-09-26T13:15:24.504Z','2016-09-26T13:15:24.504Z'),
 (590,3,4,'Message','hna','2016-09-26T13:15:33.694Z','2016-09-26T13:15:33.694Z'),
 (591,4,3,'Message','saj raha hon','2016-09-26T13:15:49.004Z','2016-09-26T13:15:49.004Z'),
 (592,4,3,'Message','ok','2016-09-26T13:16:18.056Z','2016-09-26T13:16:18.056Z'),
 (593,3,4,'Message','ok','2016-09-26T13:16:59.202Z','2016-09-26T13:16:59.202Z'),
 (594,3,4,'Message','kch','2016-09-26T13:17:02.505Z','2016-09-26T13:17:02.505Z'),
 (595,4,3,'Message','hi','2016-09-26T13:17:07.850Z','2016-09-26T13:17:07.850Z'),
 (596,4,3,'Message','sama','2016-09-26T13:17:10.444Z','2016-09-26T13:17:10.444Z'),
 (597,4,3,'Message','sok','2016-09-26T13:17:16.354Z','2016-09-26T13:17:16.354Z'),
 (598,3,4,'Message','ok','2016-09-26T13:17:27.948Z','2016-09-26T13:17:27.949Z'),
 (599,3,4,'Message','okk','2016-09-26T13:17:31.665Z','2016-09-26T13:17:31.665Z'),
 (600,3,4,'Message','nhi hua','2016-09-26T13:17:37.394Z','2016-09-26T13:17:37.394Z'),
 (601,4,3,'Message','but','2016-09-26T13:17:44.978Z','2016-09-26T13:17:44.978Z'),
 (602,3,4,'Message','q','2016-09-26T13:17:49.402Z','2016-09-26T13:17:49.402Z'),
 (603,3,4,'Message','ssa','2016-09-26T13:17:52.317Z','2016-09-26T13:17:52.317Z'),
 (604,3,4,'Message','sas','2016-09-26T13:18:00.780Z','2016-09-26T13:18:00.780Z'),
 (605,4,3,'Message','achha','2016-09-26T13:18:05.109Z','2016-09-26T13:18:05.109Z'),
 (606,3,4,'Message','hao','2016-09-26T13:18:13.840Z','2016-09-26T13:18:13.840Z'),
 (607,4,3,'Message','ok','2016-09-26T13:18:22.014Z','2016-09-26T13:18:22.014Z'),
 (608,4,3,'Message','that','2016-09-26T13:18:24.981Z','2016-09-26T13:18:24.981Z'),
 (609,3,4,'Message','me','2016-09-26T13:18:29.679Z','2016-09-26T13:18:29.679Z'),
 (610,3,4,'Message','nhi','2016-09-26T13:18:37.179Z','2016-09-26T13:18:37.179Z'),
 (611,4,3,'Message','ok','2016-09-26T13:18:40.216Z','2016-09-26T13:18:40.216Z'),
 (612,4,3,'Message','o','2016-09-26T13:18:42.341Z','2016-09-26T13:18:42.341Z'),
 (613,4,3,'Message','nhi nhi','2016-09-26T13:18:45.382Z','2016-09-26T13:18:45.382Z'),
 (614,3,4,'Message','ok','2016-09-26T13:18:55.005Z','2016-09-26T13:18:55.005Z'),
 (615,3,4,'Message','kiki','2016-09-26T13:19:02.824Z','2016-09-26T13:19:02.824Z'),
 (616,4,3,'Message','ok','2016-09-26T13:19:59.465Z','2016-09-26T13:19:59.465Z'),
 (617,3,4,'Message','nhi','2016-09-26T13:20:03.953Z','2016-09-26T13:20:03.953Z'),
 (618,4,3,'Message','kk','2016-09-26T13:20:06.700Z','2016-09-26T13:20:06.700Z'),
 (619,4,3,'Message','kl','2016-09-26T13:20:08.182Z','2016-09-26T13:20:08.182Z'),
 (620,4,3,'Message','ji','2016-09-26T13:20:12.229Z','2016-09-26T13:20:12.229Z'),
 (621,3,4,'Message','ok','2016-09-26T13:20:15.811Z','2016-09-26T13:20:15.811Z'),
 (622,3,4,'Message','or suna','2016-09-26T13:20:22.910Z','2016-09-26T13:20:22.910Z'),
 (623,3,4,'Message','bus yr','2016-09-26T13:20:26.629Z','2016-09-26T13:20:26.629Z'),
 (624,3,4,'Message','samaj nhi a araha ha]','2016-09-26T13:20:33.303Z','2016-09-26T13:20:33.303Z'),
 (625,4,3,'Message','ok','2016-09-26T13:20:41.570Z','2016-09-26T13:20:41.570Z'),
 (626,3,4,'Message','pagala','2016-09-26T13:20:47.355Z','2016-09-26T13:20:47.355Z'),
 (627,3,4,'Message','ok','2016-09-26T13:20:57.384Z','2016-09-26T13:20:57.384Z'),
 (628,4,3,'Message','ok','2016-09-26T13:21:19.808Z','2016-09-26T13:21:19.808Z'),
 (629,3,4,'Message','ok','2016-09-26T13:21:23.449Z','2016-09-26T13:21:23.449Z'),
 (630,4,3,'Message','ok','2016-09-26T13:21:26.662Z','2016-09-26T13:21:26.662Z'),
 (631,4,3,'Message','nhi','2016-09-26T13:21:29.235Z','2016-09-26T13:21:29.235Z'),
 (632,3,4,'Message','nnnn','2016-09-26T13:21:34.199Z','2016-09-26T13:21:34.199Z'),
 (633,3,4,'Message','nnnn','2016-09-26T13:21:36.226Z','2016-09-26T13:21:36.226Z'),
 (634,3,4,'Message','ok','2016-09-26T13:21:37.656Z','2016-09-26T13:21:37.656Z'),
 (635,4,3,'Message','q','2016-09-26T13:21:41.691Z','2016-09-26T13:21:41.691Z'),
 (636,4,3,'Message','q','2016-09-26T13:21:43.145Z','2016-09-26T13:21:43.145Z'),
 (637,4,3,'Message','qqq','2016-09-26T13:21:44.802Z','2016-09-26T13:21:44.802Z'),
 (638,4,3,'Message','aosaosdoaks','2016-09-26T13:21:46.508Z','2016-09-26T13:21:46.508Z'),
 (639,4,3,'Message','asdkasd','2016-09-26T13:21:48.180Z','2016-09-26T13:21:48.180Z'),
 (640,4,3,'Message','or suna','2016-09-26T13:21:51.181Z','2016-09-26T13:21:51.181Z'),
 (641,4,3,'Message','bus yr me pagal ho raha hon','2016-09-26T13:22:01.070Z','2016-09-26T13:22:01.070Z'),
 (642,4,3,'Message','tu','2016-09-26T13:22:02.745Z','2016-09-26T13:22:02.745Z'),
 (643,3,4,'Message','om','2016-09-26T13:22:07.053Z','2016-09-26T13:22:07.053Z'),
 (644,4,3,'Message','hi','2016-09-26T13:23:13.505Z','2016-09-26T13:23:13.505Z'),
 (645,3,4,'Message','hi','2016-09-26T13:23:23.357Z','2016-09-26T13:23:23.357Z'),
 (646,3,4,'Message','hi','2016-09-26T13:23:32.247Z','2016-09-26T13:23:32.247Z'),
 (647,4,3,'Message','ok','2016-09-26T13:23:35.548Z','2016-09-26T13:23:35.548Z'),
 (648,4,3,'Message','ok','2016-09-26T13:24:09.451Z','2016-09-26T13:24:09.451Z'),
 (649,4,3,'Message','ok','2016-09-26T13:24:27.137Z','2016-09-26T13:24:27.137Z'),
 (650,4,3,'Message','ko','2016-09-26T13:24:43.457Z','2016-09-26T13:24:43.457Z'),
 (651,3,4,'Message','hi','2016-09-26T13:24:47.820Z','2016-09-26T13:24:47.820Z'),
 (652,4,3,'Message','ok','2016-09-26T13:25:32.245Z','2016-09-26T13:25:32.245Z'),
 (653,3,4,'Message','ok','2016-09-26T13:27:11.826Z','2016-09-26T13:27:11.826Z'),
 (654,4,3,'Message','ok','2016-09-26T13:27:24.643Z','2016-09-26T13:27:24.643Z'),
 (655,3,4,'Message','ji','2016-09-26T13:30:19.104Z','2016-09-26T13:30:19.104Z'),
 (656,4,3,'Message','hi','2016-09-26T13:33:00.897Z','2016-09-26T13:33:00.897Z'),
 (657,4,3,'Message','ok','2016-09-26T13:33:05.445Z','2016-09-26T13:33:05.445Z'),
 (658,4,3,'Message','ok','2016-09-26T13:34:02.609Z','2016-09-26T13:34:02.609Z'),
 (659,4,3,'Message','hi','2016-09-26T13:36:20.662Z','2016-09-26T13:36:20.662Z'),
 (660,4,3,'Message','hi','2016-09-26T13:41:51.520Z','2016-09-26T13:41:51.520Z'),
 (661,4,3,'Message','hi','2016-09-26T13:44:59.835Z','2016-09-26T13:44:59.835Z'),
 (662,3,4,'Message','ok','2016-09-26T13:46:22.967Z','2016-09-26T13:46:22.967Z'),
 (663,4,3,'Message','hi','2016-09-26T13:47:41.902Z','2016-09-26T13:47:41.902Z'),
 (664,3,4,'Message','hi','2016-09-26T13:47:50.149Z','2016-09-26T13:47:50.149Z'),
 (665,4,3,'Message','hn','2016-09-26T13:48:02.757Z','2016-09-26T13:48:02.757Z'),
 (666,4,3,'Message','hello','2016-09-26T13:51:38.185Z','2016-09-26T13:51:38.185Z'),
 (667,3,4,'Message','hi','2016-09-26T13:51:45.327Z','2016-09-26T13:51:45.327Z'),
 (668,4,3,'Message','kese ho','2016-09-26T13:51:50.672Z','2016-09-26T13:51:50.672Z'),
 (669,3,4,'Message','ok','2016-09-26T13:51:57.438Z','2016-09-26T13:51:57.438Z'),
 (670,3,4,'Message','n ','2016-09-26T13:52:02.153Z','2016-09-26T13:52:02.153Z'),
 (671,4,3,'Message','kese ho ?','2016-09-26T13:52:06.909Z','2016-09-26T13:52:06.909Z'),
 (672,3,4,'Message','mm\'','2016-09-26T13:52:15.812Z','2016-09-26T13:52:15.812Z'),
 (673,3,4,'Message','hi','2016-09-26T13:55:37.409Z','2016-09-26T13:55:37.409Z'),
 (674,4,3,'Message','hi','2016-09-26T13:57:42.554Z','2016-09-26T13:57:42.554Z'),
 (675,4,3,'Message','ok','2016-09-26T13:57:52.681Z','2016-09-26T13:57:52.681Z'),
 (676,3,4,'Message','ok','2016-09-26T13:57:59.552Z','2016-09-26T13:57:59.552Z'),
 (677,3,4,'Message','ok','2016-09-26T13:58:55.296Z','2016-09-26T13:58:55.296Z'),
 (678,3,4,'Message','lo','2016-09-26T13:59:02.900Z','2016-09-26T13:59:02.900Z'),
 (679,4,3,'Message','nhi','2016-09-26T13:59:07.427Z','2016-09-26T13:59:07.427Z'),
 (680,3,4,'Message','hi','2016-09-26T14:01:24.238Z','2016-09-26T14:01:24.238Z'),
 (681,3,4,'Message','nhi','2016-09-26T14:01:34.347Z','2016-09-26T14:01:34.347Z'),
 (682,4,3,'Message','ok','2016-09-26T14:01:42.625Z','2016-09-26T14:01:42.625Z'),
 (683,4,3,'Message','ok','2016-09-26T14:01:47.027Z','2016-09-26T14:01:47.027Z'),
 (684,4,3,'Message','mm','2016-09-26T14:01:48.289Z','2016-09-26T14:01:48.289Z'),
 (685,3,4,'Message','okkk','2016-09-26T14:01:57.953Z','2016-09-26T14:01:57.953Z'),
 (686,3,4,'Message','unka','2016-09-26T14:02:01.269Z','2016-09-26T14:02:01.269Z'),
 (687,3,4,'Message','kam ','2016-09-26T14:02:03.636Z','2016-09-26T14:02:03.636Z'),
 (688,4,3,'Message','nhi','2016-09-26T14:02:13.909Z','2016-09-26T14:02:13.909Z'),
 (689,3,4,'Message','nshi','2016-09-26T14:02:29.479Z','2016-09-26T14:02:29.479Z'),
 (690,3,4,'Message','ok','2016-09-26T14:02:45.133Z','2016-09-26T14:02:45.133Z'),
 (691,3,4,'Message','llo','2016-09-26T14:04:01.485Z','2016-09-26T14:04:01.485Z'),
 (692,4,3,'Message','ok','2016-09-26T14:04:05.726Z','2016-09-26T14:04:05.726Z'),
 (693,4,3,'Message','ok','2016-09-26T14:04:17.713Z','2016-09-26T14:04:17.713Z'),
 (694,3,4,'Message','ni','2016-09-26T14:04:21.349Z','2016-09-26T14:04:21.349Z'),
 (695,4,3,'Message','ok','2016-09-26T14:04:35.703Z','2016-09-26T14:04:35.703Z'),
 (696,3,4,'Message','jiji','2016-09-26T14:04:40.441Z','2016-09-26T14:04:40.441Z'),
 (697,3,4,'Message','hi','2016-09-26T14:04:49.570Z','2016-09-26T14:04:49.570Z'),
 (698,4,3,'Message','om','2016-09-26T14:04:54.907Z','2016-09-26T14:04:54.907Z'),
 (699,4,3,'Message','ok','2016-09-26T14:05:02.465Z','2016-09-26T14:05:02.465Z'),
 (700,4,3,'Message','okoko','2016-09-26T14:05:06.231Z','2016-09-26T14:05:06.231Z'),
 (701,4,3,'Message','kkkkkkkkkkkkkkkkkkkkk','2016-09-26T14:05:08.007Z','2016-09-26T14:05:08.007Z'),
 (702,3,4,'Message','kj','2016-09-26T14:05:11.657Z','2016-09-26T14:05:11.657Z'),
 (703,3,4,'Message','jnj','2016-09-26T14:05:14.462Z','2016-09-26T14:05:14.462Z'),
 (704,4,3,'Message','mj','2016-09-26T14:05:19.634Z','2016-09-26T14:05:19.634Z'),
 (705,3,4,'Message','m','2016-09-26T14:05:23.687Z','2016-09-26T14:05:23.687Z'),
 (706,4,3,'Message','jhh','2016-09-26T14:05:26.348Z','2016-09-26T14:05:26.348Z'),
 (707,4,3,'Message','bbbbbb','2016-09-26T14:05:28.593Z','2016-09-26T14:05:28.593Z'),
 (708,3,4,'Message','ok','2016-09-26T14:05:32.546Z','2016-09-26T14:05:32.546Z'),
 (709,4,3,'Message','ok','2016-09-26T14:05:41.625Z','2016-09-26T14:05:41.625Z'),
 (710,4,3,'Message','ok','2016-09-26T14:05:54.459Z','2016-09-26T14:05:54.459Z'),
 (711,3,4,'Message','km','2016-09-26T14:05:58.455Z','2016-09-26T14:05:58.455Z'),
 (712,4,3,'Message','hi','2016-09-26T14:12:45.730Z','2016-09-26T14:12:45.730Z'),
 (713,4,3,'Message','or','2016-09-26T14:12:47.354Z','2016-09-26T14:12:47.354Z'),
 (714,4,3,'Message','hi','2016-09-26T14:24:40.053Z','2016-09-26T14:24:40.053Z'),
 (715,4,3,'Message','hi','2016-09-26T14:26:02.500Z','2016-09-26T14:26:02.500Z'),
 (716,3,4,'Message','ok','2016-09-26T14:26:12.042Z','2016-09-26T14:26:12.042Z'),
 (717,4,3,'Message','hi','2016-09-27T07:20:52.502Z','2016-09-27T07:20:52.502Z'),
 (718,3,4,'Message','hi','2016-09-27T07:21:57.688Z','2016-09-27T07:21:57.688Z'),
 (719,3,4,'Message','or','2016-09-27T07:22:06.196Z','2016-09-27T07:22:06.196Z'),
 (720,4,3,'Message','mst','2016-09-27T07:22:14.244Z','2016-09-27T07:22:14.244Z'),
 (721,4,3,'Message','tu','2016-09-27T07:22:18.458Z','2016-09-27T07:22:18.458Z'),
 (722,4,3,'Message','bata','2016-09-27T07:22:20.873Z','2016-09-27T07:22:20.873Z'),
 (723,3,4,'Message','me','2016-09-27T07:22:26.788Z','2016-09-27T07:22:26.788Z'),
 (724,4,3,'Message','ok','2016-09-27T07:22:42.615Z','2016-09-27T07:22:42.615Z'),
 (725,3,4,'Message','ok','2016-09-27T07:22:47.135Z','2016-09-27T07:22:47.135Z'),
 (726,4,3,'Message','kchhua','2016-09-27T07:22:53.256Z','2016-09-27T07:22:53.256Z'),
 (727,3,4,'Message','k','2016-09-27T07:23:12.213Z','2016-09-27T07:23:12.213Z'),
 (728,4,3,'Message','ok','2016-09-27T07:23:22.686Z','2016-09-27T07:23:22.686Z'),
 (729,3,4,'Message','nhi','2016-09-27T07:23:28.288Z','2016-09-27T07:23:28.288Z'),
 (730,3,4,'Message','okk','2016-09-27T07:23:30.925Z','2016-09-27T07:23:30.925Z'),
 (731,3,4,'Message','khc to problem hai','2016-09-27T07:23:47.414Z','2016-09-27T07:23:47.414Z'),
 (732,3,4,'Message','han','2016-09-27T07:23:57.130Z','2016-09-27T07:23:57.130Z'),
 (733,3,4,'Message','laga','2016-09-27T07:23:59.570Z','2016-09-27T07:23:59.570Z'),
 (734,4,3,'Message','fir','2016-09-27T07:24:14.192Z','2016-09-27T07:24:14.192Z'),
 (735,4,3,'Message','nhi','2016-09-27T07:24:20.257Z','2016-09-27T07:24:20.257Z'),
 (736,4,3,'Message','samh','2016-09-27T07:24:23.628Z','2016-09-27T07:24:23.628Z'),
 (737,3,4,'Message','ok','2016-09-27T07:24:29.267Z','2016-09-27T07:24:29.267Z'),
 (738,4,3,'Message','han','2016-09-27T07:24:36.166Z','2016-09-27T07:24:36.166Z'),
 (739,3,4,'Message','hn','2016-09-27T07:24:44.028Z','2016-09-27T07:24:44.029Z'),
 (740,4,3,'Message','or','2016-09-27T07:24:51.055Z','2016-09-27T07:24:51.055Z'),
 (741,3,4,'Message','nhi','2016-09-27T07:24:59.155Z','2016-09-27T07:24:59.155Z'),
 (742,4,3,'Message','h','2016-09-27T07:25:03.517Z','2016-09-27T07:25:03.517Z');
INSERT INTO `message_details` (`message_id`,`sender_id`,`receiver_id`,`subject`,`body`,`msg_data`,`msg_time`) VALUES 
 (743,4,3,'Message','o','2016-09-27T07:25:05.755Z','2016-09-27T07:25:05.755Z'),
 (744,3,4,'Message','muj\\','2016-09-27T07:25:09.486Z','2016-09-27T07:25:09.486Z'),
 (745,3,4,'Message','lolo','2016-09-27T07:25:11.752Z','2016-09-27T07:25:11.752Z'),
 (746,3,4,'Message','ljkk','2016-09-27T07:25:13.922Z','2016-09-27T07:25:13.922Z'),
 (747,3,4,'Message','jjikji','2016-09-27T07:25:17.140Z','2016-09-27T07:25:17.140Z'),
 (748,3,4,'Message','hum hum','2016-09-27T07:25:25.062Z','2016-09-27T07:25:25.062Z'),
 (749,3,4,'Message','or ok','2016-09-27T07:25:28.541Z','2016-09-27T07:25:28.541Z'),
 (750,3,4,'Message',' ot ok','2016-09-27T07:25:31.477Z','2016-09-27T07:25:31.477Z'),
 (751,3,14,'Message','hi','2016-09-27T07:32:39.946Z','2016-09-27T07:32:39.946Z'),
 (752,4,14,'Message','jo','2016-09-27T07:32:50.350Z','2016-09-27T07:32:50.350Z'),
 (753,4,3,'Message','ji','2016-09-27T07:33:03.564Z','2016-09-27T07:33:03.564Z'),
 (754,4,3,'Message','ok','2016-09-27T07:33:13.885Z','2016-09-27T07:33:13.885Z'),
 (755,3,4,'Message','smaj','2016-09-27T07:33:20.347Z','2016-09-27T07:33:20.347Z'),
 (756,3,4,'Message','hp','2016-09-27T07:33:34.272Z','2016-09-27T07:33:34.272Z'),
 (757,4,3,'Message','ok','2016-09-27T07:33:37.087Z','2016-09-27T07:33:37.087Z'),
 (758,4,3,'Message','ok','2016-09-27T07:33:43.860Z','2016-09-27T07:33:43.860Z'),
 (759,3,4,'Message','ok','2016-09-27T07:33:49.426Z','2016-09-27T07:33:49.426Z'),
 (760,3,4,'Message','akslas','2016-09-27T07:33:51.407Z','2016-09-27T07:33:51.407Z'),
 (761,4,3,'Message','nhi','2016-09-27T07:33:55.755Z','2016-09-27T07:33:55.755Z'),
 (762,4,3,'Message','ho ','2016-09-27T07:33:57.877Z','2016-09-27T07:33:57.877Z'),
 (763,4,3,'Message','raha hai','2016-09-27T07:33:59.833Z','2016-09-27T07:33:59.833Z'),
 (764,4,3,'Message','q','2016-09-27T07:34:01.420Z','2016-09-27T07:34:01.420Z'),
 (765,4,3,'Message','bata','2016-09-27T07:34:02.763Z','2016-09-27T07:34:02.763Z'),
 (766,4,3,'Message','or','2016-09-27T07:34:04.252Z','2016-09-27T07:34:04.252Z'),
 (767,3,4,'Message','smuje','2016-09-27T07:34:08.317Z','2016-09-27T07:34:08.317Z'),
 (768,3,4,'Message','sansk','2016-09-27T07:34:09.993Z','2016-09-27T07:34:09.993Z'),
 (769,3,4,'Message','mnai','2016-09-27T07:34:12.226Z','2016-09-27T07:34:12.226Z'),
 (770,3,4,'Message','rahi','2016-09-27T07:34:13.816Z','2016-09-27T07:34:13.816Z'),
 (771,3,4,'Message','tum to batao','2016-09-27T07:34:17.141Z','2016-09-27T07:34:17.141Z'),
 (772,3,4,'Message','ok','2016-09-27T07:34:48.145Z','2016-09-27T07:34:48.145Z'),
 (773,4,3,'Message','der','2016-09-27T07:34:51.881Z','2016-09-27T07:34:51.881Z'),
 (774,3,4,'Message','ok','2016-09-27T07:38:23.254Z','2016-09-27T07:38:23.254Z'),
 (775,3,4,'Message','kkkkk','2016-09-27T07:38:24.933Z','2016-09-27T07:38:24.933Z'),
 (776,14,3,'Message','hi','2016-09-27T07:41:50.190Z','2016-09-27T07:41:50.190Z'),
 (777,14,3,'Message','ok','2016-09-27T07:42:07.083Z','2016-09-27T07:42:07.083Z'),
 (778,3,14,'Message','ik','2016-09-27T07:43:20.288Z','2016-09-27T07:43:20.288Z'),
 (779,14,3,'Message','hn','2016-09-27T07:44:19.885Z','2016-09-27T07:44:19.885Z'),
 (780,14,3,'Message','ok','2016-09-27T07:44:21.541Z','2016-09-27T07:44:21.541Z'),
 (781,14,3,'Message','kslad','2016-09-27T07:44:22.961Z','2016-09-27T07:44:22.961Z'),
 (782,14,3,'Message','q','2016-09-27T07:44:24.719Z','2016-09-27T07:44:24.719Z'),
 (783,14,3,'Message','asdk','2016-09-27T07:44:26.535Z','2016-09-27T07:44:26.535Z'),
 (784,3,14,'Message','ok','2016-09-27T07:44:30.648Z','2016-09-27T07:44:30.648Z'),
 (785,14,3,'Message','ks','2016-09-27T07:44:34.838Z','2016-09-27T07:44:34.838Z'),
 (786,3,14,'Message','nhi','2016-09-27T07:44:38.372Z','2016-09-27T07:44:38.372Z'),
 (787,14,3,'Message','oe','2016-09-27T07:49:44.686Z','2016-09-27T07:49:44.686Z'),
 (788,14,3,'Message','ky','2016-09-27T07:49:46.255Z','2016-09-27T07:49:46.255Z'),
 (789,14,3,'Message','cha\'','2016-09-27T07:49:47.703Z','2016-09-27T07:49:47.703Z'),
 (790,14,3,'Message','lal','2016-09-27T07:49:48.957Z','2016-09-27T07:49:48.957Z'),
 (791,3,14,'Message','nhi','2016-09-27T07:53:53.518Z','2016-09-27T07:53:53.518Z'),
 (792,3,14,'Message','hn','2016-09-27T07:54:23.223Z','2016-09-27T07:54:23.223Z'),
 (793,14,3,'Message','ok','2016-09-27T07:54:36.475Z','2016-09-27T07:54:36.475Z'),
 (794,14,3,'Message','ok','2016-09-27T08:09:56.475Z','2016-09-27T08:09:56.475Z'),
 (795,3,14,'Message','ok','2016-09-27T08:17:54.360Z','2016-09-27T08:17:54.360Z'),
 (796,3,14,'Message','wo','2016-09-27T08:18:00.440Z','2016-09-27T08:18:00.440Z'),
 (797,3,14,'Message','maja','2016-09-27T08:18:03.427Z','2016-09-27T08:18:03.427Z'),
 (798,3,14,'Message','a gaya hai','2016-09-27T08:18:07.800Z','2016-09-27T08:18:07.800Z'),
 (799,4,3,'Message','hi','2016-09-27T08:32:31.183Z','2016-09-27T08:32:31.183Z'),
 (800,3,4,'Message','hi','2016-09-27T08:38:06.664Z','2016-09-27T08:38:06.664Z'),
 (801,4,3,'Message','ok','2016-09-27T08:34:54.450Z','2016-09-27T08:34:54.450Z'),
 (802,4,3,'Message','ok','2016-09-27T08:37:28.107Z','2016-09-27T08:37:28.107Z'),
 (803,3,4,'Message','hi','2016-09-27T08:41:49.973Z','2016-09-27T08:41:49.973Z'),
 (804,4,3,'Message','hi','2016-09-27T08:45:31.464Z','2016-09-27T08:45:31.464Z'),
 (805,3,4,'Message','hi','2016-09-27T08:49:27.302Z','2016-09-27T08:49:27.302Z'),
 (806,4,3,'Message','ok','2016-09-27T08:46:39.433Z','2016-09-27T08:46:39.433Z'),
 (807,3,4,'Message','ok','2016-09-27T08:50:18.150Z','2016-09-27T08:50:18.150Z'),
 (808,3,4,'Message','hn','2016-09-27T08:50:42.336Z','2016-09-27T08:50:42.336Z'),
 (809,4,3,'Message','pl','2016-09-27T08:47:17.083Z','2016-09-27T08:47:17.083Z'),
 (810,3,4,'Message','hn','2016-09-27T08:51:06.079Z','2016-09-27T08:51:06.079Z'),
 (811,4,3,'Message','ok','2016-09-27T08:47:38.914Z','2016-09-27T08:47:38.914Z'),
 (812,4,3,'Message','q','2016-09-27T08:47:42.331Z','2016-09-27T08:47:42.331Z'),
 (813,4,3,'Message','thre is problem','2016-09-27T08:47:50.270Z','2016-09-27T08:47:50.270Z'),
 (814,4,3,'Message','sdasd','2016-09-27T08:47:52.366Z','2016-09-27T08:47:52.366Z'),
 (815,3,4,'Message','hn','2016-09-27T08:51:25.523Z','2016-09-27T08:51:25.523Z'),
 (816,3,4,'Message','hi','2016-09-27T08:52:04.684Z','2016-09-27T08:52:04.684Z'),
 (817,3,4,'Message','ok','2016-09-27T08:52:23.178Z','2016-09-27T08:52:23.178Z'),
 (818,4,3,'Message','jmmm','2016-09-27T08:49:01.601Z','2016-09-27T08:49:01.601Z'),
 (819,3,4,'Message','kl','2016-09-27T08:52:37.599Z','2016-09-27T08:52:37.599Z'),
 (820,3,4,'Message','ok','2016-09-27T08:52:46.924Z','2016-09-27T08:52:46.924Z'),
 (821,4,3,'Message','kmm','2016-09-27T08:49:38.181Z','2016-09-27T08:49:38.181Z'),
 (822,3,4,'Message','hi','2016-09-27T08:59:47.027Z','2016-09-27T08:59:47.027Z'),
 (823,4,3,'Message','hhi','2016-09-27T08:56:36.840Z','2016-09-27T08:56:36.840Z'),
 (824,4,3,'Message','hi\\','2016-09-27T08:57:48.293Z','2016-09-27T08:57:48.293Z'),
 (825,3,4,'Message','hi','2016-09-27T09:01:37.670Z','2016-09-27T09:01:37.670Z'),
 (826,4,3,'Message','han','2016-09-27T08:58:24.888Z','2016-09-27T08:58:24.888Z'),
 (827,3,4,'Message','ok','2016-09-27T09:02:04.980Z','2016-09-27T09:02:04.980Z'),
 (828,3,4,'Message','hi','2016-09-27T09:02:14.739Z','2016-09-27T09:02:14.739Z'),
 (829,3,4,'Message','nnhji','2016-09-27T09:02:19.069Z','2016-09-27T09:02:19.069Z'),
 (830,3,4,'Message','hi','2016-09-27T09:02:25.480Z','2016-09-27T09:02:25.480Z'),
 (831,4,3,'Message','sfsd','2016-09-27T08:59:04.753Z','2016-09-27T08:59:04.753Z'),
 (832,4,3,'Message','hi','2016-09-27T09:05:05.636Z','2016-09-27T09:05:05.636Z'),
 (833,3,4,'Message','hi','2016-09-27T09:08:50.596Z','2016-09-27T09:08:50.596Z'),
 (834,3,4,'Message','hi','2016-09-27T09:09:24.984Z','2016-09-27T09:09:24.984Z'),
 (835,4,3,'Message','fhfg','2016-09-27T09:06:02.530Z','2016-09-27T09:06:02.530Z'),
 (836,4,3,'Message','ok','2016-09-27T09:06:44.647Z','2016-09-27T09:06:44.647Z'),
 (837,4,3,'Message','hi','2016-09-27T09:11:31.803Z','2016-09-27T09:11:31.803Z'),
 (838,3,4,'Message','hi','2016-09-27T09:15:10.711Z','2016-09-27T09:15:10.711Z'),
 (839,3,4,'Message','hi','2016-09-27T09:15:59.909Z','2016-09-27T09:15:59.909Z'),
 (840,4,3,'Message','hi','2016-09-27T09:12:41.261Z','2016-09-27T09:12:41.261Z'),
 (841,4,3,'Message','ok','2016-09-27T09:12:45.458Z','2016-09-27T09:12:45.458Z'),
 (842,4,3,'Message','asdasd','2016-09-27T09:12:55.834Z','2016-09-27T09:12:55.834Z'),
 (843,3,4,'Message','hi','2016-09-27T09:18:17.960Z','2016-09-27T09:18:17.960Z'),
 (844,3,4,'Message','h','2016-09-27T09:18:30.277Z','2016-09-27T09:18:30.277Z'),
 (845,3,4,'Message','hi','2016-09-27T09:19:03.855Z','2016-09-27T09:19:03.855Z'),
 (846,3,4,'Message','hi','2016-09-27T09:19:55.564Z','2016-09-27T09:19:55.564Z'),
 (847,3,4,'Message','ok','2016-09-27T09:20:49.675Z','2016-09-27T09:20:49.675Z'),
 (848,3,4,'Message','hn','2016-09-27T09:20:54.601Z','2016-09-27T09:20:54.601Z'),
 (849,4,3,'Message','fg\\','2016-09-27T09:17:37.436Z','2016-09-27T09:17:37.436Z'),
 (850,4,3,'Message','sdfsdf','2016-09-27T09:17:46.411Z','2016-09-27T09:17:46.411Z'),
 (851,4,3,'Message','fsdfs','2016-09-27T09:17:52.688Z','2016-09-27T09:17:52.688Z'),
 (852,4,3,'Message','asdas ada asdasdas assassa ASasas ASasAS ','2016-09-27T09:18:06.488Z','2016-09-27T09:18:06.488Z'),
 (853,4,3,'Message','SDFSDFFSDF','2016-09-27T09:18:15.359Z','2016-09-27T09:18:15.359Z'),
 (854,4,3,'Message','HI','2016-09-27T09:19:20.454Z','2016-09-27T09:19:20.454Z'),
 (855,4,3,'Message','OK','2016-09-27T09:20:23.312Z','2016-09-27T09:20:23.312Z'),
 (856,4,3,'Message','DSSFD','2016-09-27T09:20:33.185Z','2016-09-27T09:20:33.185Z'),
 (857,4,3,'Message','HI','2016-09-27T09:21:50.198Z','2016-09-27T09:21:50.198Z'),
 (858,4,3,'Message','OKO','2016-09-27T09:21:55.365Z','2016-09-27T09:21:55.365Z'),
 (859,3,4,'Message','hi','2016-09-27T09:25:42.095Z','2016-09-27T09:25:42.095Z'),
 (860,4,3,'Message','HI','2016-09-27T09:23:22.534Z','2016-09-27T09:23:22.534Z'),
 (861,4,3,'Message','HI','2016-09-27T09:23:48.609Z','2016-09-27T09:23:48.609Z'),
 (862,3,4,'Message','ok','2016-09-27T09:27:25.319Z','2016-09-27T09:27:25.319Z'),
 (863,3,4,'Message','hi','2016-09-27T09:28:00.084Z','2016-09-27T09:28:00.084Z'),
 (864,3,4,'Message','hi','2016-09-27T09:28:25.300Z','2016-09-27T09:28:25.300Z'),
 (865,4,3,'Message','D','2016-09-27T09:25:29.864Z','2016-09-27T09:25:29.864Z'),
 (866,4,3,'Message','AAASA','2016-09-27T09:25:50.212Z','2016-09-27T09:25:50.212Z'),
 (867,3,4,'Message','lol','2016-09-27T09:29:33.116Z','2016-09-27T09:29:33.116Z'),
 (868,3,4,'Message','lo','2016-09-27T09:29:43.293Z','2016-09-27T09:29:43.293Z'),
 (869,4,3,'Message','ERWERRW','2016-09-27T09:26:20.605Z','2016-09-27T09:26:20.605Z'),
 (870,4,3,'Message','HI','2016-09-27T09:30:16.938Z','2016-09-27T09:30:16.938Z'),
 (871,3,4,'Message','hi','2016-09-27T09:34:03.064Z','2016-09-27T09:34:03.064Z'),
 (872,4,3,'Message','HI','2016-09-27T09:31:49.109Z','2016-09-27T09:31:49.109Z'),
 (873,4,3,'Message','HN','2016-09-27T09:32:00.780Z','2016-09-27T09:32:00.780Z'),
 (874,3,4,'Message','ojk','2016-09-27T09:35:42.823Z','2016-09-27T09:35:42.823Z'),
 (875,4,3,'Message','PLL','2016-09-27T09:32:19.861Z','2016-09-27T09:32:19.861Z'),
 (876,4,3,'Message','JI','2016-09-27T09:33:40.676Z','2016-09-27T09:33:40.676Z'),
 (877,4,3,'Message','OK','2016-09-27T09:33:54.897Z','2016-09-27T09:33:54.897Z'),
 (878,3,4,'Message','ok','2016-09-27T09:37:36.727Z','2016-09-27T09:37:36.728Z'),
 (879,4,3,'Message','JO','2016-09-27T09:34:34.644Z','2016-09-27T09:34:34.644Z'),
 (880,4,3,'Message','HI','2016-09-27T09:36:37.631Z','2016-09-27T09:36:37.631Z'),
 (881,4,3,'Message','HI','2016-09-27T09:37:00.016Z','2016-09-27T09:37:00.016Z'),
 (882,4,3,'Message','HI','2016-09-27T09:37:11.017Z','2016-09-27T09:37:11.017Z'),
 (883,4,3,'Message','HII','2016-09-27T09:37:18.449Z','2016-09-27T09:37:18.449Z'),
 (884,3,4,'Message','hi','2016-09-27T09:40:52.330Z','2016-09-27T09:40:52.330Z'),
 (885,3,4,'Message','hhihhii','2016-09-27T09:40:55.813Z','2016-09-27T09:40:55.813Z'),
 (886,3,4,'Message','hhi','2016-09-27T09:40:56.903Z','2016-09-27T09:40:56.903Z'),
 (887,4,3,'Message','JI','2016-09-27T09:37:36.121Z','2016-09-27T09:37:36.121Z'),
 (888,4,3,'Message','joi','2016-09-27T09:43:06.911Z','2016-09-27T09:43:06.911Z'),
 (889,3,4,'Message','hi','2016-09-27T09:46:45.594Z','2016-09-27T09:46:45.594Z'),
 (890,4,3,'Message','ok','2016-09-27T09:43:24.410Z','2016-09-27T09:43:24.410Z'),
 (891,4,3,'Message','ok','2016-09-27T09:43:29.931Z','2016-09-27T09:43:29.931Z'),
 (892,3,4,'Message','hi','2016-09-27T09:47:17.906Z','2016-09-27T09:47:17.906Z'),
 (893,4,3,'Message','ok','2016-09-27T09:43:57.020Z','2016-09-27T09:43:57.020Z'),
 (894,4,3,'Message','ok','2016-09-27T09:43:58.159Z','2016-09-27T09:43:58.159Z'),
 (895,4,3,'Message','nhi','2016-09-27T09:44:04.029Z','2016-09-27T09:44:04.029Z'),
 (896,4,3,'Message','asdfsdfsdf','2016-09-27T09:44:21.376Z','2016-09-27T09:44:21.376Z'),
 (897,3,4,'Message','okokokkkk','2016-09-27T09:47:59.304Z','2016-09-27T09:47:59.304Z'),
 (898,3,4,'Message','no','2016-09-27T09:48:03.305Z','2016-09-27T09:48:03.305Z'),
 (899,3,4,'Message','ooook','2016-09-27T09:48:10.040Z','2016-09-27T09:48:10.040Z'),
 (900,4,3,'Message','fgdgf','2016-09-27T09:44:48.605Z','2016-09-27T09:44:48.605Z'),
 (901,3,4,'Message','okok','2016-09-27T09:48:54.317Z','2016-09-27T09:48:54.317Z'),
 (902,3,4,'Message','ok','2016-09-27T09:49:14.785Z','2016-09-27T09:49:14.785Z'),
 (903,3,4,'Message','hi','2016-09-27T10:33:28.076Z','2016-09-27T10:33:28.076Z'),
 (904,3,4,'Message','hi','2016-09-27T10:34:31.843Z','2016-09-27T10:34:31.843Z'),
 (905,4,3,'Message','hi','2016-09-27T10:35:49.361Z','2016-09-27T10:35:49.361Z'),
 (906,4,3,'Message','ijij','2016-09-27T10:35:58.725Z','2016-09-27T10:35:58.726Z'),
 (907,4,3,'Message','asdasd','2016-09-27T10:36:00.711Z','2016-09-27T10:36:00.711Z'),
 (908,4,3,'Message','asdjhasj','2016-09-27T10:36:03.398Z','2016-09-27T10:36:03.398Z'),
 (909,4,3,'Message','asdjhasdh','2016-09-27T10:36:06.805Z','2016-09-27T10:36:06.805Z'),
 (910,3,4,'Message','ok','2016-09-27T10:39:43.775Z','2016-09-27T10:39:43.775Z'),
 (911,4,3,'Message','hi','2016-09-27T10:39:02.207Z','2016-09-27T10:39:02.207Z'),
 (912,4,3,'Message','dasdad','2016-09-27T10:39:07.485Z','2016-09-27T10:39:07.485Z'),
 (913,3,4,'Message','hi','2016-09-27T10:43:06.858Z','2016-09-27T10:43:06.858Z'),
 (914,4,3,'Message','hi','2016-09-27T10:40:53.914Z','2016-09-27T10:40:53.914Z'),
 (915,4,3,'Message','or','2016-09-27T10:40:58.308Z','2016-09-27T10:40:58.308Z'),
 (916,3,4,'Message','hi','2016-09-27T10:44:43.011Z','2016-09-27T10:44:43.011Z'),
 (917,4,3,'Message','ok','2016-09-27T10:41:22.485Z','2016-09-27T10:41:22.485Z'),
 (918,4,3,'Message','okk','2016-09-27T10:41:29.846Z','2016-09-27T10:41:29.846Z'),
 (919,4,3,'Message','nhi','2016-09-27T10:41:33.621Z','2016-09-27T10:41:33.621Z'),
 (920,4,3,'Message','mij','2016-09-27T10:41:37.317Z','2016-09-27T10:41:37.317Z'),
 (921,4,3,'Message','asdasda','2016-09-27T10:42:32.702Z','2016-09-27T10:42:32.702Z'),
 (922,4,3,'Message','ki','2016-09-27T10:43:51.683Z','2016-09-27T10:43:51.683Z'),
 (923,4,3,'Message','ok','2016-09-27T10:43:57.757Z','2016-09-27T10:43:57.757Z'),
 (924,3,4,'Message','hi','2016-09-27T10:47:46.928Z','2016-09-27T10:47:46.928Z'),
 (925,3,4,'Message','hi','2016-09-27T10:48:43.758Z','2016-09-27T10:48:43.758Z'),
 (926,3,4,'Message','ok','2016-09-27T10:48:55.823Z','2016-09-27T10:48:55.823Z'),
 (927,3,4,'Message','h','2016-09-27T10:49:19.329Z','2016-09-27T10:49:19.329Z'),
 (928,4,3,'Message','hi','2016-09-27T10:46:56.130Z','2016-09-27T10:46:56.130Z'),
 (929,3,4,'Message','hi','2016-09-27T10:50:36.505Z','2016-09-27T10:50:36.505Z'),
 (930,4,3,'Message','hi','2016-09-27T10:56:00.736Z','2016-09-27T10:56:00.736Z'),
 (931,4,3,'Message','ok','2016-09-27T10:56:05.785Z','2016-09-27T10:56:05.785Z'),
 (932,4,3,'Message','hi','2016-09-27T10:56:17.409Z','2016-09-27T10:56:17.409Z'),
 (933,3,4,'Message','hi','2016-09-27T11:00:10.231Z','2016-09-27T11:00:10.231Z'),
 (934,3,4,'Message','jm','2016-09-27T11:00:39.413Z','2016-09-27T11:00:39.413Z'),
 (935,3,4,'Message','ji','2016-09-27T11:00:44.724Z','2016-09-27T11:00:44.724Z'),
 (936,3,4,'Message','jkk','2016-09-27T11:00:49.286Z','2016-09-27T11:00:49.286Z'),
 (937,4,3,'Message','dsasd','2016-09-27T10:57:23.097Z','2016-09-27T10:57:23.097Z'),
 (938,3,4,'Message','ok','2016-09-27T11:01:10.822Z','2016-09-27T11:01:10.822Z'),
 (939,4,3,'Message','fdsf','2016-09-27T10:58:24.489Z','2016-09-27T10:58:24.489Z'),
 (940,3,4,'Message','okmkm','2016-09-27T11:01:58.286Z','2016-09-27T11:01:58.286Z'),
 (941,4,3,'Message','igui','2016-09-27T10:58:31.598Z','2016-09-27T10:58:31.598Z'),
 (942,3,4,'Message','hvhhg','2016-09-27T11:02:03.105Z','2016-09-27T11:02:03.105Z'),
 (943,3,4,'Message','hjhj','2016-09-27T11:02:10.835Z','2016-09-27T11:02:10.835Z'),
 (944,3,4,'Message','aspdaosdk','2016-09-27T11:02:18.583Z','2016-09-27T11:02:18.583Z'),
 (945,4,3,'Message','jghjghjhj','2016-09-27T11:01:11.438Z','2016-09-27T11:01:11.438Z'),
 (946,4,3,'Message','jhjhj','2016-09-27T11:01:14.644Z','2016-09-27T11:01:14.644Z'),
 (947,4,3,'Message','ghjghjgjghjgh','2016-09-27T11:01:17.445Z','2016-09-27T11:01:17.445Z'),
 (948,4,3,'Message','kh','2016-09-27T11:01:19.181Z','2016-09-27T11:01:19.181Z'),
 (949,4,3,'Message','gfk','2016-09-27T11:01:19.996Z','2016-09-27T11:01:19.996Z'),
 (950,4,3,'Message','gk','2016-09-27T11:01:20.764Z','2016-09-27T11:01:20.764Z'),
 (951,4,3,'Message','gvhki','2016-09-27T11:01:21.532Z','2016-09-27T11:01:21.532Z'),
 (952,4,3,'Message','gfvhk','2016-09-27T11:01:22.292Z','2016-09-27T11:01:22.292Z'),
 (953,4,3,'Message','g','2016-09-27T11:01:23.060Z','2016-09-27T11:01:23.060Z'),
 (954,4,3,'Message','hj\'','2016-09-27T11:01:23.805Z','2016-09-27T11:01:23.805Z'),
 (955,4,3,'Message','asd\'asddsasd','2016-09-27T11:01:32.156Z','2016-09-27T11:01:32.156Z'),
 (956,4,3,'Message','asd','2016-09-27T11:01:33.052Z','2016-09-27T11:01:33.052Z'),
 (957,4,3,'Message','DSA','2016-09-27T11:01:33.907Z','2016-09-27T11:01:33.907Z'),
 (958,4,3,'Message','DDD','2016-09-27T11:01:34.517Z','2016-09-27T11:01:34.517Z'),
 (959,4,3,'Message','D','2016-09-27T11:01:34.812Z','2016-09-27T11:01:34.812Z'),
 (960,4,3,'Message','D','2016-09-27T11:01:35.036Z','2016-09-27T11:01:35.036Z'),
 (961,4,3,'Message','D','2016-09-27T11:01:35.228Z','2016-09-27T11:01:35.228Z'),
 (962,4,3,'Message','D','2016-09-27T11:01:35.412Z','2016-09-27T11:01:35.412Z'),
 (963,4,3,'Message','D','2016-09-27T11:01:35.597Z','2016-09-27T11:01:35.597Z'),
 (964,4,3,'Message','D','2016-09-27T11:01:35.780Z','2016-09-27T11:01:35.780Z'),
 (965,4,3,'Message','asASdasdA','2016-09-27T11:01:37.788Z','2016-09-27T11:01:37.788Z'),
 (966,4,3,'Message','sadsad HDHHD\\','2016-09-27T11:01:41.196Z','2016-09-27T11:01:41.196Z'),
 (967,4,3,'Message',' SDFFD','2016-09-27T11:01:48.205Z','2016-09-27T11:01:48.205Z'),
 (968,4,3,'Message','OK','2016-09-27T11:01:49.996Z','2016-09-27T11:01:49.996Z'),
 (969,4,3,'Message','NHI','2016-09-27T11:02:00.556Z','2016-09-27T11:02:00.556Z'),
 (970,4,3,'Message','DSFSDF','2016-09-27T11:02:02.812Z','2016-09-27T11:02:02.812Z'),
 (971,3,4,'Message','hi','2016-09-27T11:05:35.642Z','2016-09-27T11:05:35.642Z'),
 (972,4,3,'Message','HI','2016-09-27T11:03:00.163Z','2016-09-27T11:03:00.163Z'),
 (973,4,3,'Message','ASDAS','2016-09-27T11:03:07.571Z','2016-09-27T11:03:07.571Z'),
 (974,4,3,'Message','OK','2016-09-27T11:03:09.603Z','2016-09-27T11:03:09.603Z'),
 (975,4,3,'Message','UNS','2016-09-27T11:03:12.747Z','2016-09-27T11:03:12.747Z'),
 (976,4,3,'Message','EJSK','2016-09-27T11:03:14.203Z','2016-09-27T11:03:14.203Z'),
 (977,4,3,'Message','ASDJ','2016-09-27T11:03:14.866Z','2016-09-27T11:03:14.866Z'),
 (978,4,3,'Message','ASD','2016-09-27T11:03:15.419Z','2016-09-27T11:03:15.419Z'),
 (979,4,3,'Message','ABHSDHASD','2016-09-27T11:03:16.523Z','2016-09-27T11:03:16.523Z'),
 (980,4,3,'Message','HASD','2016-09-27T11:03:17.059Z','2016-09-27T11:03:17.059Z'),
 (981,4,3,'Message','HASD','2016-09-27T11:03:17.554Z','2016-09-27T11:03:17.554Z'),
 (982,4,3,'Message','HASD','2016-09-27T11:03:18.131Z','2016-09-27T11:03:18.131Z'),
 (983,4,3,'Message','HASDJSDIADS','2016-09-27T11:03:19.467Z','2016-09-27T11:03:19.467Z'),
 (984,4,3,'Message','HDASJD','2016-09-27T11:03:20.180Z','2016-09-27T11:03:20.180Z'),
 (985,4,3,'Message','ASBHD','2016-09-27T11:03:20.883Z','2016-09-27T11:03:20.883Z'),
 (986,4,3,'Message','OK','2016-09-27T11:03:35.167Z','2016-09-27T11:03:35.167Z'),
 (987,4,3,'Message','ASDAS','2016-09-27T11:03:37.418Z','2016-09-27T11:03:37.418Z'),
 (988,4,3,'Message','ASDA','2016-09-27T11:03:38.626Z','2016-09-27T11:03:38.626Z'),
 (989,4,3,'Message','AS','2016-09-27T11:03:39.250Z','2016-09-27T11:03:39.250Z'),
 (990,4,3,'Message','DAS','2016-09-27T11:03:39.715Z','2016-09-27T11:03:39.715Z'),
 (991,4,3,'Message','DA','2016-09-27T11:03:40.059Z','2016-09-27T11:03:40.059Z'),
 (992,4,3,'Message','AD','2016-09-27T11:03:40.642Z','2016-09-27T11:03:40.642Z'),
 (993,4,3,'Message','DAS','2016-09-27T11:03:41.050Z','2016-09-27T11:03:41.050Z'),
 (994,4,3,'Message','DAS','2016-09-27T11:03:41.579Z','2016-09-27T11:03:41.579Z'),
 (995,4,3,'Message','ASD','2016-09-27T11:03:41.970Z','2016-09-27T11:03:41.970Z'),
 (996,4,3,'Message','DAS','2016-09-27T11:03:42.850Z','2016-09-27T11:03:42.850Z'),
 (997,4,3,'Message','D','2016-09-27T11:03:43.058Z','2016-09-27T11:03:43.058Z'),
 (998,4,3,'Message','D','2016-09-27T11:03:43.242Z','2016-09-27T11:03:43.242Z'),
 (999,4,3,'Message','AS','2016-09-27T11:03:43.442Z','2016-09-27T11:03:43.442Z'),
 (1000,4,3,'Message','DD','2016-09-27T11:03:43.658Z','2016-09-27T11:03:43.658Z'),
 (1001,4,3,'Message','SD','2016-09-27T11:03:44.058Z','2016-09-27T11:03:44.058Z'),
 (1002,4,3,'Message','DAS','2016-09-27T11:03:44.602Z','2016-09-27T11:03:44.602Z'),
 (1003,4,3,'Message','DDADD','2016-09-27T11:03:45.690Z','2016-09-27T11:03:45.690Z'),
 (1004,4,3,'Message','D','2016-09-27T11:03:45.882Z','2016-09-27T11:03:45.882Z'),
 (1005,4,3,'Message','D','2016-09-27T11:03:46.058Z','2016-09-27T11:03:46.058Z'),
 (1006,4,3,'Message','D','2016-09-27T11:03:46.250Z','2016-09-27T11:03:46.250Z'),
 (1007,4,3,'Message','D','2016-09-27T11:03:46.618Z','2016-09-27T11:03:46.618Z'),
 (1008,4,3,'Message','D','2016-09-27T11:03:46.810Z','2016-09-27T11:03:46.810Z'),
 (1009,4,3,'Message','D','2016-09-27T11:03:47.002Z','2016-09-27T11:03:47.002Z'),
 (1010,4,3,'Message','DASDADSASDDS','2016-09-27T11:03:48.330Z','2016-09-27T11:03:48.330Z'),
 (1011,4,3,'Message','D','2016-09-27T11:03:48.524Z','2016-09-27T11:03:48.524Z'),
 (1012,4,3,'Message','AS','2016-09-27T11:03:48.698Z','2016-09-27T11:03:48.698Z'),
 (1013,4,3,'Message','D','2016-09-27T11:03:48.882Z','2016-09-27T11:03:48.882Z'),
 (1014,4,3,'Message','ADS','2016-09-27T11:03:49.066Z','2016-09-27T11:03:49.066Z'),
 (1015,4,3,'Message','D','2016-09-27T11:03:49.266Z','2016-09-27T11:03:49.266Z'),
 (1016,4,3,'Message','AS','2016-09-27T11:03:49.458Z','2016-09-27T11:03:49.458Z'),
 (1017,4,3,'Message','D','2016-09-27T11:03:49.650Z','2016-09-27T11:03:49.650Z'),
 (1018,4,3,'Message','ASD','2016-09-27T11:03:49.852Z','2016-09-27T11:03:49.852Z'),
 (1019,4,3,'Message','A','2016-09-27T11:03:50.067Z','2016-09-27T11:03:50.067Z'),
 (1020,4,3,'Message','DS','2016-09-27T11:03:50.252Z','2016-09-27T11:03:50.252Z'),
 (1021,4,3,'Message','ADS','2016-09-27T11:03:50.450Z','2016-09-27T11:03:50.450Z'),
 (1022,4,3,'Message','DS','2016-09-27T11:03:50.666Z','2016-09-27T11:03:50.666Z'),
 (1023,4,3,'Message','D','2016-09-27T11:03:50.858Z','2016-09-27T11:03:50.858Z'),
 (1024,4,3,'Message','AS','2016-09-27T11:03:51.082Z','2016-09-27T11:03:51.082Z'),
 (1025,4,3,'Message','DA','2016-09-27T11:03:51.274Z','2016-09-27T11:03:51.274Z'),
 (1026,4,3,'Message','SD','2016-09-27T11:03:51.482Z','2016-09-27T11:03:51.482Z'),
 (1027,4,3,'Message','D','2016-09-27T11:03:51.690Z','2016-09-27T11:03:51.690Z'),
 (1028,4,3,'Message','ASD','2016-09-27T11:03:51.915Z','2016-09-27T11:03:51.915Z'),
 (1029,4,3,'Message','AS','2016-09-27T11:03:52.306Z','2016-09-27T11:03:52.306Z'),
 (1030,4,3,'Message','DS','2016-09-27T11:03:52.482Z','2016-09-27T11:03:52.482Z'),
 (1031,4,3,'Message','D','2016-09-27T11:03:52.698Z','2016-09-27T11:03:52.698Z'),
 (1032,4,3,'Message','D','2016-09-27T11:03:53.369Z','2016-09-27T11:03:53.369Z'),
 (1033,4,3,'Message','D','2016-09-27T11:03:53.554Z','2016-09-27T11:03:53.554Z'),
 (1034,4,3,'Message','D','2016-09-27T11:03:53.754Z','2016-09-27T11:03:53.754Z'),
 (1035,4,3,'Message','D','2016-09-27T11:03:53.962Z','2016-09-27T11:03:53.962Z'),
 (1036,4,3,'Message','AAA','2016-09-27T11:03:54.867Z','2016-09-27T11:03:54.867Z'),
 (1037,4,3,'Message','D','2016-09-27T11:03:55.315Z','2016-09-27T11:03:55.315Z'),
 (1038,4,3,'Message','AD','2016-09-27T11:03:55.994Z','2016-09-27T11:03:55.994Z'),
 (1039,4,3,'Message','AD','2016-09-27T11:03:56.986Z','2016-09-27T11:03:56.986Z'),
 (1040,4,3,'Message','A','2016-09-27T11:03:57.994Z','2016-09-27T11:03:57.994Z'),
 (1041,4,3,'Message','AD','2016-09-27T11:03:59.338Z','2016-09-27T11:03:59.338Z'),
 (1042,4,3,'Message','D','2016-09-27T11:03:59.977Z','2016-09-27T11:03:59.977Z'),
 (1043,4,3,'Message','D','2016-09-27T11:04:00.482Z','2016-09-27T11:04:00.482Z'),
 (1044,4,3,'Message','DA','2016-09-27T11:04:01.034Z','2016-09-27T11:04:01.034Z'),
 (1045,4,3,'Message','A','2016-09-27T11:04:01.426Z','2016-09-27T11:04:01.426Z'),
 (1046,4,3,'Message','D','2016-09-27T11:04:01.850Z','2016-09-27T11:04:01.850Z'),
 (1047,4,3,'Message','DA','2016-09-27T11:04:02.251Z','2016-09-27T11:04:02.251Z'),
 (1048,4,3,'Message','D','2016-09-27T11:04:02.739Z','2016-09-27T11:04:02.739Z'),
 (1049,4,3,'Message','AD','2016-09-27T11:04:03.114Z','2016-09-27T11:04:03.114Z'),
 (1050,4,3,'Message','AD','2016-09-27T11:04:03.546Z','2016-09-27T11:04:03.546Z'),
 (1051,4,3,'Message','A','2016-09-27T11:04:03.954Z','2016-09-27T11:04:03.954Z'),
 (1052,4,3,'Message','DA','2016-09-27T11:04:04.393Z','2016-09-27T11:04:04.393Z'),
 (1053,4,3,'Message','D','2016-09-27T11:04:04.722Z','2016-09-27T11:04:04.722Z'),
 (1054,4,3,'Message','AD','2016-09-27T11:04:05.074Z','2016-09-27T11:04:05.074Z'),
 (1055,4,3,'Message','AD','2016-09-27T11:04:06.306Z','2016-09-27T11:04:06.306Z'),
 (1056,4,3,'Message','AD','2016-09-27T11:04:09.682Z','2016-09-27T11:04:09.682Z'),
 (1057,4,3,'Message','D','2016-09-27T11:04:10.682Z','2016-09-27T11:04:10.682Z'),
 (1058,4,3,'Message','A','2016-09-27T11:04:11.274Z','2016-09-27T11:04:11.274Z'),
 (1059,4,3,'Message','D','2016-09-27T11:04:11.843Z','2016-09-27T11:04:11.843Z'),
 (1060,4,3,'Message','A','2016-09-27T11:04:12.410Z','2016-09-27T11:04:12.410Z'),
 (1061,4,3,'Message','D','2016-09-27T11:04:12.922Z','2016-09-27T11:04:12.922Z'),
 (1062,4,3,'Message','A','2016-09-27T11:04:13.362Z','2016-09-27T11:04:13.362Z'),
 (1063,4,3,'Message','D','2016-09-27T11:04:13.826Z','2016-09-27T11:04:13.826Z'),
 (1064,4,3,'Message','A','2016-09-27T11:04:14.250Z','2016-09-27T11:04:14.250Z'),
 (1065,4,3,'Message','D','2016-09-27T11:04:14.715Z','2016-09-27T11:04:14.715Z'),
 (1066,4,3,'Message','A','2016-09-27T11:04:15.195Z','2016-09-27T11:04:15.195Z'),
 (1067,4,3,'Message','D','2016-09-27T11:04:15.618Z','2016-09-27T11:04:15.618Z'),
 (1068,4,3,'Message','A','2016-09-27T11:04:16.066Z','2016-09-27T11:04:16.066Z'),
 (1069,4,3,'Message','D','2016-09-27T11:04:16.490Z','2016-09-27T11:04:16.490Z'),
 (1070,4,3,'Message','A','2016-09-27T11:04:16.962Z','2016-09-27T11:04:16.962Z'),
 (1071,4,3,'Message','D','2016-09-27T11:04:17.299Z','2016-09-27T11:04:17.299Z'),
 (1072,4,3,'Message','A','2016-09-27T11:04:17.570Z','2016-09-27T11:04:17.570Z'),
 (1073,4,3,'Message','SDASDKJJSFDJ\\','2016-09-27T11:04:19.554Z','2016-09-27T11:04:19.554Z'),
 (1074,4,3,'Message','POLP','2016-09-27T11:04:22.626Z','2016-09-27T11:04:22.626Z'),
 (1075,4,3,'Message','SFD','2016-09-27T11:04:24.434Z','2016-09-27T11:04:24.434Z'),
 (1076,4,3,'Message','F','2016-09-27T11:04:24.914Z','2016-09-27T11:04:24.914Z'),
 (1077,4,3,'Message','S','2016-09-27T11:04:25.529Z','2016-09-27T11:04:25.529Z'),
 (1078,4,3,'Message','F','2016-09-27T11:04:25.738Z','2016-09-27T11:04:25.738Z'),
 (1079,4,3,'Message','F','2016-09-27T11:04:25.969Z','2016-09-27T11:04:25.969Z'),
 (1080,4,3,'Message','F','2016-09-27T11:04:26.658Z','2016-09-27T11:04:26.658Z'),
 (1081,4,3,'Message','SD','2016-09-27T11:04:26.898Z','2016-09-27T11:04:26.898Z'),
 (1082,4,3,'Message','S','2016-09-27T11:04:27.297Z','2016-09-27T11:04:27.297Z'),
 (1083,4,3,'Message','F','2016-09-27T11:04:27.498Z','2016-09-27T11:04:27.498Z'),
 (1084,4,3,'Message','SD','2016-09-27T11:04:27.754Z','2016-09-27T11:04:27.754Z'),
 (1085,4,3,'Message','DD','2016-09-27T11:04:27.954Z','2016-09-27T11:04:27.954Z'),
 (1086,4,3,'Message','D','2016-09-27T11:04:28.170Z','2016-09-27T11:04:28.170Z'),
 (1087,4,3,'Message','DF','2016-09-27T11:04:28.458Z','2016-09-27T11:04:28.458Z'),
 (1088,4,3,'Message','ASF','2016-09-27T11:04:28.995Z','2016-09-27T11:04:28.995Z'),
 (1089,4,3,'Message','F','2016-09-27T11:04:29.250Z','2016-09-27T11:04:29.250Z'),
 (1090,4,3,'Message','ASF','2016-09-27T11:04:29.459Z','2016-09-27T11:04:29.459Z'),
 (1091,4,3,'Message','F\'S','2016-09-27T11:04:29.907Z','2016-09-27T11:04:29.907Z'),
 (1092,4,3,'Message','DFA','2016-09-27T11:04:30.130Z','2016-09-27T11:04:30.130Z'),
 (1093,4,3,'Message','SF','2016-09-27T11:04:30.563Z','2016-09-27T11:04:30.563Z'),
 (1094,4,3,'Message','S','2016-09-27T11:04:30.780Z','2016-09-27T11:04:30.780Z'),
 (1095,4,3,'Message','DF','2016-09-27T11:04:30.948Z','2016-09-27T11:04:30.948Z'),
 (1096,4,3,'Message','DSF','2016-09-27T11:04:31.163Z','2016-09-27T11:04:31.163Z'),
 (1097,4,3,'Message','F','2016-09-27T11:04:31.331Z','2016-09-27T11:04:31.331Z'),
 (1098,4,3,'Message','SD','2016-09-27T11:04:31.530Z','2016-09-27T11:04:31.530Z'),
 (1099,4,3,'Message','F','2016-09-27T11:04:31.714Z','2016-09-27T11:04:31.714Z'),
 (1100,4,3,'Message','F','2016-09-27T11:04:31.914Z','2016-09-27T11:04:31.914Z'),
 (1101,4,3,'Message','D','2016-09-27T11:04:32.122Z','2016-09-27T11:04:32.122Z'),
 (1102,4,3,'Message','DF','2016-09-27T11:04:32.346Z','2016-09-27T11:04:32.346Z'),
 (1103,4,3,'Message','FSFSFF','2016-09-27T11:04:33.202Z','2016-09-27T11:04:33.202Z'),
 (1104,4,3,'Message','F','2016-09-27T11:04:33.602Z','2016-09-27T11:04:33.602Z'),
 (1105,4,3,'Message','G','2016-09-27T11:04:33.787Z','2016-09-27T11:04:33.787Z'),
 (1106,4,3,'Message','G','2016-09-27T11:04:33.970Z','2016-09-27T11:04:33.970Z'),
 (1107,4,3,'Message','G','2016-09-27T11:04:34.378Z','2016-09-27T11:04:34.378Z'),
 (1108,4,3,'Message','G','2016-09-27T11:04:34.562Z','2016-09-27T11:04:34.562Z'),
 (1109,4,3,'Message','F','2016-09-27T11:04:35.050Z','2016-09-27T11:04:35.050Z'),
 (1110,4,3,'Message','A','2016-09-27T11:04:35.258Z','2016-09-27T11:04:35.258Z'),
 (1111,4,3,'Message','DF','2016-09-27T11:04:35.451Z','2016-09-27T11:04:35.451Z'),
 (1112,4,3,'Message','DFS','2016-09-27T11:04:35.643Z','2016-09-27T11:04:35.643Z'),
 (1113,4,3,'Message','FS','2016-09-27T11:04:36.034Z','2016-09-27T11:04:36.034Z'),
 (1114,4,3,'Message','F','2016-09-27T11:04:36.218Z','2016-09-27T11:04:36.218Z'),
 (1115,4,3,'Message','SDF','2016-09-27T11:04:36.450Z','2016-09-27T11:04:36.450Z'),
 (1116,4,3,'Message','FS','2016-09-27T11:04:36.666Z','2016-09-27T11:04:36.666Z'),
 (1117,4,3,'Message','F','2016-09-27T11:04:36.890Z','2016-09-27T11:04:36.890Z'),
 (1118,4,3,'Message','S','2016-09-27T11:04:37.106Z','2016-09-27T11:04:37.106Z'),
 (1119,4,3,'Message','F','2016-09-27T11:04:37.322Z','2016-09-27T11:04:37.322Z'),
 (1120,4,3,'Message','SFSF','2016-09-27T11:04:37.698Z','2016-09-27T11:04:37.698Z'),
 (1121,4,3,'Message','G','2016-09-27T11:04:37.922Z','2016-09-27T11:04:37.922Z'),
 (1122,4,3,'Message','GF','2016-09-27T11:04:38.554Z','2016-09-27T11:04:38.554Z'),
 (1123,4,3,'Message','DG','2016-09-27T11:04:38.771Z','2016-09-27T11:04:38.771Z'),
 (1124,4,3,'Message','DFG','2016-09-27T11:04:39.018Z','2016-09-27T11:04:39.018Z'),
 (1125,4,3,'Message',' FDFS','2016-09-27T11:04:40.123Z','2016-09-27T11:04:40.123Z'),
 (1126,4,3,'Message','DS','2016-09-27T11:04:40.314Z','2016-09-27T11:04:40.314Z'),
 (1127,4,3,'Message','G','2016-09-27T11:04:40.540Z','2016-09-27T11:04:40.540Z'),
 (1128,4,3,'Message','DF','2016-09-27T11:04:40.738Z','2016-09-27T11:04:40.738Z'),
 (1129,4,3,'Message','GG','2016-09-27T11:04:40.938Z','2016-09-27T11:04:40.938Z'),
 (1130,4,3,'Message','AD','2016-09-27T11:04:41.362Z','2016-09-27T11:04:41.362Z'),
 (1131,4,3,'Message','GF','2016-09-27T11:04:41.618Z','2016-09-27T11:04:41.618Z'),
 (1132,4,3,'Message','G','2016-09-27T11:04:41.834Z','2016-09-27T11:04:41.834Z'),
 (1133,4,3,'Message','GF','2016-09-27T11:04:42.050Z','2016-09-27T11:04:42.050Z'),
 (1134,4,3,'Message','G','2016-09-27T11:04:42.266Z','2016-09-27T11:04:42.266Z'),
 (1135,4,3,'Message','GF','2016-09-27T11:04:42.497Z','2016-09-27T11:04:42.497Z'),
 (1136,4,3,'Message','GF','2016-09-27T11:04:42.706Z','2016-09-27T11:04:42.706Z'),
 (1137,4,3,'Message','GF','2016-09-27T11:04:42.938Z','2016-09-27T11:04:42.938Z'),
 (1138,4,3,'Message','G','2016-09-27T11:04:43.178Z','2016-09-27T11:04:43.178Z'),
 (1139,4,3,'Message','G','2016-09-27T11:04:43.410Z','2016-09-27T11:04:43.410Z'),
 (1140,4,3,'Message','G','2016-09-27T11:04:43.650Z','2016-09-27T11:04:43.650Z'),
 (1141,4,3,'Message','HH','2016-09-27T11:04:44.093Z','2016-09-27T11:04:44.093Z'),
 (1142,4,3,'Message','HF','2016-09-27T11:04:44.330Z','2016-09-27T11:04:44.330Z'),
 (1143,4,3,'Message','H','2016-09-27T11:04:44.545Z','2016-09-27T11:04:44.546Z'),
 (1144,4,3,'Message','DF','2016-09-27T11:04:45.712Z','2016-09-27T11:04:45.712Z'),
 (1145,4,3,'Message','F','2016-09-27T11:04:45.946Z','2016-09-27T11:04:45.946Z'),
 (1146,4,3,'Message','FD','2016-09-27T11:04:46.170Z','2016-09-27T11:04:46.170Z'),
 (1147,4,3,'Message','G','2016-09-27T11:04:46.418Z','2016-09-27T11:04:46.418Z'),
 (1148,4,3,'Message','HF','2016-09-27T11:04:46.627Z','2016-09-27T11:04:46.627Z'),
 (1149,4,3,'Message','GH','2016-09-27T11:04:46.859Z','2016-09-27T11:04:46.859Z'),
 (1150,4,3,'Message','H','2016-09-27T11:04:47.091Z','2016-09-27T11:04:47.091Z'),
 (1151,4,3,'Message','H','2016-09-27T11:04:47.323Z','2016-09-27T11:04:47.323Z'),
 (1152,4,3,'Message','GH','2016-09-27T11:04:47.539Z','2016-09-27T11:04:47.539Z'),
 (1153,4,3,'Message','GF','2016-09-27T11:04:48.003Z','2016-09-27T11:04:48.003Z'),
 (1154,4,3,'Message','DGF','2016-09-27T11:04:48.442Z','2016-09-27T11:04:48.442Z'),
 (1155,4,3,'Message','DFS','2016-09-27T11:04:48.690Z','2016-09-27T11:04:48.690Z'),
 (1156,4,3,'Message','FDS','2016-09-27T11:04:49.171Z','2016-09-27T11:04:49.171Z'),
 (1157,4,3,'Message','F','2016-09-27T11:04:49.362Z','2016-09-27T11:04:49.362Z'),
 (1158,4,3,'Message','FD','2016-09-27T11:04:49.834Z','2016-09-27T11:04:49.834Z'),
 (1159,4,3,'Message','FD','2016-09-27T11:04:50.066Z','2016-09-27T11:04:50.066Z'),
 (1160,4,3,'Message','GF','2016-09-27T11:04:50.506Z','2016-09-27T11:04:50.506Z'),
 (1161,4,3,'Message','HH','2016-09-27T11:04:50.754Z','2016-09-27T11:04:50.754Z'),
 (1162,4,3,'Message','DGF','2016-09-27T11:04:50.971Z','2016-09-27T11:04:50.971Z'),
 (1163,4,3,'Message','FS','2016-09-27T11:04:51.186Z','2016-09-27T11:04:51.186Z'),
 (1164,4,3,'Message','S','2016-09-27T11:04:51.418Z','2016-09-27T11:04:51.418Z'),
 (1165,4,3,'Message','DF','2016-09-27T11:04:51.612Z','2016-09-27T11:04:51.612Z'),
 (1166,4,3,'Message','DFS','2016-09-27T11:04:51.835Z','2016-09-27T11:04:51.835Z'),
 (1167,4,3,'Message','DFS','2016-09-27T11:04:52.010Z','2016-09-27T11:04:52.010Z'),
 (1168,4,3,'Message','FS','2016-09-27T11:04:52.204Z','2016-09-27T11:04:52.204Z'),
 (1169,4,3,'Message','DGF','2016-09-27T11:04:52.443Z','2016-09-27T11:04:52.443Z'),
 (1170,4,3,'Message','DGF','2016-09-27T11:04:52.635Z','2016-09-27T11:04:52.635Z'),
 (1171,4,3,'Message','H','2016-09-27T11:04:52.875Z','2016-09-27T11:04:52.875Z'),
 (1172,4,3,'Message','H','2016-09-27T11:04:53.106Z','2016-09-27T11:04:53.106Z'),
 (1173,4,3,'Message','FD','2016-09-27T11:04:53.553Z','2016-09-27T11:04:53.553Z'),
 (1174,4,3,'Message','NB','2016-09-27T11:04:53.890Z','2016-09-27T11:04:53.890Z'),
 (1175,4,3,'Message','B G','2016-09-27T11:04:54.594Z','2016-09-27T11:04:54.594Z'),
 (1176,4,3,'Message',' GF','2016-09-27T11:04:54.883Z','2016-09-27T11:04:54.883Z'),
 (1177,4,3,'Message',' F','2016-09-27T11:04:55.298Z','2016-09-27T11:04:55.298Z'),
 (1178,4,3,'Message','GF ','2016-09-27T11:04:55.530Z','2016-09-27T11:04:55.530Z'),
 (1179,4,3,'Message',' ','2016-09-27T11:04:55.882Z','2016-09-27T11:04:55.882Z'),
 (1180,4,3,'Message','  ','2016-09-27T11:04:56.346Z','2016-09-27T11:04:56.346Z'),
 (1181,4,3,'Message','F ','2016-09-27T11:04:56.546Z','2016-09-27T11:04:56.546Z'),
 (1182,4,3,'Message',' F','2016-09-27T11:04:57.018Z','2016-09-27T11:04:57.018Z'),
 (1183,4,3,'Message','GF','2016-09-27T11:04:57.464Z','2016-09-27T11:04:57.464Z'),
 (1184,4,3,'Message','      ','2016-09-27T11:04:59.058Z','2016-09-27T11:04:59.058Z'),
 (1185,4,3,'Message','DFF','2016-09-27T11:04:59.810Z','2016-09-27T11:04:59.810Z'),
 (1186,4,3,'Message','SD','2016-09-27T11:05:00.034Z','2016-09-27T11:05:00.034Z'),
 (1187,4,3,'Message','FF','2016-09-27T11:05:00.562Z','2016-09-27T11:05:00.562Z'),
 (1188,4,3,'Message','DFS','2016-09-27T11:05:00.762Z','2016-09-27T11:05:00.762Z'),
 (1189,4,3,'Message','F SDF F','2016-09-27T11:05:46.605Z','2016-09-27T11:05:46.605Z'),
 (1190,4,3,'Message','DASD','2016-09-27T11:05:48.771Z','2016-09-27T11:05:48.771Z'),
 (1191,4,3,'Message','ASD','2016-09-27T11:05:48.944Z','2016-09-27T11:05:48.944Z'),
 (1192,4,3,'Message','ASD','2016-09-27T11:05:49.362Z','2016-09-27T11:05:49.362Z'),
 (1193,4,3,'Message','A','2016-09-27T11:05:49.570Z','2016-09-27T11:05:49.570Z'),
 (1194,4,3,'Message','SD','2016-09-27T11:05:49.786Z','2016-09-27T11:05:49.786Z'),
 (1195,4,3,'Message','DS','2016-09-27T11:05:49.970Z','2016-09-27T11:05:49.970Z'),
 (1196,4,3,'Message','D','2016-09-27T11:05:50.194Z','2016-09-27T11:05:50.194Z'),
 (1197,4,3,'Message','A','2016-09-27T11:05:50.437Z','2016-09-27T11:05:50.437Z'),
 (1198,4,3,'Message','SD','2016-09-27T11:05:50.658Z','2016-09-27T11:05:50.658Z'),
 (1199,4,3,'Message','D','2016-09-27T11:05:50.841Z','2016-09-27T11:05:50.841Z'),
 (1200,3,4,'Message','ji','2016-09-27T11:09:22.403Z','2016-09-27T11:09:22.403Z'),
 (1201,4,3,'Message',' XC','2016-09-27T11:06:57.827Z','2016-09-27T11:06:57.827Z'),
 (1202,4,3,'Message','DFS','2016-09-27T11:07:15.417Z','2016-09-27T11:07:15.417Z'),
 (1203,4,3,'Message','SDFSDF','2016-09-27T11:07:44.546Z','2016-09-27T11:07:44.546Z'),
 (1204,4,3,'Message','S','2016-09-27T11:07:54.345Z','2016-09-27T11:07:54.345Z'),
 (1205,4,3,'Message','A','2016-09-27T11:07:56.472Z','2016-09-27T11:07:56.472Z'),
 (1206,4,3,'Message','A','2016-09-27T11:07:57.584Z','2016-09-27T11:07:57.584Z'),
 (1207,4,3,'Message','WE','2016-09-27T11:07:58.513Z','2016-09-27T11:07:58.513Z'),
 (1208,3,4,'Message','hi','2016-09-27T11:11:32.496Z','2016-09-27T11:11:32.496Z'),
 (1209,3,4,'Message','ok','2016-09-27T11:14:34.600Z','2016-09-27T11:14:34.600Z'),
 (1210,4,3,'Message','OKKKK','2016-09-27T11:11:21.869Z','2016-09-27T11:11:21.869Z'),
 (1211,4,3,'Message','OK','2016-09-27T11:11:40.290Z','2016-09-27T11:11:40.290Z'),
 (1212,4,3,'Message','HI','2016-09-27T11:15:54.274Z','2016-09-27T11:15:54.274Z'),
 (1213,4,3,'Message','HI','2016-09-27T11:17:35.822Z','2016-09-27T11:17:35.822Z'),
 (1214,4,3,'Message','OK','2016-09-27T11:18:19.026Z','2016-09-27T11:18:19.026Z'),
 (1215,4,3,'Message','OK','2016-09-27T11:18:32.322Z','2016-09-27T11:18:32.322Z'),
 (1216,4,3,'Message','M','2016-09-27T11:18:39.325Z','2016-09-27T11:18:39.325Z'),
 (1217,4,3,'Message','hi','2016-09-27T11:20:04.741Z','2016-09-27T11:20:04.741Z'),
 (1218,4,3,'Message','ok','2016-09-27T11:20:31.224Z','2016-09-27T11:20:31.224Z'),
 (1219,3,4,'Message','ok','2016-09-27T11:24:13.135Z','2016-09-27T11:24:13.135Z'),
 (1220,4,3,'Message','aokdas','2016-09-27T11:21:32.069Z','2016-09-27T11:21:32.069Z'),
 (1221,4,3,'Message','ok','2016-09-27T11:21:37.229Z','2016-09-27T11:21:37.229Z'),
 (1222,4,3,'Message','okok','2016-09-27T11:22:00.504Z','2016-09-27T11:22:00.504Z'),
 (1223,4,3,'Message','hii','2016-09-27T11:24:58.769Z','2016-09-27T11:24:58.769Z'),
 (1224,3,4,'Message','ok','2016-09-27T11:29:03.598Z','2016-09-27T11:29:03.598Z'),
 (1225,4,3,'Message','hi','2016-09-27T11:29:30.020Z','2016-09-27T11:29:30.020Z'),
 (1226,4,3,'Message','fgg','2016-09-27T11:29:38.586Z','2016-09-27T11:29:38.586Z'),
 (1227,4,3,'Message','fhghf','2016-09-27T11:29:41.022Z','2016-09-27T11:29:41.022Z'),
 (1228,3,4,'Message','hi','2016-09-27T11:33:15.355Z','2016-09-27T11:33:15.355Z'),
 (1229,4,3,'Message','fhfgh','2016-09-27T11:29:49.202Z','2016-09-27T11:29:49.202Z'),
 (1230,4,3,'Message','asdasdasd','2016-09-27T11:30:07.401Z','2016-09-27T11:30:07.401Z'),
 (1231,4,3,'Message','dfsdfsf','2016-09-27T11:30:17.176Z','2016-09-27T11:30:17.176Z'),
 (1232,4,3,'Message','ghjgh','2016-09-27T11:30:21.334Z','2016-09-27T11:30:21.334Z'),
 (1233,4,3,'Message','ok','2016-09-27T11:30:24.255Z','2016-09-27T11:30:24.255Z'),
 (1234,3,4,'Message','lol','2016-09-27T11:34:01.988Z','2016-09-27T11:34:01.988Z'),
 (1235,3,4,'Message','lo','2016-09-27T11:34:06.597Z','2016-09-27T11:34:06.597Z'),
 (1236,4,3,'Message','dfg','2016-09-27T11:30:39.746Z','2016-09-27T11:30:39.746Z'),
 (1237,4,3,'Message','kjl','2016-09-27T11:32:21.615Z','2016-09-27T11:32:21.615Z'),
 (1238,4,3,'Message','ok','2016-09-27T11:41:05.558Z','2016-09-27T11:41:05.558Z'),
 (1239,4,3,'Message','bus yr','2016-09-27T11:41:19.990Z','2016-09-27T11:41:19.990Z'),
 (1240,4,3,'Message','hi','2016-09-27T11:44:02.811Z','2016-09-27T11:44:02.811Z'),
 (1241,4,3,'Message','hi','2016-09-27T11:44:23.144Z','2016-09-27T11:44:23.144Z'),
 (1242,4,3,'Message','vbnv','2016-09-27T11:44:29.807Z','2016-09-27T11:44:29.807Z'),
 (1243,3,4,'Message','ok','2016-09-27T11:47:58.665Z','2016-09-27T11:47:58.665Z'),
 (1244,4,3,'Message','hi','2016-09-27T11:46:56.466Z','2016-09-27T11:46:56.466Z'),
 (1245,3,4,'Message','ok','2016-09-27T11:50:28.747Z','2016-09-27T11:50:28.747Z'),
 (1246,3,4,'Message','mujw','2016-09-27T11:50:35.973Z','2016-09-27T11:50:35.973Z'),
 (1247,3,4,'Message','sdas','2016-09-27T11:50:37.408Z','2016-09-27T11:50:37.408Z'),
 (1248,3,4,'Message','as','2016-09-27T11:50:37.750Z','2016-09-27T11:50:37.750Z'),
 (1249,3,4,'Message','d','2016-09-27T11:50:37.993Z','2016-09-27T11:50:37.993Z'),
 (1250,3,4,'Message','sad','2016-09-27T11:50:38.264Z','2016-09-27T11:50:38.264Z'),
 (1251,3,4,'Message','sa','2016-09-27T11:50:38.581Z','2016-09-27T11:50:38.581Z'),
 (1252,3,4,'Message','d','2016-09-27T11:50:38.792Z','2016-09-27T11:50:38.792Z'),
 (1253,3,4,'Message','as','2016-09-27T11:50:39.063Z','2016-09-27T11:50:39.063Z'),
 (1254,3,4,'Message','dsa','2016-09-27T11:50:39.390Z','2016-09-27T11:50:39.390Z'),
 (1255,3,4,'Message','d','2016-09-27T11:50:39.666Z','2016-09-27T11:50:39.666Z'),
 (1256,3,4,'Message','d  asd','2016-09-27T11:50:40.780Z','2016-09-27T11:50:40.780Z'),
 (1257,3,4,'Message','   ','2016-09-27T11:50:41.888Z','2016-09-27T11:50:41.888Z'),
 (1258,3,4,'Message','           ','2016-09-27T11:50:44.519Z','2016-09-27T11:50:44.519Z'),
 (1259,3,4,'Message','asdsad','2016-09-27T11:51:16.209Z','2016-09-27T11:51:16.209Z'),
 (1260,3,4,'Message','as','2016-09-27T11:51:18.226Z','2016-09-27T11:51:18.226Z'),
 (1261,3,4,'Message','as','2016-09-27T11:51:18.586Z','2016-09-27T11:51:18.586Z'),
 (1262,3,4,'Message','s','2016-09-27T11:51:20.380Z','2016-09-27T11:51:20.380Z'),
 (1263,3,4,'Message',' ','2016-09-27T11:51:21.597Z','2016-09-27T11:51:21.597Z'),
 (1264,3,4,'Message',' ','2016-09-27T11:51:22.299Z','2016-09-27T11:51:22.299Z'),
 (1265,3,4,'Message','   ','2016-09-27T11:51:23.939Z','2016-09-27T11:51:23.939Z'),
 (1266,3,4,'Message',' ','2016-09-27T11:51:24.403Z','2016-09-27T11:51:24.403Z'),
 (1267,3,4,'Message',' ','2016-09-27T11:51:25.320Z','2016-09-27T11:51:25.320Z'),
 (1268,3,4,'Message','  ','2016-09-27T11:51:25.803Z','2016-09-27T11:51:25.803Z'),
 (1269,3,4,'Message',' ','2016-09-27T11:51:28.033Z','2016-09-27T11:51:28.033Z'),
 (1270,3,4,'Message','ok','2016-09-27T11:51:36.057Z','2016-09-27T11:51:36.057Z'),
 (1271,3,4,'Message','ok','2016-09-27T11:51:40.607Z','2016-09-27T11:51:40.607Z'),
 (1272,3,4,'Message','nasdnk','2016-09-27T11:51:42.452Z','2016-09-27T11:51:42.452Z'),
 (1273,3,4,'Message','nhi','2016-09-27T11:51:45.964Z','2016-09-27T11:51:45.964Z'),
 (1274,3,4,'Message','ye shai','2016-09-27T11:51:50.560Z','2016-09-27T11:51:50.560Z'),
 (1275,3,4,'Message','sahi','2016-09-27T11:51:55.453Z','2016-09-27T11:51:55.453Z'),
 (1276,3,4,'Message','ok','2016-09-27T11:52:01.914Z','2016-09-27T11:52:01.914Z'),
 (1277,3,4,'Message','muje','2016-09-27T11:52:05.501Z','2016-09-27T11:52:05.501Z'),
 (1278,3,4,'Message','ok','2016-09-27T11:52:14.479Z','2016-09-27T11:52:14.479Z'),
 (1279,3,4,'Message','han','2016-09-27T11:52:20.619Z','2016-09-27T11:52:20.619Z'),
 (1280,3,4,'Message','nhi','2016-09-27T11:52:23.540Z','2016-09-27T11:52:23.540Z'),
 (1281,3,4,'Message','ok','2016-09-27T11:52:27.773Z','2016-09-27T11:52:27.773Z'),
 (1282,4,3,'Message','hfgh','2016-09-27T11:49:16.406Z','2016-09-27T11:49:16.406Z'),
 (1283,4,3,'Message','sdfdf','2016-09-27T11:49:21.873Z','2016-09-27T11:49:21.873Z'),
 (1284,4,3,'Message','dfgdfg','2016-09-27T11:49:24.264Z','2016-09-27T11:49:24.264Z'),
 (1285,4,3,'Message','jkhjk','2016-09-27T11:49:25.944Z','2016-09-27T11:49:25.944Z'),
 (1286,4,3,'Message','gjhjghjgh','2016-09-27T11:49:31.791Z','2016-09-27T11:49:31.791Z'),
 (1287,3,4,'Message','jaksdj','2016-09-27T11:52:59.250Z','2016-09-27T11:52:59.250Z'),
 (1288,3,4,'Message','ok','2016-09-27T11:53:03.213Z','2016-09-27T11:53:03.213Z'),
 (1289,3,4,'Message','me','2016-09-27T11:53:05.563Z','2016-09-27T11:53:05.563Z'),
 (1290,3,4,'Message','lolo','2016-09-27T11:53:17.873Z','2016-09-27T11:53:17.873Z'),
 (1291,4,3,'Message','sdfsdf','2016-09-27T11:50:01.769Z','2016-09-27T11:50:01.769Z'),
 (1292,4,3,'Message','ollll','2016-09-27T11:51:53.576Z','2016-09-27T11:51:53.576Z'),
 (1293,3,4,'Message','nhi','2016-09-27T11:55:24.571Z','2016-09-27T11:55:24.571Z'),
 (1294,4,3,'Message','ok','2016-09-27T11:52:13.880Z','2016-09-27T11:52:13.880Z'),
 (1295,4,3,'Message','nhi','2016-09-27T11:53:50.832Z','2016-09-27T11:53:50.832Z'),
 (1296,4,3,'Message','hi','2016-09-27T11:56:15.198Z','2016-09-27T11:56:15.198Z'),
 (1297,4,3,'Message','ok','2016-09-27T11:56:22.143Z','2016-09-27T11:56:22.143Z'),
 (1298,3,4,'Message','hn','2016-09-27T11:59:52.620Z','2016-09-27T11:59:52.620Z'),
 (1299,3,4,'Message','ok','2016-09-27T11:59:57.166Z','2016-09-27T11:59:57.166Z'),
 (1300,3,4,'Message','maja hai','2016-09-27T12:00:01.739Z','2016-09-27T12:00:01.739Z'),
 (1301,3,4,'Message','ok','2016-09-27T12:00:09.344Z','2016-09-27T12:00:09.344Z'),
 (1302,4,3,'Message','ok','2016-09-27T11:56:50.668Z','2016-09-27T11:56:50.668Z'),
 (1303,3,4,'Message','ojjjjj','2016-09-27T12:00:28.903Z','2016-09-27T12:00:28.903Z'),
 (1304,4,3,'Message','vcb','2016-09-27T11:57:26.286Z','2016-09-27T11:57:26.286Z'),
 (1305,3,4,'Message','i name is akshay','2016-09-27T12:00:58.220Z','2016-09-27T12:00:58.220Z'),
 (1306,4,3,'Message','n me anki','2016-09-27T11:57:41.438Z','2016-09-27T11:57:41.438Z'),
 (1307,4,3,'Message','my nick name is anku','2016-09-27T11:58:01.341Z','2016-09-27T11:58:01.341Z'),
 (1308,3,4,'Message','ok','2016-09-27T12:01:33.301Z','2016-09-27T12:01:33.301Z'),
 (1309,3,4,'Message','my nick name is golu','2016-09-27T12:01:49.375Z','2016-09-27T12:01:49.375Z'),
 (1310,3,4,'Message','han','2016-09-27T12:01:56.089Z','2016-09-27T12:01:56.089Z'),
 (1311,3,4,'Message','asdasd','2016-09-27T12:02:01.413Z','2016-09-27T12:02:01.413Z'),
 (1312,4,3,'Message','fir','2016-09-27T11:58:50.374Z','2016-09-27T11:58:50.374Z'),
 (1313,4,3,'Message','whatnext','2016-09-27T11:59:00.872Z','2016-09-27T11:59:00.872Z'),
 (1314,3,4,'Message','no','2016-09-27T12:02:30.771Z','2016-09-27T12:02:30.771Z'),
 (1315,4,3,'Message','hn','2016-09-27T11:59:14.160Z','2016-09-27T11:59:14.160Z'),
 (1316,4,3,'Message','mu','2016-09-27T11:59:22.598Z','2016-09-27T11:59:22.598Z'),
 (1317,3,4,'Message','hi','2016-09-27T12:02:58.006Z','2016-09-27T12:02:58.006Z'),
 (1318,3,4,'Message','han','2016-09-27T12:04:17.340Z','2016-09-27T12:04:17.340Z'),
 (1319,3,4,'Message','hanna','2016-09-27T12:04:21.304Z','2016-09-27T12:04:21.304Z'),
 (1320,3,4,'Message','but','2016-09-27T12:04:29.738Z','2016-09-27T12:04:29.738Z'),
 (1321,3,4,'Message','muje','2016-09-27T12:04:35.037Z','2016-09-27T12:04:35.037Z'),
 (1322,3,4,'Message','samaj nhi a ra ha','2016-09-27T12:04:44.718Z','2016-09-27T12:04:44.718Z'),
 (1323,3,4,'Message','ok','2016-09-27T12:04:52.295Z','2016-09-27T12:04:52.295Z'),
 (1324,4,3,'Message','nhi','2016-09-27T12:01:30.884Z','2016-09-27T12:01:30.884Z'),
 (1325,3,4,'Message','ok','2016-09-27T12:05:39.647Z','2016-09-27T12:05:39.647Z'),
 (1326,3,4,'Message','ok','2016-09-27T12:05:45.127Z','2016-09-27T12:05:45.127Z'),
 (1327,3,4,'Message','ok','2016-09-27T12:05:49.048Z','2016-09-27T12:05:49.048Z'),
 (1328,4,3,'Message','sdsad','2016-09-27T12:02:29.203Z','2016-09-27T12:02:29.203Z'),
 (1329,4,3,'Message','j','2016-09-27T12:04:40.437Z','2016-09-27T12:04:40.437Z'),
 (1330,4,3,'Message','hiiii','2016-09-27T12:06:18.389Z','2016-09-27T12:06:18.389Z'),
 (1331,3,4,'Message','ok','2016-09-27T12:10:09.003Z','2016-09-27T12:10:09.003Z'),
 (1332,3,4,'Message','ok','2016-09-27T12:11:12.791Z','2016-09-27T12:11:12.791Z'),
 (1333,3,4,'Message','k','2016-09-27T12:12:01.481Z','2016-09-27T12:12:01.481Z'),
 (1334,4,3,'Message','56','2016-09-27T12:08:41.586Z','2016-09-27T12:08:41.586Z'),
 (1335,4,3,'Message','56','2016-09-27T12:09:07.416Z','2016-09-27T12:09:07.416Z'),
 (1336,4,3,'Message','53','2016-09-27T12:09:27.655Z','2016-09-27T12:09:27.655Z'),
 (1337,4,3,'Message','85','2016-09-27T12:09:42.712Z','2016-09-27T12:09:42.712Z'),
 (1338,3,4,'Message','hna','2016-09-27T12:13:17.828Z','2016-09-27T12:13:17.828Z'),
 (1339,3,4,'Message','ko','2016-09-27T12:13:19.921Z','2016-09-27T12:13:19.921Z'),
 (1340,3,4,'Message','ok','2016-09-27T12:13:29.840Z','2016-09-27T12:13:29.840Z'),
 (1341,3,4,'Message','ok','2016-09-27T12:13:34.666Z','2016-09-27T12:13:34.666Z'),
 (1342,4,3,'Message','sadsaddsddasd','2016-09-27T12:10:14.833Z','2016-09-27T12:10:14.833Z'),
 (1343,4,3,'Message','ji','2016-09-27T12:16:06.100Z','2016-09-27T12:16:06.100Z'),
 (1344,4,3,'Message','k','2016-09-27T12:16:32.053Z','2016-09-27T12:16:32.053Z'),
 (1345,4,3,'Message','deasd','2016-09-27T12:16:33.869Z','2016-09-27T12:16:33.869Z'),
 (1346,4,3,'Message','asds','2016-09-27T12:16:34.733Z','2016-09-27T12:16:34.733Z'),
 (1347,4,3,'Message','da','2016-09-27T12:16:35.037Z','2016-09-27T12:16:35.037Z'),
 (1348,4,3,'Message','gfhfgh','2016-09-27T12:19:39.854Z','2016-09-27T12:19:39.854Z'),
 (1349,4,3,'Message','56','2016-09-27T12:21:42.763Z','2016-09-27T12:21:42.763Z'),
 (1350,4,3,'Message','hi','2016-09-27T12:21:55.627Z','2016-09-27T12:21:55.627Z'),
 (1351,3,4,'Message','hi\'','2016-09-27T12:26:56.418Z','2016-09-27T12:26:56.418Z'),
 (1352,3,4,'Message','hi','2016-09-27T12:27:02.650Z','2016-09-27T12:27:02.651Z'),
 (1353,4,3,'Message','hi','2016-09-27T12:24:51.965Z','2016-09-27T12:24:51.965Z'),
 (1354,4,3,'Message','ok','2016-09-27T12:24:57.677Z','2016-09-27T12:24:57.677Z'),
 (1355,4,3,'Message','ok','2016-09-27T12:25:06.625Z','2016-09-27T12:25:06.625Z'),
 (1356,3,4,'Message','ok','2016-09-27T12:28:37.439Z','2016-09-27T12:28:37.439Z'),
 (1357,3,4,'Message','ok','2016-09-27T12:29:31.866Z','2016-09-27T12:29:31.866Z'),
 (1358,3,4,'Message','ok','2016-09-27T12:32:43.066Z','2016-09-27T12:32:43.066Z'),
 (1359,3,4,'Message','ok','2016-09-27T12:32:56.487Z','2016-09-27T12:32:56.487Z'),
 (1360,4,3,'Message','ji','2016-09-27T12:31:46.070Z','2016-09-27T12:31:46.070Z'),
 (1361,4,3,'Message','pl','2016-09-27T12:31:51.023Z','2016-09-27T12:31:51.023Z'),
 (1362,4,3,'Message','ok','2016-09-27T12:32:01.437Z','2016-09-27T12:32:01.437Z'),
 (1363,4,3,'Message','hn','2016-09-27T12:32:06.655Z','2016-09-27T12:32:06.655Z'),
 (1364,4,3,'Message','o','2016-09-27T12:32:13.989Z','2016-09-27T12:32:13.989Z'),
 (1365,3,4,'Message','bbh','2016-09-27T12:35:51.723Z','2016-09-27T12:35:51.723Z'),
 (1366,3,4,'Message','ok','2016-09-27T12:36:34.974Z','2016-09-27T12:36:34.974Z'),
 (1367,3,4,'Message','ko','2016-09-27T12:36:44.541Z','2016-09-27T12:36:44.541Z'),
 (1368,4,3,'Message','ko','2016-09-27T12:35:08.899Z','2016-09-27T12:35:08.899Z'),
 (1369,3,4,'Message','hi','2016-09-27T12:39:28.470Z','2016-09-27T12:39:28.470Z'),
 (1370,4,3,'Message','ko','2016-09-27T12:36:55.973Z','2016-09-27T12:36:55.973Z'),
 (1371,4,3,'Message','ik','2016-09-27T12:41:54.068Z','2016-09-27T12:41:54.068Z'),
 (1372,4,3,'Message','ji','2016-09-27T12:45:25.048Z','2016-09-27T12:45:25.048Z'),
 (1373,4,3,'Message','ssssss','2016-09-27T12:45:48.969Z','2016-09-27T12:45:48.969Z'),
 (1374,4,3,'Message','ok','2016-09-27T12:48:17.255Z','2016-09-27T12:48:17.255Z'),
 (1375,4,3,'Message','ok','2016-09-27T12:48:21.408Z','2016-09-27T12:48:21.408Z'),
 (1376,4,3,'Message','ok','2016-09-27T12:48:23.840Z','2016-09-27T12:48:23.840Z'),
 (1377,4,3,'Message','ok','2016-09-27T12:48:36.312Z','2016-09-27T12:48:36.312Z'),
 (1378,3,4,'Message','m','2016-09-27T12:52:06.447Z','2016-09-27T12:52:06.447Z'),
 (1379,3,4,'Message','mmm','2016-09-27T12:52:15.984Z','2016-09-27T12:52:15.984Z'),
 (1380,4,3,'Message','go','2016-09-27T12:50:56.253Z','2016-09-27T12:50:56.253Z'),
 (1381,4,3,'Message','xczxc','2016-09-27T12:51:00.895Z','2016-09-27T12:51:00.895Z'),
 (1382,4,3,'Message','ok','2016-09-27T12:51:20.511Z','2016-09-27T12:51:20.511Z'),
 (1383,4,3,'Message','sdfsdfsdf','2016-09-27T12:51:30.261Z','2016-09-27T12:51:30.261Z'),
 (1384,3,4,'Message','hi','2016-09-27T12:55:04.151Z','2016-09-27T12:55:04.151Z'),
 (1385,4,3,'Message','hna','2016-09-27T12:52:06.466Z','2016-09-27T12:52:06.466Z'),
 (1386,4,3,'Message','ok','2016-09-27T12:52:34.317Z','2016-09-27T12:52:34.317Z'),
 (1387,3,4,'Message','ok','2016-09-27T12:56:04.373Z','2016-09-27T12:56:04.373Z'),
 (1388,4,3,'Message','muje laga ki','2016-09-27T12:52:48.471Z','2016-09-27T12:52:48.471Z'),
 (1389,4,3,'Message','adasdasd','2016-09-27T12:52:55.405Z','2016-09-27T12:52:55.405Z'),
 (1390,4,3,'Message','sadasd','2016-09-27T12:53:01.677Z','2016-09-27T12:53:01.677Z'),
 (1391,4,3,'Message','dasdasdasdasdasdasdasdasdasdasd','2016-09-27T12:53:17.100Z','2016-09-27T12:53:17.100Z'),
 (1392,3,4,'Message','ko','2016-09-27T12:56:48.367Z','2016-09-27T12:56:48.367Z'),
 (1393,4,3,'Message','sdasd','2016-09-27T12:53:31.423Z','2016-09-27T12:53:31.423Z'),
 (1394,3,4,'Message','jkj','2016-09-27T12:56:57.637Z','2016-09-27T12:56:57.637Z'),
 (1395,4,3,'Message','hgjkhj','2016-09-27T12:53:36.365Z','2016-09-27T12:53:36.365Z'),
 (1396,4,3,'Message','k','2016-09-27T12:53:37.020Z','2016-09-27T12:53:37.020Z'),
 (1397,3,4,'Message','j','2016-09-27T12:57:03.307Z','2016-09-27T12:57:03.307Z'),
 (1398,4,3,'Message','k','2016-09-27T12:53:40.398Z','2016-09-27T12:53:40.398Z'),
 (1399,3,4,'Message','j','2016-09-27T12:57:04.587Z','2016-09-27T12:57:04.587Z'),
 (1400,4,3,'Message','k','2016-09-27T12:53:40.958Z','2016-09-27T12:53:40.958Z'),
 (1401,3,4,'Message','j','2016-09-27T12:57:05.074Z','2016-09-27T12:57:05.074Z'),
 (1402,3,4,'Message','j','2016-09-27T12:57:05.634Z','2016-09-27T12:57:05.634Z'),
 (1403,4,3,'Message','k','2016-09-27T12:53:41.575Z','2016-09-27T12:53:41.575Z'),
 (1404,4,3,'Message','k','2016-09-27T12:53:42.038Z','2016-09-27T12:53:42.038Z'),
 (1405,3,4,'Message','j','2016-09-27T12:57:06.156Z','2016-09-27T12:57:06.156Z'),
 (1406,4,3,'Message','k','2016-09-27T12:53:42.446Z','2016-09-27T12:53:42.446Z'),
 (1407,3,4,'Message','j','2016-09-27T12:57:06.575Z','2016-09-27T12:57:06.575Z'),
 (1408,4,3,'Message','k','2016-09-27T12:53:42.846Z','2016-09-27T12:53:42.846Z'),
 (1409,3,4,'Message','j','2016-09-27T12:57:07.017Z','2016-09-27T12:57:07.017Z'),
 (1410,4,3,'Message','k','2016-09-27T12:53:43.238Z','2016-09-27T12:53:43.238Z'),
 (1411,3,4,'Message','j','2016-09-27T12:57:07.440Z','2016-09-27T12:57:07.440Z'),
 (1412,4,3,'Message','k','2016-09-27T12:53:43.598Z','2016-09-27T12:53:43.598Z'),
 (1413,3,4,'Message','j','2016-09-27T12:57:07.886Z','2016-09-27T12:57:07.886Z'),
 (1414,4,3,'Message','k','2016-09-27T12:53:43.957Z','2016-09-27T12:53:43.957Z'),
 (1415,3,4,'Message','j','2016-09-27T12:57:08.305Z','2016-09-27T12:57:08.305Z'),
 (1416,4,3,'Message','k','2016-09-27T12:53:44.333Z','2016-09-27T12:53:44.333Z'),
 (1417,3,4,'Message','j','2016-09-27T12:57:08.845Z','2016-09-27T12:57:08.845Z'),
 (1418,4,3,'Message','k','2016-09-27T12:53:44.861Z','2016-09-27T12:53:44.861Z'),
 (1419,3,4,'Message','j','2016-09-27T12:57:09.320Z','2016-09-27T12:57:09.320Z'),
 (1420,4,3,'Message','k','2016-09-27T12:53:45.357Z','2016-09-27T12:53:45.357Z'),
 (1421,3,4,'Message','j','2016-09-27T12:57:09.770Z','2016-09-27T12:57:09.770Z'),
 (1422,4,3,'Message','k','2016-09-27T12:53:45.813Z','2016-09-27T12:53:45.813Z'),
 (1423,3,4,'Message','j','2016-09-27T12:57:10.202Z','2016-09-27T12:57:10.202Z'),
 (1424,4,3,'Message','k','2016-09-27T12:53:46.237Z','2016-09-27T12:53:46.237Z'),
 (1425,3,4,'Message','j','2016-09-27T12:57:10.665Z','2016-09-27T12:57:10.665Z'),
 (1426,4,3,'Message','k','2016-09-27T12:53:46.644Z','2016-09-27T12:53:46.644Z'),
 (1427,3,4,'Message','jjjj','2016-09-27T12:57:11.915Z','2016-09-27T12:57:11.915Z'),
 (1428,3,4,'Message','okkk kik','2016-09-27T12:57:25.117Z','2016-09-27T12:57:25.117Z'),
 (1429,3,4,'Message','ok','2016-09-27T12:57:38.468Z','2016-09-27T12:57:38.468Z'),
 (1430,4,3,'Message','MY NHU','2016-09-27T12:54:22.644Z','2016-09-27T12:54:22.644Z'),
 (1431,4,3,'Message','OP','2016-09-27T12:54:43.061Z','2016-09-27T12:54:43.061Z'),
 (1432,4,3,'Message','K','2016-09-27T12:54:46.500Z','2016-09-27T12:54:46.500Z'),
 (1433,4,3,'Message','DF','2016-09-27T12:54:47.707Z','2016-09-27T12:54:47.707Z'),
 (1434,4,3,'Message','GDF','2016-09-27T12:54:47.907Z','2016-09-27T12:54:47.907Z'),
 (1435,4,3,'Message','G','2016-09-27T12:54:48.100Z','2016-09-27T12:54:48.100Z'),
 (1436,4,3,'Message','GH','2016-09-27T12:54:48.486Z','2016-09-27T12:54:48.486Z'),
 (1437,4,3,'Message','GDF','2016-09-27T12:54:48.668Z','2016-09-27T12:54:48.668Z'),
 (1438,4,3,'Message','G','2016-09-27T12:54:48.860Z','2016-09-27T12:54:48.860Z'),
 (1439,4,3,'Message','DFG','2016-09-27T12:54:49.060Z','2016-09-27T12:54:49.060Z'),
 (1440,4,3,'Message','DF','2016-09-27T12:54:49.229Z','2016-09-27T12:54:49.229Z'),
 (1441,4,3,'Message','G','2016-09-27T12:54:49.405Z','2016-09-27T12:54:49.405Z'),
 (1442,4,3,'Message','FGGDFGDFGDGDFGDGDFG','2016-09-27T12:54:52.188Z','2016-09-27T12:54:52.188Z'),
 (1443,3,4,'Message','ok','2016-09-27T12:58:17.778Z','2016-09-27T12:58:17.778Z'),
 (1444,4,3,'Message','PL','2016-09-27T12:59:47.546Z','2016-09-27T12:59:47.546Z'),
 (1445,4,3,'Message','PL','2016-09-27T13:00:03.996Z','2016-09-27T13:00:03.996Z'),
 (1446,4,3,'Message','852','2016-09-27T13:01:35.097Z','2016-09-27T13:01:35.097Z'),
 (1447,4,3,'Message','52','2016-09-27T13:01:40.610Z','2016-09-27T13:01:40.610Z'),
 (1448,4,3,'Message','555555','2016-09-27T13:01:45.850Z','2016-09-27T13:01:45.850Z'),
 (1449,4,3,'Message','2222222222','2016-09-27T13:01:56.195Z','2016-09-27T13:01:56.195Z'),
 (1450,4,3,'Message','HN','2016-09-27T13:05:26.759Z','2016-09-27T13:05:26.759Z'),
 (1451,4,3,'Message','L;\'L;\'L;','2016-09-27T13:05:35.073Z','2016-09-27T13:05:35.073Z'),
 (1452,4,3,'Message','LPP','2016-09-27T13:07:19.286Z','2016-09-27T13:07:19.286Z'),
 (1453,4,3,'Message','OK','2016-09-27T13:07:30.112Z','2016-09-27T13:07:30.112Z'),
 (1454,4,3,'Message','PL','2016-09-27T13:07:42.639Z','2016-09-27T13:07:42.639Z'),
 (1455,4,3,'Message','OK','2016-09-27T13:07:54.207Z','2016-09-27T13:07:54.207Z'),
 (1456,4,3,'Message','HGJGHJ','2016-09-27T13:08:13.487Z','2016-09-27T13:08:13.487Z'),
 (1457,4,3,'Message','DD','2016-09-27T13:08:25.510Z','2016-09-27T13:08:25.510Z'),
 (1458,4,3,'Message','pl','2016-09-27T13:11:43.072Z','2016-09-27T13:11:43.072Z'),
 (1459,4,3,'Message','ggdfg','2016-09-27T13:11:51.168Z','2016-09-27T13:11:51.168Z'),
 (1460,4,3,'Message','hfghfgh','2016-09-27T13:11:55.113Z','2016-09-27T13:11:55.113Z'),
 (1461,4,3,'Message','hi','2016-09-27T13:16:38.274Z','2016-09-27T13:16:38.274Z'),
 (1462,4,3,'Message','xczxcxzc','2016-09-27T13:16:45.282Z','2016-09-27T13:16:45.282Z'),
 (1463,4,3,'Message','zxczxc','2016-09-27T13:16:49.978Z','2016-09-27T13:16:49.978Z'),
 (1464,4,3,'Message','ok','2016-09-27T13:16:55.532Z','2016-09-27T13:16:55.532Z'),
 (1465,4,3,'Message','kodfkds','2016-09-27T13:18:25.803Z','2016-09-27T13:18:25.803Z'),
 (1466,4,3,'Message','dasdasdasd','2016-09-27T13:18:32.002Z','2016-09-27T13:18:32.002Z'),
 (1467,4,3,'Message','ok','2016-09-27T13:18:33.759Z','2016-09-27T13:18:33.759Z'),
 (1468,4,3,'Message','me','2016-09-27T13:18:41.449Z','2016-09-27T13:18:41.449Z'),
 (1469,4,3,'Message','pllp','2016-09-27T13:20:11.235Z','2016-09-27T13:20:11.235Z'),
 (1470,4,3,'Message','fghjhj','2016-09-27T13:20:15.387Z','2016-09-27T13:20:15.387Z'),
 (1471,4,3,'Message','fghfghfgh','2016-09-27T13:20:20.898Z','2016-09-27T13:20:20.898Z'),
 (1472,4,3,'Message','hi','2016-09-27T13:21:23.287Z','2016-09-27T13:21:23.287Z'),
 (1473,4,3,'Message','kk','2016-09-27T13:21:26.717Z','2016-09-27T13:21:26.717Z'),
 (1474,4,3,'Message','dsfsdfsdf','2016-09-27T13:21:30.891Z','2016-09-27T13:21:30.891Z'),
 (1475,4,3,'Message','gfhfg','2016-09-27T13:24:49.226Z','2016-09-27T13:24:49.226Z'),
 (1476,3,14,'Message','hi','2016-09-27T13:59:24.246Z','2016-09-27T13:59:24.246Z'),
 (1477,3,14,'Message','ok','2016-09-27T13:59:26.993Z','2016-09-27T13:59:26.993Z'),
 (1478,3,14,'Message','asd','2016-09-27T13:59:27.773Z','2016-09-27T13:59:27.773Z'),
 (1479,3,14,'Message','ok','2016-09-27T13:59:34.519Z','2016-09-27T13:59:34.519Z'),
 (1480,4,3,'Message','hihih','2016-09-27T14:04:29.158Z','2016-09-27T14:04:29.158Z'),
 (1481,4,3,'Message','hi','2016-09-27T14:04:29.999Z','2016-09-27T14:04:29.999Z'),
 (1482,4,3,'Message','hi','2016-09-27T14:04:30.694Z','2016-09-27T14:04:30.694Z'),
 (1483,4,3,'Message','hi','2016-09-27T14:04:41.989Z','2016-09-27T14:04:41.989Z'),
 (1484,4,3,'Message','hi','2016-09-27T14:06:54.846Z','2016-09-27T14:06:54.846Z'),
 (1485,4,3,'Message','hi','2016-09-27T14:07:02.250Z','2016-09-27T14:07:02.250Z'),
 (1486,4,3,'Message','hi','2016-09-27T14:07:13.137Z','2016-09-27T14:07:13.137Z'),
 (1487,4,3,'Message','ok','2016-09-27T14:07:19.938Z','2016-09-27T14:07:19.938Z'),
 (1488,4,3,'Message','ok','2016-09-27T14:07:21.187Z','2016-09-27T14:07:21.187Z'),
 (1489,4,3,'Message','ok','2016-09-27T14:07:22.627Z','2016-09-27T14:07:22.627Z'),
 (1490,4,3,'Message','hn','2016-09-27T14:07:27.996Z','2016-09-27T14:07:27.996Z'),
 (1491,4,3,'Message','nhi','2016-09-27T14:07:33.571Z','2016-09-27T14:07:33.571Z'),
 (1492,4,3,'Message','ok','2016-09-27T14:07:42.735Z','2016-09-27T14:07:42.735Z'),
 (1493,3,4,'Message','hi','2016-09-27T14:10:50.635Z','2016-09-27T14:10:50.635Z'),
 (1494,3,4,'Message','hi','2016-09-27T14:10:55.268Z','2016-09-27T14:10:55.268Z'),
 (1495,3,4,'Message','hi','2016-09-27T14:11:00.186Z','2016-09-27T14:11:00.186Z'),
 (1496,3,4,'Message','ok','2016-09-27T14:11:15.169Z','2016-09-27T14:11:15.169Z'),
 (1497,4,3,'Message','ok','2016-09-27T14:11:24.115Z','2016-09-27T14:11:24.115Z'),
 (1498,3,4,'Message','ok','2016-09-27T14:11:35.515Z','2016-09-27T14:11:35.515Z'),
 (1499,4,3,'Message','hn','2016-09-27T14:11:43.375Z','2016-09-27T14:11:43.375Z'),
 (1500,3,4,'Message','nhi','2016-09-27T14:11:48.617Z','2016-09-27T14:11:48.617Z'),
 (1501,3,4,'Message','jkj','2016-09-27T14:12:04.406Z','2016-09-27T14:12:04.406Z'),
 (1502,3,4,'Message','jk','2016-09-27T14:12:07.293Z','2016-09-27T14:12:07.293Z'),
 (1503,3,4,'Message','jkjws','2016-09-27T14:12:08.737Z','2016-09-27T14:12:08.737Z'),
 (1504,3,4,'Message','edde','2016-09-27T14:12:10.527Z','2016-09-27T14:12:10.527Z'),
 (1505,3,4,'Message','jkk','2016-09-27T14:12:17.576Z','2016-09-27T14:12:17.576Z'),
 (1506,3,4,'Message','nahi','2016-09-27T14:12:19.925Z','2016-09-27T14:12:19.925Z'),
 (1507,3,4,'Message','me to','2016-09-27T14:12:24.208Z','2016-09-27T14:12:24.208Z'),
 (1508,4,3,'Message','hi','2016-09-27T14:17:39.544Z','2016-09-27T14:17:39.544Z'),
 (1509,3,4,'Message','hi','2016-09-27T14:18:05.423Z','2016-09-27T14:18:05.423Z'),
 (1510,3,4,'Message','ok','2016-09-27T14:18:39.222Z','2016-09-27T14:18:39.223Z'),
 (1511,14,4,'Message','hi','2016-09-27T14:19:00.655Z','2016-09-27T14:19:00.655Z'),
 (1512,4,3,'Message','HELLLO','2016-09-28T17:31:18.366Z','2016-09-28T17:31:18.366Z'),
 (1513,3,4,'Message','hi','2016-09-28T17:20:06.521Z','2016-09-28T17:20:06.521Z'),
 (1514,4,3,'Message','kese ho','2016-09-28T17:31:30.355Z','2016-09-28T17:31:30.355Z'),
 (1515,3,4,'Message','mst','2016-09-28T17:20:15.422Z','2016-09-28T17:20:15.422Z'),
 (1516,4,3,'Message','kya haal','2016-09-28T17:31:38.767Z','2016-09-28T17:31:38.767Z');
INSERT INTO `message_details` (`message_id`,`sender_id`,`receiver_id`,`subject`,`body`,`msg_data`,`msg_time`) VALUES 
 (1517,3,4,'Message','or kise hon','2016-09-28T17:20:28.344Z','2016-09-28T17:20:28.344Z'),
 (1518,4,3,'Message','mast','2016-09-28T17:31:51.814Z','2016-09-28T17:31:51.814Z'),
 (1519,3,4,'Message','hjhhj','2016-09-28T17:20:39.908Z','2016-09-28T17:20:39.908Z'),
 (1520,4,3,'Message','hi','2016-09-28T17:32:26.620Z','2016-09-28T17:32:26.620Z'),
 (1521,4,3,'Message','kee','2016-09-28T17:32:30.486Z','2016-09-28T17:32:30.486Z'),
 (1522,4,3,'Message','ldkfmjg','2016-09-28T17:32:31.789Z','2016-09-28T17:32:31.789Z'),
 (1523,4,3,'Message','dmgd;df','2016-09-28T17:32:32.776Z','2016-09-28T17:32:32.776Z'),
 (1524,4,3,'Message','dfmg;ld,f\'g','2016-09-28T17:32:33.983Z','2016-09-28T17:32:33.983Z'),
 (1525,4,3,'Message','glmdg','2016-09-28T17:32:35.046Z','2016-09-28T17:32:35.046Z'),
 (1526,4,3,'Message','dgm','2016-09-28T17:32:35.837Z','2016-09-28T17:32:35.837Z'),
 (1527,4,3,'Message','sgm','2016-09-28T17:32:36.909Z','2016-09-28T17:32:36.909Z'),
 (1528,3,4,'Message','jkjkkj','2016-09-28T17:21:23.588Z','2016-09-28T17:21:23.588Z'),
 (1529,3,4,'Message','jkkj','2016-09-28T17:21:25.817Z','2016-09-28T17:21:25.817Z'),
 (1530,3,4,'Message','jk','2016-09-28T17:21:26.756Z','2016-09-28T17:21:26.756Z'),
 (1531,3,4,'Message','j','2016-09-28T17:21:27.142Z','2016-09-28T17:21:27.142Z'),
 (1532,3,4,'Message','jjj','2016-09-28T17:21:28.005Z','2016-09-28T17:21:28.005Z'),
 (1533,3,4,'Message','j','2016-09-28T17:21:28.411Z','2016-09-28T17:21:28.411Z'),
 (1534,3,4,'Message','j','2016-09-28T17:21:28.877Z','2016-09-28T17:21:28.877Z'),
 (1535,3,4,'Message','j','2016-09-28T17:21:29.242Z','2016-09-28T17:21:29.242Z'),
 (1536,3,4,'Message','hi','2016-09-28T17:23:21.744Z','2016-09-28T17:23:21.744Z'),
 (1537,3,4,'Message','or','2016-09-28T17:23:26.374Z','2016-09-28T17:23:26.374Z'),
 (1538,4,3,'Message','Hii','2016-10-01T06:44:13.841Z','2016-10-01T06:44:13.841Z'),
 (1539,4,3,'Message','Hii','2016-10-01T06:44:33.399Z','2016-10-01T06:44:33.399Z'),
 (1540,4,3,'Message','Or','2016-10-01T06:44:36.263Z','2016-10-01T06:44:36.263Z'),
 (1541,4,3,'Message','Or','2016-10-01T06:44:38.423Z','2016-10-01T06:44:38.423Z'),
 (1542,4,3,'Message','Kdjkd','2016-10-01T06:44:42.648Z','2016-10-01T06:44:42.648Z'),
 (1543,4,3,'Message','KdjkdNh','2016-10-01T06:45:13.191Z','2016-10-01T06:45:13.191Z'),
 (1544,4,1,'Message','Hna','2016-10-01T06:45:25.692Z','2016-10-01T06:45:25.692Z'),
 (1545,4,1,'Message','HnaK','2016-10-01T06:45:30.063Z','2016-10-01T06:45:30.063Z'),
 (1546,4,1,'Message','K','2016-10-01T06:45:31.676Z','2016-10-01T06:45:31.676Z'),
 (1547,4,1,'Message','S','2016-10-01T06:45:33.112Z','2016-10-01T06:45:33.112Z'),
 (1548,4,1,'Message','S','2016-10-01T06:45:34.823Z','2016-10-01T06:45:34.823Z'),
 (1549,4,1,'Message','S','2016-10-01T06:45:36.735Z','2016-10-01T06:45:36.735Z'),
 (1550,4,1,'Message','SS','2016-10-01T06:45:38.995Z','2016-10-01T06:45:38.995Z'),
 (1551,4,1,'Message','SSs','2016-10-01T06:45:41.422Z','2016-10-01T06:45:41.422Z'),
 (1552,4,1,'Message','Ss','2016-10-01T06:45:41.826Z','2016-10-01T06:45:41.826Z'),
 (1553,4,1,'Message','Hi','2016-10-01T06:46:15.210Z','2016-10-01T06:46:15.210Z'),
 (1554,4,1,'Message','HiW','2016-10-01T06:46:19.278Z','2016-10-01T06:46:19.278Z'),
 (1555,4,3,'Message','Han','2016-10-01T06:46:45.990Z','2016-10-01T06:46:45.991Z'),
 (1556,3,4,'Message','ok','2016-10-01T06:53:31.845Z','2016-10-01T06:53:31.845Z'),
 (1557,3,4,'Message','nhi','2016-10-01T06:53:36.667Z','2016-10-01T06:53:36.667Z'),
 (1558,4,3,'Message','Han','2016-10-01T06:47:09.749Z','2016-10-01T06:47:09.749Z'),
 (1559,3,4,'Message','ok','2016-10-01T06:53:46.415Z','2016-10-01T06:53:46.415Z'),
 (1560,4,3,'Message','Hi','2016-10-01T06:49:02.546Z','2016-10-01T06:49:02.546Z'),
 (1561,3,4,'Message','hi','2016-10-01T06:56:08.994Z','2016-10-01T06:56:08.994Z'),
 (1562,3,4,'Message','ok','2016-10-01T06:56:11.437Z','2016-10-01T06:56:11.437Z'),
 (1563,3,4,'Message','jk','2016-10-01T06:56:13.183Z','2016-10-01T06:56:13.183Z'),
 (1564,3,4,'Message','kl\\','2016-10-01T06:56:14.259Z','2016-10-01T06:56:14.259Z'),
 (1565,3,4,'Message','kl','2016-10-01T06:56:15.293Z','2016-10-01T06:56:15.293Z'),
 (1566,3,4,'Message','kkkk','2016-10-01T06:56:17.062Z','2016-10-01T06:56:17.062Z'),
 (1567,4,3,'Message','Hi','2016-10-01T06:49:45.416Z','2016-10-01T06:49:45.417Z'),
 (1568,4,14,'Message','Hi','2016-10-01T06:51:05.204Z','2016-10-01T06:51:05.204Z'),
 (1569,14,4,'Message','hi','2016-10-01T06:57:48.018Z','2016-10-01T06:57:48.018Z'),
 (1570,4,3,'Message','Hi','2016-10-01T06:51:53.313Z','2016-10-01T06:51:53.313Z'),
 (1571,4,3,'Message','Hi','2016-10-01T06:51:55.603Z','2016-10-01T06:51:55.603Z'),
 (1572,4,14,'Message','Hi','2016-10-01T06:52:12.646Z','2016-10-01T06:52:12.646Z'),
 (1573,4,14,'Message','Or ky chk raha hai','2016-10-01T06:52:20.544Z','2016-10-01T06:52:20.544Z'),
 (1574,4,14,'Message','Kch nhi yr','2016-10-01T06:52:37.681Z','2016-10-01T06:52:37.681Z'),
 (1575,4,14,'Message','yrOr tum','2016-10-01T06:52:42.701Z','2016-10-01T06:52:42.701Z'),
 (1576,4,3,'Message','Hi bro','2016-10-01T06:52:54.766Z','2016-10-01T06:52:54.766Z'),
 (1577,4,3,'Message','bro','2016-10-01T06:52:57.414Z','2016-10-01T06:52:57.414Z'),
 (1578,4,3,'Message','H','2016-10-01T06:52:59.445Z','2016-10-01T06:52:59.445Z'),
 (1579,4,3,'Message','H','2016-10-01T06:53:00.655Z','2016-10-01T06:53:00.655Z'),
 (1580,4,3,'Message','Ok due','2016-10-01T06:53:04.575Z','2016-10-01T06:53:04.575Z'),
 (1581,4,3,'Message','dueNhi','2016-10-01T06:53:08.182Z','2016-10-01T06:53:08.182Z'),
 (1582,4,3,'Message','NhiBut','2016-10-01T06:53:13.672Z','2016-10-01T06:53:13.672Z'),
 (1583,4,3,'Message','Butlhah','2016-10-01T06:53:26.485Z','2016-10-01T06:53:26.485Z'),
 (1584,4,3,'Message','hahShhs','2016-10-01T06:53:28.288Z','2016-10-01T06:53:28.288Z'),
 (1585,4,3,'Message','ShhsNdns','2016-10-01T06:53:29.767Z','2016-10-01T06:53:29.767Z'),
 (1586,4,3,'Message','NdnsOr su','2016-10-01T06:53:34.607Z','2016-10-01T06:53:34.607Z'),
 (1587,4,3,'Message','suKy','2016-10-01T06:53:36.921Z','2016-10-01T06:53:36.921Z'),
 (1588,4,14,'Message','tum','2016-10-01T06:54:08.037Z','2016-10-01T06:54:08.037Z'),
 (1589,14,4,'Message','ok','2016-10-01T07:00:47.845Z','2016-10-01T07:00:47.845Z'),
 (1590,3,4,'Message','nhi','2016-10-01T07:00:53.165Z','2016-10-01T07:00:53.165Z'),
 (1591,4,3,'Message','Ky','2016-10-01T06:54:27.514Z','2016-10-01T06:54:27.514Z'),
 (1592,4,3,'Message','Nhi hua ki hum to pagal hai0','2016-10-01T06:54:40.265Z','2016-10-01T06:54:40.265Z'),
 (1593,4,3,'Message','Han','2016-10-01T06:54:42.706Z','2016-10-01T06:54:42.706Z'),
 (1594,3,4,'Message','ok','2016-10-01T07:05:30.144Z','2016-10-01T07:05:30.144Z'),
 (1595,4,3,'Message','Hi','2016-10-01T06:59:29.766Z','2016-10-01T06:59:29.766Z'),
 (1596,4,3,'Message','Hi','2016-10-01T06:59:39.162Z','2016-10-01T06:59:39.162Z'),
 (1597,4,3,'Message','Or','2016-10-01T06:59:45.089Z','2016-10-01T06:59:45.089Z'),
 (1598,4,3,'Message','Done','2016-10-01T06:59:47.689Z','2016-10-01T06:59:47.689Z'),
 (1599,4,3,'Message','DoneNhi','2016-10-01T06:59:50.312Z','2016-10-01T06:59:50.312Z'),
 (1600,4,3,'Message','Nhi','2016-10-01T06:59:52.702Z','2016-10-01T06:59:52.702Z'),
 (1601,4,3,'Message','Ok','2016-10-01T06:59:55.894Z','2016-10-01T06:59:55.894Z'),
 (1602,4,3,'Message','OkOk','2016-10-01T06:59:59.613Z','2016-10-01T06:59:59.613Z'),
 (1603,4,3,'Message','OkKoko','2016-10-01T07:00:03.191Z','2016-10-01T07:00:03.191Z'),
 (1604,4,3,'Message','KokoOkok','2016-10-01T07:00:06.458Z','2016-10-01T07:00:06.458Z'),
 (1605,4,3,'Message','Okok','2016-10-01T07:00:44.824Z','2016-10-01T07:00:44.824Z'),
 (1606,4,3,'Message','Hm','2016-10-01T07:00:48.703Z','2016-10-01T07:00:48.703Z'),
 (1607,4,3,'Message','Hm','2016-10-01T07:01:05.753Z','2016-10-01T07:01:05.753Z'),
 (1608,4,3,'Message','Koukqwrdfg','2016-10-01T07:01:18.957Z','2016-10-01T07:01:18.957Z'),
 (1609,4,3,'Message','Kdid','2016-10-01T07:01:21.234Z','2016-10-01T07:01:21.234Z'),
 (1610,4,3,'Message','Dkdkf dd','2016-10-01T07:01:24.417Z','2016-10-01T07:01:24.417Z'),
 (1611,4,3,'Message','Koi','2016-10-01T07:01:26.669Z','2016-10-01T07:01:26.669Z'),
 (1612,4,3,'Message','Skdkdd','2016-10-01T07:01:28.341Z','2016-10-01T07:01:28.341Z'),
 (1613,4,3,'Message','D','2016-10-01T07:01:28.553Z','2016-10-01T07:01:28.553Z'),
 (1614,4,3,'Message','D','2016-10-01T07:01:28.737Z','2016-10-01T07:01:28.737Z'),
 (1615,4,3,'Message','D','2016-10-01T07:01:28.945Z','2016-10-01T07:01:28.945Z'),
 (1616,4,3,'Message','D','2016-10-01T07:01:29.353Z','2016-10-01T07:01:29.353Z'),
 (1617,4,3,'Message','D','2016-10-01T07:01:29.784Z','2016-10-01T07:01:29.784Z'),
 (1618,4,3,'Message','D','2016-10-01T07:01:30.299Z','2016-10-01T07:01:30.299Z'),
 (1619,4,3,'Message','D..','2016-10-01T07:01:30.640Z','2016-10-01T07:01:30.640Z'),
 (1620,4,3,'Message','G.h','2016-10-01T07:01:31.185Z','2016-10-01T07:01:31.185Z'),
 (1621,4,3,'Message','S','2016-10-01T07:01:31.369Z','2016-10-01T07:01:31.369Z'),
 (1622,4,3,'Message','ShsjÃŸ','2016-10-01T07:01:41.391Z','2016-10-01T07:01:41.391Z'),
 (1623,4,3,'Message','Dnsnddd','2016-10-01T07:01:43.180Z','2016-10-01T07:01:43.180Z'),
 (1624,4,3,'Message','Jks','2016-10-01T07:01:44.556Z','2016-10-01T07:01:44.556Z'),
 (1625,4,3,'Message','Dd','2016-10-01T07:01:45.812Z','2016-10-01T07:01:45.812Z'),
 (1626,4,3,'Message','D','2016-10-01T07:01:46.455Z','2016-10-01T07:01:46.455Z'),
 (1627,4,3,'Message','D','2016-10-01T07:01:46.699Z','2016-10-01T07:01:46.699Z'),
 (1628,4,3,'Message','G','2016-10-01T07:01:47.121Z','2016-10-01T07:01:47.121Z'),
 (1629,4,3,'Message','Lalodkepfjfjg','2016-10-01T07:01:50.165Z','2016-10-01T07:01:50.165Z'),
 (1630,4,3,'Message','Dhekkd','2016-10-01T07:01:51.254Z','2016-10-01T07:01:51.254Z'),
 (1631,4,3,'Message','Jddjfjd','2016-10-01T07:01:53.117Z','2016-10-01T07:01:53.117Z'),
 (1632,4,3,'Message','Fjd','2016-10-01T07:01:53.735Z','2016-10-01T07:01:53.735Z'),
 (1633,4,3,'Message','JD','2016-10-01T07:01:54.246Z','2016-10-01T07:01:54.246Z'),
 (1634,4,3,'Message','Nd','2016-10-01T07:01:54.876Z','2016-10-01T07:01:54.876Z'),
 (1635,4,3,'Message','Dm','2016-10-01T07:01:55.483Z','2016-10-01T07:01:55.483Z'),
 (1636,4,3,'Message','Dn','2016-10-01T07:01:56.153Z','2016-10-01T07:01:56.153Z'),
 (1637,4,3,'Message','Md','2016-10-01T07:01:56.743Z','2016-10-01T07:01:56.743Z'),
 (1638,4,3,'Message','Fn','2016-10-01T07:01:57.202Z','2016-10-01T07:01:57.202Z'),
 (1639,4,3,'Message','Dn','2016-10-01T07:01:57.831Z','2016-10-01T07:01:57.831Z'),
 (1640,4,3,'Message','Jd','2016-10-01T07:01:58.402Z','2016-10-01T07:01:58.402Z'),
 (1641,4,3,'Message','Jd','2016-10-01T07:01:58.965Z','2016-10-01T07:01:58.965Z'),
 (1642,4,3,'Message','Ndmekrjdkke','2016-10-01T07:02:00.949Z','2016-10-01T07:02:00.949Z'),
 (1643,4,3,'Message','Gjjd','2016-10-01T07:02:02.121Z','2016-10-01T07:02:02.121Z'),
 (1644,4,3,'Message','Joieppfjme','2016-10-01T07:02:04.661Z','2016-10-01T07:02:04.661Z'),
 (1645,4,3,'Message','Dnekod','2016-10-01T07:02:05.867Z','2016-10-01T07:02:05.867Z'),
 (1646,4,3,'Message','Dmkkd','2016-10-01T07:02:07.041Z','2016-10-01T07:02:07.041Z'),
 (1647,4,3,'Message','Dkmkmdkddk','2016-10-01T07:02:09.393Z','2016-10-01T07:02:09.393Z'),
 (1648,4,3,'Message','Dkk','2016-10-01T07:02:09.878Z','2016-10-01T07:02:09.878Z'),
 (1649,4,3,'Message','Dkmdkkoiid','2016-10-01T07:02:11.732Z','2016-10-01T07:02:11.732Z'),
 (1650,4,3,'Message','Fkmjdkkf','2016-10-01T07:02:13.471Z','2016-10-01T07:02:13.471Z'),
 (1651,4,3,'Message','D','2016-10-01T07:02:14.034Z','2016-10-01T07:02:14.034Z'),
 (1652,4,3,'Message','F','2016-10-01T07:02:14.528Z','2016-10-01T07:02:14.528Z'),
 (1653,4,3,'Message','F','2016-10-01T07:02:14.729Z','2016-10-01T07:02:14.729Z'),
 (1654,4,3,'Message','F','2016-10-01T07:02:15.025Z','2016-10-01T07:02:15.025Z'),
 (1655,4,3,'Message','G','2016-10-01T07:02:15.491Z','2016-10-01T07:02:15.491Z'),
 (1656,4,3,'Message','D','2016-10-01T07:02:17.223Z','2016-10-01T07:02:17.223Z'),
 (1657,4,3,'Message','G','2016-10-01T07:02:17.907Z','2016-10-01T07:02:17.907Z'),
 (1658,4,3,'Message','H','2016-10-01T07:02:18.145Z','2016-10-01T07:02:18.145Z'),
 (1659,4,3,'Message','Psldjgd','2016-10-01T07:02:19.765Z','2016-10-01T07:02:19.765Z'),
 (1660,4,3,'Message','D','2016-10-01T07:02:19.983Z','2016-10-01T07:02:19.983Z'),
 (1661,4,14,'Message','Ji','2016-10-01T07:04:46.714Z','2016-10-01T07:04:46.714Z'),
 (1662,3,14,'Message','ko','2016-10-01T07:16:49.100Z','2016-10-01T07:16:49.100Z'),
 (1663,3,14,'Message','okokokk','2016-10-01T07:16:51.738Z','2016-10-01T07:16:51.738Z'),
 (1664,3,14,'Message','ko','2016-10-01T07:16:52.937Z','2016-10-01T07:16:52.937Z'),
 (1665,3,14,'Message','ko','2016-10-01T07:16:54.031Z','2016-10-01T07:16:54.031Z'),
 (1666,3,14,'Message','kpo','2016-10-01T07:16:54.870Z','2016-10-01T07:16:54.870Z'),
 (1667,3,14,'Message','ko','2016-10-01T07:16:55.607Z','2016-10-01T07:16:55.607Z'),
 (1668,3,14,'Message','ko','2016-10-01T07:16:56.298Z','2016-10-01T07:16:56.298Z'),
 (1669,3,14,'Message','ko','2016-10-01T07:16:56.920Z','2016-10-01T07:16:56.920Z'),
 (1670,3,4,'Message','hi','2016-10-01T07:18:47.981Z','2016-10-01T07:18:47.981Z'),
 (1671,3,14,'Message','hi','2016-10-01T09:37:20.134Z','2016-10-01T09:37:20.134Z'),
 (1672,3,4,'Message','hi','2016-10-07T07:22:34.676Z','2016-10-07T07:22:34.676Z'),
 (1673,4,3,'Message','hello','2016-10-07T07:23:13.387Z','2016-10-07T07:23:13.387Z'),
 (1674,3,4,'Message','okok','2016-10-07T07:22:51.243Z','2016-10-07T07:22:51.243Z'),
 (1675,3,4,'Message','kok','2016-10-07T07:22:53.283Z','2016-10-07T07:22:53.283Z'),
 (1676,14,4,'Message','hi','2016-10-15T12:58:56.669Z','2016-10-15T12:58:56.669Z'),
 (1677,4,14,'Message','hi','2016-10-15T14:59:42.394Z','2016-10-15T14:59:42.394Z'),
 (1678,4,14,'Message','hi','2016-10-15T15:01:11.863Z','2016-10-15T15:01:11.863Z'),
 (1679,14,4,'Message','ok','2016-10-15T13:01:09.128Z','2016-10-15T13:01:09.128Z'),
 (1680,14,4,'Message','nhi','2016-10-15T13:01:11.764Z','2016-10-15T13:01:11.764Z'),
 (1681,14,4,'Message','kklk','2016-10-15T13:01:13.854Z','2016-10-15T13:01:13.854Z'),
 (1682,4,14,'Message','ghgh[','2016-10-15T15:01:58.198Z','2016-10-15T15:01:58.198Z'),
 (1683,4,14,'Message','gjhg','2016-10-15T15:01:59.627Z','2016-10-15T15:01:59.627Z'),
 (1684,14,4,'Message','ljkl','2016-10-15T13:01:20.840Z','2016-10-15T13:01:20.840Z'),
 (1685,14,4,'Message','jkljk','2016-10-15T13:01:22.205Z','2016-10-15T13:01:22.205Z'),
 (1686,4,14,'Message','jhgjg','2016-10-15T15:02:04.174Z','2016-10-15T15:02:04.174Z'),
 (1687,14,4,'Message','jkljk','2016-10-15T13:01:25.888Z','2016-10-15T13:01:25.888Z'),
 (1688,14,4,'Message','jlkj','2016-10-15T13:01:28.427Z','2016-10-15T13:01:28.427Z'),
 (1689,4,14,'Message','jgjg','2016-10-15T15:02:07.947Z','2016-10-15T15:02:07.947Z'),
 (1690,14,4,'Message','kjl;kj','2016-10-15T13:01:31.201Z','2016-10-15T13:01:31.201Z'),
 (1691,4,14,'Message','jjgg','2016-10-15T15:02:10.667Z','2016-10-15T15:02:10.667Z'),
 (1692,14,4,'Message','jkljkl;','2016-10-15T13:01:32.857Z','2016-10-15T13:01:32.857Z'),
 (1693,4,14,'Message','jjg','2016-10-15T15:02:12.381Z','2016-10-15T15:02:12.381Z'),
 (1694,14,4,'Message','jlk','2016-10-15T13:01:34.553Z','2016-10-15T13:01:34.553Z'),
 (1695,4,14,'Message','gj','2016-10-15T15:02:14.040Z','2016-10-15T15:02:14.040Z'),
 (1696,4,14,'Message','g','2016-10-15T15:02:14.669Z','2016-10-15T15:02:14.670Z'),
 (1697,14,4,'Message','j','2016-10-15T13:01:35.259Z','2016-10-15T13:01:35.259Z'),
 (1698,4,14,'Message','g','2016-10-15T15:02:15.183Z','2016-10-15T15:02:15.183Z'),
 (1699,14,4,'Message','j','2016-10-15T13:01:35.809Z','2016-10-15T13:01:35.809Z'),
 (1700,4,14,'Message','h','2016-10-15T15:02:15.639Z','2016-10-15T15:02:15.639Z'),
 (1701,14,4,'Message','k','2016-10-15T13:01:36.246Z','2016-10-15T13:01:36.246Z'),
 (1702,14,4,'Message','j','2016-10-15T13:01:36.585Z','2016-10-15T13:01:36.585Z'),
 (1703,4,14,'Message','h','2016-10-15T15:02:16.102Z','2016-10-15T15:02:16.102Z'),
 (1704,14,4,'Message','j','2016-10-15T13:01:37.118Z','2016-10-15T13:01:37.118Z'),
 (1705,4,14,'Message','h','2016-10-15T15:02:16.574Z','2016-10-15T15:02:16.574Z'),
 (1706,4,14,'Message','h','2016-10-15T15:02:17.026Z','2016-10-15T15:02:17.026Z'),
 (1707,14,4,'Message','j','2016-10-15T13:01:37.649Z','2016-10-15T13:01:37.649Z'),
 (1708,14,4,'Message','kj','2016-10-15T13:01:38.152Z','2016-10-15T13:01:38.152Z'),
 (1709,4,14,'Message','g','2016-10-15T15:02:17.530Z','2016-10-15T15:02:17.530Z'),
 (1710,4,14,'Message','h','2016-10-15T15:02:17.951Z','2016-10-15T15:02:17.951Z'),
 (1711,14,4,'Message','j','2016-10-15T13:01:38.645Z','2016-10-15T13:01:38.645Z'),
 (1712,4,14,'Message','h','2016-10-15T15:02:18.375Z','2016-10-15T15:02:18.375Z'),
 (1713,14,4,'Message','kj','2016-10-15T13:01:39.080Z','2016-10-15T13:01:39.080Z'),
 (1714,4,14,'Message','hh','2016-10-15T15:02:19.326Z','2016-10-15T15:02:19.326Z'),
 (1715,14,4,'Message','jk','2016-10-15T13:01:40.031Z','2016-10-15T13:01:40.031Z'),
 (1716,14,4,'Message','hi','2016-10-15T13:49:19.235Z','2016-10-15T13:49:19.235Z'),
 (1717,4,14,'Message','hi','2016-10-15T15:50:07.426Z','2016-10-15T15:50:07.426Z'),
 (1718,14,4,'Message','hajsd','2016-10-15T13:52:31.404Z','2016-10-15T13:52:31.404Z'),
 (1719,4,14,'Message','hyyj]','2016-10-15T15:53:08.490Z','2016-10-15T15:53:08.490Z'),
 (1720,14,3,'Message','hi','2016-10-15T14:19:50.193Z','2016-10-15T14:19:50.193Z'),
 (1721,14,4,'Message','hi','2016-10-17T10:30:38.198Z','2016-10-17T10:30:38.198Z'),
 (1722,4,14,'Message','helllo','2016-10-16T10:36:22.027Z','2016-10-16T10:36:22.027Z'),
 (1723,14,4,'Message','hi','2016-10-17T10:35:50.213Z','2016-10-17T10:35:50.213Z'),
 (1724,4,14,'Message','hi','2016-10-16T10:36:52.335Z','2016-10-16T10:36:52.335Z'),
 (1725,4,14,'Message','hi','2016-10-16T10:37:58.708Z','2016-10-16T10:37:58.708Z'),
 (1726,14,4,'Message','ok','2016-10-17T10:37:10.238Z','2016-10-17T10:37:10.238Z'),
 (1727,4,14,'Message','ka chal rao','2016-10-16T10:38:21.390Z','2016-10-16T10:38:21.390Z'),
 (1728,4,14,'Message','kk','2016-10-16T10:38:46.463Z','2016-10-16T10:38:46.463Z'),
 (1729,14,4,'Message','sdfsfd','2016-10-17T10:37:53.524Z','2016-10-17T10:37:53.524Z'),
 (1730,14,4,'Message','sfd','2016-10-17T10:37:53.677Z','2016-10-17T10:37:53.677Z'),
 (1731,14,4,'Message','sd','2016-10-17T10:37:53.843Z','2016-10-17T10:37:53.843Z'),
 (1732,14,4,'Message','f','2016-10-17T10:37:54.006Z','2016-10-17T10:37:54.006Z'),
 (1733,14,4,'Message','sdf','2016-10-17T10:37:54.182Z','2016-10-17T10:37:54.182Z'),
 (1734,14,4,'Message','sfd','2016-10-17T10:37:54.353Z','2016-10-17T10:37:54.353Z'),
 (1735,14,4,'Message','s','2016-10-17T10:37:54.520Z','2016-10-17T10:37:54.520Z'),
 (1736,14,4,'Message','df','2016-10-17T10:37:54.712Z','2016-10-17T10:37:54.712Z'),
 (1737,14,4,'Message','sd','2016-10-17T10:37:54.891Z','2016-10-17T10:37:54.891Z'),
 (1738,14,4,'Message','f','2016-10-17T10:37:55.068Z','2016-10-17T10:37:55.068Z'),
 (1739,14,4,'Message','sdf','2016-10-17T10:37:55.249Z','2016-10-17T10:37:55.249Z'),
 (1740,14,4,'Message','sd','2016-10-17T10:37:55.424Z','2016-10-17T10:37:55.424Z'),
 (1741,14,4,'Message','f','2016-10-17T10:37:55.605Z','2016-10-17T10:37:55.605Z'),
 (1742,14,4,'Message','sdf','2016-10-17T10:37:55.786Z','2016-10-17T10:37:55.786Z'),
 (1743,14,4,'Message','sd','2016-10-17T10:37:55.969Z','2016-10-17T10:37:55.969Z'),
 (1744,14,4,'Message','f','2016-10-17T10:37:56.140Z','2016-10-17T10:37:56.140Z'),
 (1745,4,14,'Message',',k;l jlk','2016-10-16T10:38:51.471Z','2016-10-16T10:38:51.471Z'),
 (1746,14,4,'Message','sdf','2016-10-17T10:37:56.318Z','2016-10-17T10:37:56.318Z'),
 (1747,14,4,'Message','sd','2016-10-17T10:37:56.528Z','2016-10-17T10:37:56.528Z'),
 (1748,14,4,'Message','f','2016-10-17T10:37:56.703Z','2016-10-17T10:37:56.703Z'),
 (1749,4,14,'Message','m;lk\';','2016-10-16T10:38:52.078Z','2016-10-16T10:38:52.078Z'),
 (1750,14,4,'Message','sdf','2016-10-17T10:37:56.890Z','2016-10-17T10:37:56.890Z'),
 (1751,14,4,'Message','sa','2016-10-17T10:37:57.083Z','2016-10-17T10:37:57.083Z'),
 (1752,14,4,'Message','df','2016-10-17T10:37:57.270Z','2016-10-17T10:37:57.270Z'),
 (1753,14,4,'Message','sdf','2016-10-17T10:37:57.459Z','2016-10-17T10:37:57.459Z'),
 (1754,14,4,'Message','s','2016-10-17T10:37:57.649Z','2016-10-17T10:37:57.649Z'),
 (1755,14,4,'Message','df','2016-10-17T10:37:57.822Z','2016-10-17T10:37:57.822Z'),
 (1756,4,14,'Message','k;lmk;lkl;','2016-10-16T10:38:53.191Z','2016-10-16T10:38:53.191Z'),
 (1757,14,4,'Message','sa','2016-10-17T10:37:58.004Z','2016-10-17T10:37:58.004Z'),
 (1758,14,4,'Message','df','2016-10-17T10:37:58.179Z','2016-10-17T10:37:58.179Z'),
 (1759,14,4,'Message','sd','2016-10-17T10:37:58.379Z','2016-10-17T10:37:58.379Z'),
 (1760,14,4,'Message','fs','2016-10-17T10:37:58.587Z','2016-10-17T10:37:58.587Z'),
 (1761,4,14,'Message','k;lk\';','2016-10-16T10:38:54.022Z','2016-10-16T10:38:54.022Z'),
 (1762,14,4,'Message','df','2016-10-17T10:37:58.841Z','2016-10-17T10:37:58.841Z'),
 (1763,4,14,'Message','\'','2016-10-16T10:38:54.184Z','2016-10-16T10:38:54.184Z'),
 (1764,14,4,'Message','sd','2016-10-17T10:37:59.000Z','2016-10-17T10:37:59.000Z'),
 (1765,14,4,'Message','fs','2016-10-17T10:37:59.185Z','2016-10-17T10:37:59.185Z'),
 (1766,14,4,'Message','df','2016-10-17T10:37:59.370Z','2016-10-17T10:37:59.370Z'),
 (1767,4,14,'Message',';k;j\'','2016-10-16T10:38:54.845Z','2016-10-16T10:38:54.845Z'),
 (1768,14,4,'Message','s','2016-10-17T10:37:59.566Z','2016-10-17T10:37:59.566Z'),
 (1769,14,4,'Message','df','2016-10-17T10:37:59.753Z','2016-10-17T10:37:59.753Z'),
 (1770,14,4,'Message','sdf','2016-10-17T10:37:59.957Z','2016-10-17T10:37:59.957Z'),
 (1771,14,4,'Message','sd','2016-10-17T10:38:00.336Z','2016-10-17T10:38:00.336Z'),
 (1772,14,4,'Message','f','2016-10-17T10:38:00.521Z','2016-10-17T10:38:00.521Z'),
 (1773,4,14,'Message','\'kj;','2016-10-16T10:38:55.981Z','2016-10-16T10:38:55.981Z'),
 (1774,14,4,'Message','sd','2016-10-17T10:38:00.719Z','2016-10-17T10:38:00.719Z'),
 (1775,14,4,'Message','f','2016-10-17T10:38:00.916Z','2016-10-17T10:38:00.916Z'),
 (1776,14,4,'Message','sdf','2016-10-17T10:38:01.103Z','2016-10-17T10:38:01.103Z'),
 (1777,14,4,'Message','sd','2016-10-17T10:38:01.291Z','2016-10-17T10:38:01.291Z'),
 (1778,14,4,'Message','fs','2016-10-17T10:38:01.500Z','2016-10-17T10:38:01.500Z'),
 (1779,14,4,'Message','df','2016-10-17T10:38:01.690Z','2016-10-17T10:38:01.690Z'),
 (1780,14,4,'Message','sd','2016-10-17T10:38:01.885Z','2016-10-17T10:38:01.885Z'),
 (1781,14,4,'Message','f','2016-10-17T10:38:02.065Z','2016-10-17T10:38:02.065Z'),
 (1782,4,14,'Message','\';k\';\'','2016-10-16T10:38:57.445Z','2016-10-16T10:38:57.445Z'),
 (1783,14,4,'Message','sdf','2016-10-17T10:38:02.256Z','2016-10-17T10:38:02.256Z'),
 (1784,14,4,'Message','sd','2016-10-17T10:38:02.472Z','2016-10-17T10:38:02.472Z'),
 (1785,14,4,'Message','f','2016-10-17T10:38:02.668Z','2016-10-17T10:38:02.668Z'),
 (1786,14,4,'Message','sd','2016-10-17T10:38:02.848Z','2016-10-17T10:38:02.848Z'),
 (1787,14,4,'Message','fs','2016-10-17T10:38:03.057Z','2016-10-17T10:38:03.057Z'),
 (1788,4,14,'Message','mj;ljklhk\'','2016-10-16T10:38:58.535Z','2016-10-16T10:38:58.535Z'),
 (1789,14,4,'Message','dfsdf','2016-10-17T10:38:03.483Z','2016-10-17T10:38:03.483Z'),
 (1790,14,4,'Message','sd','2016-10-17T10:38:03.675Z','2016-10-17T10:38:03.675Z'),
 (1791,14,4,'Message','f','2016-10-17T10:38:03.874Z','2016-10-17T10:38:03.874Z'),
 (1792,4,14,'Message','kbhkjhl','2016-10-16T10:38:59.453Z','2016-10-16T10:38:59.453Z'),
 (1793,14,4,'Message','sddfs','2016-10-17T10:38:04.249Z','2016-10-17T10:38:04.249Z'),
 (1794,14,4,'Message','df','2016-10-17T10:38:04.421Z','2016-10-17T10:38:04.421Z'),
 (1795,14,4,'Message','s','2016-10-17T10:38:04.579Z','2016-10-17T10:38:04.579Z'),
 (1796,14,4,'Message','df','2016-10-17T10:38:04.764Z','2016-10-17T10:38:04.764Z'),
 (1797,14,4,'Message','d','2016-10-17T10:38:04.937Z','2016-10-17T10:38:04.937Z'),
 (1798,4,14,'Message','jklj;','2016-10-16T10:39:00.341Z','2016-10-16T10:39:00.341Z'),
 (1799,14,4,'Message','f','2016-10-17T10:38:05.105Z','2016-10-17T10:38:05.105Z'),
 (1800,14,4,'Message','sd','2016-10-17T10:38:05.283Z','2016-10-17T10:38:05.283Z'),
 (1801,14,4,'Message','f','2016-10-17T10:38:05.475Z','2016-10-17T10:38:05.475Z'),
 (1802,14,4,'Message','sd','2016-10-17T10:38:05.651Z','2016-10-17T10:38:05.651Z'),
 (1803,14,4,'Message','fs','2016-10-17T10:38:05.865Z','2016-10-17T10:38:05.865Z'),
 (1804,4,14,'Message','jlj;','2016-10-16T10:39:01.222Z','2016-10-16T10:39:01.222Z'),
 (1805,4,14,'Message','j;\'','2016-10-16T10:39:01.980Z','2016-10-16T10:39:01.980Z'),
 (1806,14,4,'Message','dfsdffl','2016-10-17T10:38:07.840Z','2016-10-17T10:38:07.840Z'),
 (1807,14,4,'Message','kk','2016-10-17T10:38:08.192Z','2016-10-17T10:38:08.192Z'),
 (1808,14,4,'Message','k','2016-10-17T10:38:08.461Z','2016-10-17T10:38:08.461Z'),
 (1809,14,4,'Message','kk','2016-10-17T10:38:08.728Z','2016-10-17T10:38:08.728Z'),
 (1810,14,4,'Message','k','2016-10-17T10:38:08.856Z','2016-10-17T10:38:08.856Z'),
 (1811,14,4,'Message','k','2016-10-17T10:38:09.012Z','2016-10-17T10:38:09.012Z'),
 (1812,14,4,'Message','kkklk','2016-10-17T10:38:09.584Z','2016-10-17T10:38:09.584Z'),
 (1813,14,4,'Message','kkkkk','2016-10-17T10:38:10.326Z','2016-10-17T10:38:10.326Z'),
 (1814,14,4,'Message','kkkkkkkk','2016-10-17T10:38:11.756Z','2016-10-17T10:38:11.756Z'),
 (1815,14,4,'Message','kkk','2016-10-17T10:38:12.425Z','2016-10-17T10:38:12.425Z'),
 (1816,4,14,'Message','l','2016-10-16T10:39:07.901Z','2016-10-16T10:39:07.901Z'),
 (1817,14,4,'Message','kk','2016-10-17T10:38:12.838Z','2016-10-17T10:38:12.838Z'),
 (1818,4,14,'Message',';l','2016-10-16T10:39:08.437Z','2016-10-16T10:39:08.437Z'),
 (1819,14,4,'Message','k','2016-10-17T10:38:13.486Z','2016-10-17T10:38:13.486Z'),
 (1820,4,14,'Message',';l','2016-10-16T10:39:08.844Z','2016-10-16T10:39:08.844Z'),
 (1821,14,4,'Message','k','2016-10-17T10:38:13.883Z','2016-10-17T10:38:13.883Z'),
 (1822,4,14,'Message',';','2016-10-16T10:39:09.213Z','2016-10-16T10:39:09.213Z'),
 (1823,4,14,'Message',';','2016-10-16T10:39:09.477Z','2016-10-16T10:39:09.477Z'),
 (1824,4,14,'Message',';','2016-10-16T10:39:09.724Z','2016-10-16T10:39:09.724Z'),
 (1825,4,14,'Message',';','2016-10-16T10:39:09.940Z','2016-10-16T10:39:09.940Z'),
 (1826,14,4,'Message','kkkkk','2016-10-17T10:38:14.788Z','2016-10-17T10:38:14.788Z'),
 (1827,4,14,'Message',';','2016-10-16T10:39:10.135Z','2016-10-16T10:39:10.135Z'),
 (1828,14,4,'Message','kkk','2016-10-17T10:38:15.364Z','2016-10-17T10:38:15.364Z'),
 (1829,4,14,'Message',';;;','2016-10-16T10:39:10.838Z','2016-10-16T10:39:10.838Z'),
 (1830,4,14,'Message',';','2016-10-16T10:39:11.020Z','2016-10-16T10:39:11.020Z'),
 (1831,14,4,'Message','k','2016-10-17T10:38:15.713Z','2016-10-17T10:38:15.713Z'),
 (1832,4,14,'Message',';','2016-10-16T10:39:11.199Z','2016-10-16T10:39:11.199Z'),
 (1833,14,4,'Message','kk','2016-10-17T10:38:16.032Z','2016-10-17T10:38:16.032Z'),
 (1834,4,14,'Message',';','2016-10-16T10:39:11.356Z','2016-10-16T10:39:11.356Z'),
 (1835,14,4,'Message','k','2016-10-17T10:38:16.285Z','2016-10-17T10:38:16.285Z'),
 (1836,4,14,'Message',';;','2016-10-16T10:39:11.685Z','2016-10-16T10:39:11.685Z'),
 (1837,14,4,'Message','k','2016-10-17T10:38:16.476Z','2016-10-17T10:38:16.476Z'),
 (1838,4,14,'Message',';;','2016-10-16T10:39:11.997Z','2016-10-16T10:39:11.997Z'),
 (1839,14,4,'Message','kk','2016-10-17T10:38:16.804Z','2016-10-17T10:38:16.804Z'),
 (1840,4,14,'Message',';','2016-10-16T10:39:12.205Z','2016-10-16T10:39:12.205Z'),
 (1841,4,14,'Message',';','2016-10-16T10:39:12.397Z','2016-10-16T10:39:12.397Z'),
 (1842,4,14,'Message',';;','2016-10-16T10:39:12.612Z','2016-10-16T10:39:12.612Z'),
 (1843,14,4,'Message','kk','2016-10-17T10:38:17.301Z','2016-10-17T10:38:17.301Z'),
 (1844,4,14,'Message',';','2016-10-16T10:39:12.965Z','2016-10-16T10:39:12.965Z'),
 (1845,4,14,'Message',';','2016-10-16T10:39:13.075Z','2016-10-16T10:39:13.075Z'),
 (1846,4,14,'Message',';','2016-10-16T10:39:13.261Z','2016-10-16T10:39:13.261Z'),
 (1847,14,4,'Message','kkk','2016-10-17T10:38:18.008Z','2016-10-17T10:38:18.008Z'),
 (1848,14,4,'Message','k','2016-10-17T10:38:18.191Z','2016-10-17T10:38:18.191Z'),
 (1849,4,14,'Message',';','2016-10-16T10:39:13.533Z','2016-10-16T10:39:13.533Z'),
 (1850,14,4,'Message','k','2016-10-17T10:38:18.414Z','2016-10-17T10:38:18.414Z'),
 (1851,14,4,'Message','kk','2016-10-17T10:38:18.672Z','2016-10-17T10:38:18.672Z'),
 (1852,4,14,'Message',';;\';','2016-10-16T10:39:14.135Z','2016-10-16T10:39:14.135Z'),
 (1853,14,4,'Message','k','2016-10-17T10:38:18.889Z','2016-10-17T10:38:18.889Z'),
 (1854,4,14,'Message',';','2016-10-16T10:39:14.361Z','2016-10-16T10:39:14.361Z'),
 (1855,14,4,'Message','k','2016-10-17T10:38:19.080Z','2016-10-17T10:38:19.080Z'),
 (1856,4,14,'Message',';','2016-10-16T10:39:14.525Z','2016-10-16T10:39:14.525Z'),
 (1857,4,14,'Message',';','2016-10-16T10:39:14.692Z','2016-10-16T10:39:14.692Z'),
 (1858,4,14,'Message',';;','2016-10-16T10:39:15.052Z','2016-10-16T10:39:15.052Z'),
 (1859,14,4,'Message','kkk','2016-10-17T10:38:19.825Z','2016-10-17T10:38:19.825Z'),
 (1860,4,14,'Message',';','2016-10-16T10:39:15.301Z','2016-10-16T10:39:15.301Z'),
 (1861,4,14,'Message',';','2016-10-16T10:39:15.492Z','2016-10-16T10:39:15.492Z'),
 (1862,4,14,'Message',';','2016-10-16T10:39:15.700Z','2016-10-16T10:39:15.700Z'),
 (1863,14,4,'Message','kkk','2016-10-17T10:38:20.390Z','2016-10-17T10:38:20.390Z'),
 (1864,4,14,'Message',';','2016-10-16T10:39:15.918Z','2016-10-16T10:39:15.918Z'),
 (1865,4,14,'Message',';','2016-10-16T10:39:16.100Z','2016-10-16T10:39:16.100Z'),
 (1866,4,14,'Message',';;','2016-10-16T10:39:16.388Z','2016-10-16T10:39:16.388Z'),
 (1867,14,4,'Message','k','2016-10-17T10:38:21.126Z','2016-10-17T10:38:21.126Z'),
 (1868,4,14,'Message',';','2016-10-16T10:39:16.773Z','2016-10-16T10:39:16.773Z'),
 (1869,14,4,'Message','kk','2016-10-17T10:38:21.596Z','2016-10-17T10:38:21.596Z'),
 (1870,4,14,'Message',';','2016-10-16T10:39:17.013Z','2016-10-16T10:39:17.013Z'),
 (1871,4,14,'Message',';','2016-10-16T10:39:17.236Z','2016-10-16T10:39:17.236Z'),
 (1872,4,14,'Message',';','2016-10-16T10:39:17.461Z','2016-10-16T10:39:17.461Z'),
 (1873,14,4,'Message','kkk','2016-10-17T10:38:22.232Z','2016-10-17T10:38:22.232Z'),
 (1874,4,14,'Message',';','2016-10-16T10:39:17.649Z','2016-10-16T10:39:17.649Z'),
 (1875,4,14,'Message',';','2016-10-16T10:39:17.892Z','2016-10-16T10:39:17.892Z'),
 (1876,4,14,'Message',';','2016-10-16T10:39:18.123Z','2016-10-16T10:39:18.123Z'),
 (1877,4,14,'Message',';;','2016-10-16T10:39:18.388Z','2016-10-16T10:39:18.388Z'),
 (1878,14,4,'Message','kkkk','2016-10-17T10:38:23.069Z','2016-10-17T10:38:23.069Z'),
 (1879,14,4,'Message','k','2016-10-17T10:38:23.435Z','2016-10-17T10:38:23.435Z'),
 (1880,4,14,'Message',';','2016-10-16T10:39:18.819Z','2016-10-16T10:39:18.819Z'),
 (1881,4,14,'Message',';','2016-10-16T10:39:19.068Z','2016-10-16T10:39:19.068Z'),
 (1882,14,4,'Message','k','2016-10-17T10:38:23.784Z','2016-10-17T10:38:23.784Z'),
 (1883,4,14,'Message',';','2016-10-16T10:39:19.309Z','2016-10-16T10:39:19.309Z'),
 (1884,14,4,'Message','k','2016-10-17T10:38:24.171Z','2016-10-17T10:38:24.171Z'),
 (1885,4,14,'Message',';','2016-10-16T10:39:19.552Z','2016-10-16T10:39:19.552Z'),
 (1886,14,4,'Message','k','2016-10-17T10:38:24.463Z','2016-10-17T10:38:24.463Z'),
 (1887,4,14,'Message',';','2016-10-16T10:39:19.851Z','2016-10-16T10:39:19.851Z'),
 (1888,14,4,'Message','k','2016-10-17T10:38:24.802Z','2016-10-17T10:38:24.802Z'),
 (1889,14,4,'Message','kkk','2016-10-17T10:38:25.607Z','2016-10-17T10:38:25.607Z'),
 (1890,14,4,'Message','k','2016-10-17T10:38:26.350Z','2016-10-17T10:38:26.350Z'),
 (1891,14,4,'Message','k','2016-10-17T10:38:26.685Z','2016-10-17T10:38:26.685Z'),
 (1892,14,4,'Message','kk','2016-10-17T10:38:27.018Z','2016-10-17T10:38:27.018Z'),
 (1893,4,14,'Message',';;;;;','2016-10-16T10:39:22.541Z','2016-10-16T10:39:22.541Z'),
 (1894,14,4,'Message','k','2016-10-17T10:38:27.397Z','2016-10-17T10:38:27.397Z'),
 (1895,14,4,'Message','kk','2016-10-17T10:38:28.291Z','2016-10-17T10:38:28.291Z'),
 (1896,14,4,'Message','k','2016-10-17T10:38:28.931Z','2016-10-17T10:38:28.931Z'),
 (1897,14,4,'Message','hi','2016-10-24T14:00:39.067Z','2016-10-24T14:00:39.067Z'),
 (1898,4,14,'Message','ji','2016-10-24T15:16:31.277Z','2016-10-24T15:16:31.277Z'),
 (1899,4,14,'Message','ji','2016-10-24T15:16:31.990Z','2016-10-24T15:16:31.990Z'),
 (1900,4,14,'Message','ji','2016-10-24T15:16:32.652Z','2016-10-24T15:16:32.652Z'),
 (1901,14,3,'Message','hi','2016-10-29T12:09:24.466Z','2016-10-29T12:09:24.466Z'),
 (1902,106,3,'Message','hellohi','2016-10-29T13:25:15.507Z','2016-10-29T13:25:15.507Z'),
 (1903,106,3,'Message','fuck','2016-10-29T13:25:38.043Z','2016-10-29T13:25:38.043Z'),
 (1904,14,4,'Message','hi','2016-11-11T12:52:13.457Z','2016-11-11T12:52:13.457Z'),
 (1905,14,1,'Message','hi','2016-11-11T13:54:42.557Z','2016-11-11T13:54:42.557Z'),
 (1906,14,3,'Message','ijij','2016-11-11T13:54:49.932Z','2016-11-11T13:54:49.932Z'),
 (1907,14,1,'Message','hi','2016-11-20T11:34:11.045Z','2016-11-20T11:34:11.045Z'),
 (1908,1,107,'Message','hi','2016-11-21T14:45:12.187Z','2016-11-21T14:45:12.187Z'),
 (1909,14,107,'Message','hi','2016-11-25T16:04:37.955Z','2016-11-25T16:04:37.955Z'),
 (1910,14,107,'Message','ok','2016-11-25T16:04:41.040Z','2016-11-25T16:04:41.040Z'),
 (1911,14,107,'Message','me','2016-11-25T16:04:42.537Z','2016-11-25T16:04:42.537Z'),
 (1912,14,107,'Message','asd','2016-11-25T16:04:44.081Z','2016-11-25T16:04:44.081Z'),
 (1913,14,105,'Message','hi','2016-11-28T07:53:01.055Z','2016-11-28T07:53:01.055Z'),
 (1914,14,105,'Message','ok','2016-11-28T07:53:03.533Z','2016-11-28T07:53:03.533Z'),
 (1915,14,105,'Message','my name is akshay','2016-11-28T07:53:09.107Z','2016-11-28T07:53:09.107Z'),
 (1916,14,105,'Message','h','2016-11-28T07:56:16.480Z','2016-11-28T07:56:16.480Z'),
 (1917,8,3,'Message','u have 4 min 20 sec','2016-11-28T10:48:30.800Z','2016-11-28T10:48:30.800Z'),
 (1918,8,3,'Message','hi','2016-11-28T11:04:29.753Z','2016-11-28T11:04:29.753Z'),
 (1919,8,3,'Message','Hi','2016-11-28T13:00:56.782Z','2016-11-28T13:00:56.782Z'),
 (1920,8,14,'Message','Hi','2016-11-28T13:01:11.995Z','2016-11-28T13:01:11.995Z'),
 (1921,107,3,'Message','hi','2016-12-01T07:50:27.921Z','2016-12-01T07:50:27.921Z'),
 (1922,14,3,'Message','hi','2016-12-10T08:18:59.157Z','2016-12-10T08:18:59.157Z'),
 (1923,14,107,'Message','hi','2016-12-10T08:19:07.123Z','2016-12-10T08:19:07.123Z'),
 (1924,14,3,'Message','hi','2016-12-10T13:35:35.830Z','2016-12-10T13:35:35.830Z'),
 (1925,14,3,'Message','hi','2016-12-10T13:35:45.374Z','2016-12-10T13:35:45.374Z'),
 (1926,14,1,'Message','hi','2016-12-10T14:09:44.763Z','2016-12-10T14:09:44.763Z'),
 (1927,14,1,'Message','hi','2016-12-10T14:10:17.877Z','2016-12-10T14:10:17.877Z'),
 (1928,3,14,'Message','hi','2016-12-23T12:57:10.191Z','2016-12-23T12:57:10.191Z'),
 (1929,3,14,'Message','or ky chl raha hai','2016-12-23T12:57:22.544Z','2016-12-23T12:57:22.544Z'),
 (1930,14,3,'Message','nhi kch ni','2016-12-23T12:57:28.041Z','2016-12-23T12:57:28.041Z'),
 (1931,3,14,'Message','bus yese hi chl raha hi','2016-12-23T12:57:39.959Z','2016-12-23T12:57:39.959Z'),
 (1932,3,14,'Message','ok','2016-12-23T12:57:42.206Z','2016-12-23T12:57:42.206Z'),
 (1933,14,3,'Message','or sunao','2016-12-23T12:57:48.274Z','2016-12-23T12:57:48.274Z'),
 (1934,14,3,'Message','tumara ky chlr ahai','2016-12-23T12:57:53.759Z','2016-12-23T12:57:53.759Z'),
 (1935,14,3,'Message','hum bus yese hihasi','2016-12-23T12:58:03.989Z','2016-12-23T12:58:03.989Z'),
 (1936,3,14,'Message','sdasdasdasd','2016-12-23T12:58:10.046Z','2016-12-23T12:58:10.046Z'),
 (1937,3,14,'Message','asd','2016-12-23T12:58:10.258Z','2016-12-23T12:58:10.258Z'),
 (1938,3,14,'Message','as','2016-12-23T12:58:10.526Z','2016-12-23T12:58:10.526Z'),
 (1939,3,14,'Message','da','2016-12-23T12:58:10.767Z','2016-12-23T12:58:10.767Z'),
 (1940,3,14,'Message','sd','2016-12-23T12:58:11.012Z','2016-12-23T12:58:11.012Z'),
 (1941,3,14,'Message','asd','2016-12-23T12:58:11.232Z','2016-12-23T12:58:11.232Z'),
 (1942,3,14,'Message','as','2016-12-23T12:58:11.444Z','2016-12-23T12:58:11.444Z'),
 (1943,3,14,'Message','d','2016-12-23T12:58:11.663Z','2016-12-23T12:58:11.663Z'),
 (1944,3,14,'Message','asd','2016-12-23T12:58:11.912Z','2016-12-23T12:58:11.912Z'),
 (1945,3,14,'Message','as','2016-12-23T12:58:12.159Z','2016-12-23T12:58:12.159Z'),
 (1946,3,14,'Message','dsdas','2016-12-23T12:58:12.819Z','2016-12-23T12:58:12.819Z'),
 (1947,3,14,'Message','da','2016-12-23T12:58:13.036Z','2016-12-23T12:58:13.036Z'),
 (1948,3,14,'Message','sd','2016-12-23T12:58:13.245Z','2016-12-23T12:58:13.245Z'),
 (1949,3,14,'Message','as','2016-12-23T12:58:13.488Z','2016-12-23T12:58:13.488Z'),
 (1950,3,14,'Message','da','2016-12-23T12:58:13.749Z','2016-12-23T12:58:13.749Z'),
 (1951,3,14,'Message','d','2016-12-23T12:58:13.990Z','2016-12-23T12:58:13.990Z'),
 (1952,3,14,'Message','asd','2016-12-23T12:58:14.206Z','2016-12-23T12:58:14.206Z'),
 (1953,3,14,'Message','as','2016-12-23T12:58:14.465Z','2016-12-23T12:58:14.465Z'),
 (1954,3,14,'Message','dsa','2016-12-23T12:58:14.713Z','2016-12-23T12:58:14.713Z'),
 (1955,3,14,'Message','d','2016-12-23T12:58:14.964Z','2016-12-23T12:58:14.964Z'),
 (1956,3,14,'Message','s','2016-12-23T12:58:15.197Z','2016-12-23T12:58:15.197Z'),
 (1957,3,14,'Message','dsd','2016-12-23T12:58:15.698Z','2016-12-23T12:58:15.698Z'),
 (1958,3,14,'Message','s','2016-12-23T12:58:15.899Z','2016-12-23T12:58:15.899Z'),
 (1959,3,14,'Message','ds','2016-12-23T12:58:16.168Z','2016-12-23T12:58:16.168Z'),
 (1960,3,14,'Message','d','2016-12-23T12:58:16.405Z','2016-12-23T12:58:16.405Z'),
 (1961,3,14,'Message','s','2016-12-23T12:58:16.635Z','2016-12-23T12:58:16.635Z'),
 (1962,3,14,'Message','d','2016-12-23T12:58:16.871Z','2016-12-23T12:58:16.871Z'),
 (1963,14,3,'Message','asd','2016-12-23T12:58:18.843Z','2016-12-23T12:58:18.843Z'),
 (1964,14,3,'Message','as','2016-12-23T12:58:19.080Z','2016-12-23T12:58:19.080Z'),
 (1965,14,3,'Message','d','2016-12-23T12:58:19.308Z','2016-12-23T12:58:19.308Z'),
 (1966,14,3,'Message','ad','2016-12-23T12:58:19.561Z','2016-12-23T12:58:19.561Z'),
 (1967,14,3,'Message','as','2016-12-23T12:58:19.808Z','2016-12-23T12:58:19.808Z'),
 (1968,14,3,'Message','da','2016-12-23T12:58:20.063Z','2016-12-23T12:58:20.063Z'),
 (1969,14,3,'Message','sd','2016-12-23T12:58:20.289Z','2016-12-23T12:58:20.289Z'),
 (1970,14,3,'Message','as','2016-12-23T12:58:20.530Z','2016-12-23T12:58:20.530Z'),
 (1971,14,3,'Message','da','2016-12-23T12:58:20.784Z','2016-12-23T12:58:20.784Z'),
 (1972,14,3,'Message','sd','2016-12-23T12:58:21.004Z','2016-12-23T12:58:21.004Z'),
 (1973,14,3,'Message','as','2016-12-23T12:58:21.241Z','2016-12-23T12:58:21.241Z'),
 (1974,14,3,'Message','da','2016-12-23T12:58:21.480Z','2016-12-23T12:58:21.480Z'),
 (1975,14,3,'Message','sds','2016-12-23T12:58:21.930Z','2016-12-23T12:58:21.930Z'),
 (1976,14,3,'Message','dsa','2016-12-23T12:58:22.200Z','2016-12-23T12:58:22.200Z'),
 (1977,14,3,'Message','d','2016-12-23T12:58:22.438Z','2016-12-23T12:58:22.438Z'),
 (1978,14,3,'Message','a','2016-12-23T12:58:22.647Z','2016-12-23T12:58:22.647Z'),
 (1979,14,3,'Message','sd','2016-12-23T12:58:22.884Z','2016-12-23T12:58:22.884Z'),
 (1980,14,3,'Message','a','2016-12-23T12:58:23.169Z','2016-12-23T12:58:23.169Z'),
 (1981,14,3,'Message','s','2016-12-23T12:58:23.480Z','2016-12-23T12:58:23.480Z'),
 (1982,14,3,'Message','dfdf','2016-12-23T12:58:24.035Z','2016-12-23T12:58:24.035Z'),
 (1983,14,3,'Message','df','2016-12-23T12:58:24.240Z','2016-12-23T12:58:24.240Z'),
 (1984,14,3,'Message','f','2016-12-23T12:58:24.471Z','2016-12-23T12:58:24.471Z'),
 (1985,14,3,'Message','sd','2016-12-23T12:58:24.666Z','2016-12-23T12:58:24.666Z'),
 (1986,14,3,'Message','f','2016-12-23T12:58:24.884Z','2016-12-23T12:58:24.884Z'),
 (1987,14,3,'Message','sf','2016-12-23T12:58:25.132Z','2016-12-23T12:58:25.132Z'),
 (1988,14,3,'Message','sd','2016-12-23T12:58:25.346Z','2016-12-23T12:58:25.346Z'),
 (1989,14,114,'Message','hi','2017-01-16T15:49:58.824Z','2017-01-16T15:49:58.824Z'),
 (1990,14,114,'Message','hi','2017-01-16T15:49:59.889Z','2017-01-16T15:49:59.889Z'),
 (1991,14,114,'Message','hi','2017-01-16T15:50:00.478Z','2017-01-16T15:50:00.478Z'),
 (1992,14,114,'Message','hi','2017-01-16T15:50:01.030Z','2017-01-16T15:50:01.030Z'),
 (1993,3,14,'Message','hi','2017-01-27T12:44:03.177Z','2017-01-27T12:44:03.177Z'),
 (1994,116,14,'Message','hi','2017-01-31T20:39:01.006Z','2017-01-31T20:39:01.006Z'),
 (1995,8,117,'Message','hi','2017-02-08T13:42:16.180Z','2017-02-08T13:42:16.180Z'),
 (1996,8,117,'Message','ok','2017-02-08T13:44:16.288Z','2017-02-08T13:44:16.288Z'),
 (1997,8,117,'Message','nhi','2017-02-08T13:44:18.390Z','2017-02-08T13:44:18.390Z'),
 (1998,8,117,'Message','pl','2017-02-08T13:44:27.853Z','2017-02-08T13:44:27.853Z'),
 (1999,8,117,'Message','lpp','2017-02-08T13:44:29.369Z','2017-02-08T13:44:29.369Z'),
 (2000,8,117,'Message','lljj','2017-02-08T13:44:31.681Z','2017-02-08T13:44:31.681Z'),
 (2001,8,117,'Message','jj','2017-02-08T13:44:32.722Z','2017-02-08T13:44:32.722Z'),
 (2002,8,117,'Message','jj','2017-02-08T13:44:33.532Z','2017-02-08T13:44:33.532Z'),
 (2003,8,117,'Message','j','2017-02-08T13:44:34.077Z','2017-02-08T13:44:34.077Z'),
 (2004,8,117,'Message','j','2017-02-08T13:44:34.551Z','2017-02-08T13:44:34.551Z'),
 (2005,8,117,'Message','j','2017-02-08T13:44:35.040Z','2017-02-08T13:44:35.040Z'),
 (2006,8,117,'Message','jm','2017-02-08T13:44:36.298Z','2017-02-08T13:44:36.298Z'),
 (2007,8,117,'Message','noi','2017-02-08T13:44:38.059Z','2017-02-08T13:44:38.059Z'),
 (2008,8,117,'Message','n','2017-02-08T13:44:38.804Z','2017-02-08T13:44:38.804Z'),
 (2009,8,117,'Message','buddy ky chl raha hai','2017-02-08T13:44:47.821Z','2017-02-08T13:44:47.821Z'),
 (2010,8,117,'Message','or kaha hon ja kal','2017-02-08T13:44:54.372Z','2017-02-08T13:44:54.372Z'),
 (2011,8,117,'Message','budyy','2017-02-08T13:45:01.804Z','2017-02-08T13:45:01.804Z'),
 (2012,8,117,'Message','oko','2017-02-08T13:45:35.736Z','2017-02-08T13:45:35.736Z'),
 (2013,8,117,'Message','bhi','2017-02-08T13:45:38.562Z','2017-02-08T13:45:38.562Z'),
 (2014,8,117,'Message','kvl','2017-02-08T13:45:41.052Z','2017-02-08T13:45:41.052Z'),
 (2015,8,117,'Message','hj','2017-02-08T13:45:42.881Z','2017-02-08T13:45:42.881Z'),
 (2016,8,117,'Message','hh','2017-02-08T13:45:43.973Z','2017-02-08T13:45:43.973Z'),
 (2017,8,117,'Message','h','2017-02-08T13:45:44.438Z','2017-02-08T13:45:44.438Z'),
 (2018,8,117,'Message','h','2017-02-08T13:45:44.926Z','2017-02-08T13:45:44.926Z'),
 (2019,8,117,'Message','h','2017-02-08T13:45:45.450Z','2017-02-08T13:45:45.450Z'),
 (2020,8,117,'Message','h','2017-02-08T13:45:45.932Z','2017-02-08T13:45:45.932Z'),
 (2021,8,117,'Message','hhjhgh','2017-02-08T13:45:47.890Z','2017-02-08T13:45:47.890Z'),
 (2022,8,117,'Message','gjjh','2017-02-08T13:45:50.540Z','2017-02-08T13:45:50.540Z'),
 (2023,8,117,'Message','hjh','2017-02-08T13:45:52.473Z','2017-02-08T13:45:52.473Z'),
 (2024,8,117,'Message','jhjhjjhj','2017-02-08T13:45:54.971Z','2017-02-08T13:45:54.971Z'),
 (2025,8,117,'Message','plp','2017-02-08T13:46:20.610Z','2017-02-08T13:46:20.610Z'),
 (2026,8,117,'Message','lpl','2017-02-08T13:46:22.052Z','2017-02-08T13:46:22.052Z'),
 (2027,8,117,'Message','kpkk','2017-02-08T13:46:25.158Z','2017-02-08T13:46:25.158Z'),
 (2028,8,117,'Message','kp','2017-02-08T13:46:25.865Z','2017-02-08T13:46:25.865Z'),
 (2029,8,117,'Message','k','2017-02-08T13:46:26.389Z','2017-02-08T13:46:26.389Z'),
 (2030,8,117,'Message','k','2017-02-08T13:46:26.856Z','2017-02-08T13:46:26.856Z'),
 (2031,8,117,'Message','k','2017-02-08T13:46:27.327Z','2017-02-08T13:46:27.327Z'),
 (2032,8,117,'Message','k','2017-02-08T13:46:27.852Z','2017-02-08T13:46:27.852Z'),
 (2033,8,117,'Message','okokoo','2017-02-08T13:49:24.982Z','2017-02-08T13:49:24.982Z'),
 (2034,8,117,'Message','mmkkm','2017-02-08T13:49:29.535Z','2017-02-08T13:49:29.535Z'),
 (2035,8,117,'Message','MENU html svg How to remove .php, .html, .htm extensions with .htaccess I recently wanted to remove the extensions from my website, in order to make the URLs more user and search engine friendly. I stumbled across tutorials on how to remove the .php extension from a PHP page. What about the .html? I wanted to remove those as well! In this tutorial Iâ€™ll show you how to do that easily, by editing the .htaccess file. What is an .htaccess file An .htaccess file is a simple ASCII file that you create with a text editor like Notepad or TextMate. It provides a way to make configuration changes on a per-directory basis. Please note that .htaccess is the fileâ€™s extension. It isnâ€™t file.htaccess, it is simply .htaccess. .htaccess files affect the directory in which they are placed and all sub-directories. For example if there is one .htaccess file located in your root directory of yoursite.com, it would affect yoursite.com/content/, yoursite.com/content/images/, etc. It is important to remember that this can be prevented â€” for example if you donâ€™t want certain .htaccess commands to affect a specific directory â€” by placing a new .htaccess file within the directory you donâ€™t want affected with the changes, and removing the specific command(s) from the new .htaccess file that you do not want affecting this directory. Features With an .htaccess file you can: Redirect the user to different page Password protect a specific directory Block users by IP Preventing hot linking of your images Rewrite URIs Specify your own Error Documents In this tutorial weâ€™ll be focusing only on rewriting URIs. Removing Extensions To remove the .php extension from a PHP file for example yoursite.com/wallpaper.php to yoursite.com/wallpaper you have to add the following code inside the .htaccess file: RewriteEngine On RewriteCond %{REQUEST_FILENAME} !-f RewriteRule ^([^\\.]+)$ $1.php [NC,L] If you want to remove the .html extension from a html file for example yoursite.com/wallpaper.html to yoursite.com/wallpaper you simply have to alter the last line from the code above to match the filename: RewriteRule ^([^\\.]+)$ $1.html [NC,L] Thatâ€™s it! You can now link pages inside the HTML document without needing to add the extension of the page. For example: <a href=\"http://whatever.com/wallpaper\" title=\"wallpaper\">wallpaper</a> Adding a trailing slash at the end I received many requests asking how to add a trailing slash at the end. Ignore the first snippet and insert the following code. The first four lines deal with the removal of the extension and the following, with the addition of the trailing slash and redirecting. Link to the HTML or PHP file as shown above. Donâ€™t forget to change the code if you want it applied to an HTML file. RewriteEngine On RewriteCond %{REQUEST_FILENAME} !-f RewriteRule ^([^/]+)/$ $1.php RewriteRule ^([^/]+)/([^/]+)/$ /$1/$2.php RewriteCond %{REQUEST_FILENAME} !-f RewriteCond %{REQUEST_FILENAME} !-d RewriteCond %{REQUEST_URI} !(\\.[a-zA-Z0-9]{1,5}|/)$ RewriteRule (.*)$ /$1/ [R=301,L] Some people asked how you can remove the extension from both HTML and PHP files. I havenâ€™t got a coding solution for that. But, you could just change the extension of your HTML file from .html or .htm to .php and add the code for removing the .php extension. Conclusion For those who are not so experienced with .htaccess files there is an online tool for creating .htaccess files. It is pretty good for novice users and very easy to use. Visit their website. Updates Attention GoDaddy users: In order to remove the extensions you need to enable MultiViews before. The code should look like this: Options +MultiViews RewriteEngine On RewriteCond %{REQUEST_FILENAME} !-d RewriteCond %{REQUEST_FILENAME} !-f RewriteRule ^([^\\.]+)$ $1.php [NC,L] If youâ€™re worried that search engines might index these pages as duplicate content, add a canonical meta tag in your HTML head: <link rel=\"canonical\" href=\"https://alexcican.com/post/single-post\">','2017-02-08T13:49:50.365Z','2017-02-08T13:49:50.365Z'),
 (2036,8,117,'Message','MENU html svg How to remove .php, .html, .htm extensions with .htaccess I recently wanted to remove the extensions from my website, in order to make the URLs more user and search engine friendly. I stumbled across tutorials on how to remove the .php extension from a PHP page. What about the .html? I wanted to remove those as well! In this tutorial Iâ€™ll show you how to do that easily, by editing the .htaccess file. What is an .htaccess file An .htaccess file is a simple ASCII file that you create with a text editor like Notepad or TextMate. It provides a way to make configuration changes on a per-directory basis. Please note that .htaccess is the fileâ€™s extension. It isnâ€™t file.htaccess, it is simply .htaccess. .htaccess files affect the directory in which they are placed and all sub-directories. For example if there is one .htaccess file located in your root directory of yoursite.com, it would affect yoursite.com/content/, yoursite.com/content/images/, etc. It is important to remember that this can be prevented â€” for example if you donâ€™t want certain .htaccess commands to affect a specific directory â€” by placing a new .htaccess file within the directory you donâ€™t want affected with the changes, and removing the specific command(s) from the new .htaccess file that you do not want affecting this directory. Features With an .htaccess file you can: Redirect the user to different page Password protect a specific directory Block users by IP Preventing hot linking of your images Rewrite URIs Specify your own Error Documents In this tutorial weâ€™ll be focusing only on rewriting URIs. Removing Extensions To remove the .php extension from a PHP file for example yoursite.com/wallpaper.php to yoursite.com/wallpaper you have to add the following code inside the .htaccess file: RewriteEngine On RewriteCond %{REQUEST_FILENAME} !-f RewriteRule ^([^\\.]+)$ $1.php [NC,L] If you want to remove the .html extension from a html file for example yoursite.com/wallpaper.html to yoursite.com/wallpaper you simply have to alter the last line from the code above to match the filename: RewriteRule ^([^\\.]+)$ $1.html [NC,L] Thatâ€™s it! You can now link pages inside the HTML document without needing to add the extension of the page. For example: <a href=\"http://whatever.com/wallpaper\" title=\"wallpaper\">wallpaper</a> Adding a trailing slash at the end I received many requests asking how to add a trailing slash at the end. Ignore the first snippet and insert the following code. The first four lines deal with the removal of the extension and the following, with the addition of the trailing slash and redirecting. Link to the HTML or PHP file as shown above. Donâ€™t forget to change the code if you want it applied to an HTML file. RewriteEngine On RewriteCond %{REQUEST_FILENAME} !-f RewriteRule ^([^/]+)/$ $1.php RewriteRule ^([^/]+)/([^/]+)/$ /$1/$2.php RewriteCond %{REQUEST_FILENAME} !-f RewriteCond %{REQUEST_FILENAME} !-d RewriteCond %{REQUEST_URI} !(\\.[a-zA-Z0-9]{1,5}|/)$ RewriteRule (.*)$ /$1/ [R=301,L] Some people asked how you can remove the extension from both HTML and PHP files. I havenâ€™t got a coding solution for that. But, you could just change the extension of your HTML file from .html or .htm to .php and add the code for removing the .php extension. Conclusion For those who are not so experienced with .htaccess files there is an online tool for creating .htaccess files. It is pretty good for novice users and very easy to use. Visit their website. Updates Attention GoDaddy users: In order to remove the extensions you need to enable MultiViews before. The code should look like this: Options +MultiViews RewriteEngine On RewriteCond %{REQUEST_FILENAME} !-d RewriteCond %{REQUEST_FILENAME} !-f RewriteRule ^([^\\.]+)$ $1.php [NC,L] If youâ€™re worried that search engines might index these pages as duplicate content, add a canonical meta tag in your HTML head: <link rel=\"canonical\" href=\"https://alexcican.com/post/single-post\">','2017-02-08T13:50:11.714Z','2017-02-08T13:50:11.714Z'),
 (2037,8,117,'Message','okj','2017-02-08T13:50:14.798Z','2017-02-08T13:50:14.798Z'),
 (2038,8,117,'Message','j','2017-02-08T13:50:15.317Z','2017-02-08T13:50:15.317Z'),
 (2039,8,117,'Message','j','2017-02-08T13:50:15.732Z','2017-02-08T13:50:15.732Z'),
 (2040,8,117,'Message','j','2017-02-08T13:50:16.141Z','2017-02-08T13:50:16.141Z'),
 (2041,8,117,'Message','j','2017-02-08T13:50:16.575Z','2017-02-08T13:50:16.575Z'),
 (2042,8,117,'Message','j','2017-02-08T13:50:16.996Z','2017-02-08T13:50:16.996Z'),
 (2043,8,117,'Message','j','2017-02-08T13:50:17.467Z','2017-02-08T13:50:17.467Z'),
 (2044,8,117,'Message','j','2017-02-08T13:50:17.899Z','2017-02-08T13:50:17.899Z'),
 (2045,8,117,'Message','j','2017-02-08T13:50:18.359Z','2017-02-08T13:50:18.359Z'),
 (2046,8,117,'Message','olo','2017-02-08T13:50:21.358Z','2017-02-08T13:50:21.358Z'),
 (2047,8,117,'Message','jj','2017-02-08T13:50:25.983Z','2017-02-08T13:50:25.983Z'),
 (2048,8,117,'Message','ok','2017-02-08T13:50:37.070Z','2017-02-08T13:50:37.070Z'),
 (2049,8,117,'Message','ol','2017-02-08T13:50:53.101Z','2017-02-08T13:50:53.101Z'),
 (2050,8,1,'Message','hi','2017-02-10T11:55:43.109Z','2017-02-10T11:55:43.109Z'),
 (2051,8,3,'Message','hi','2017-02-20T12:12:28.000Z','2017-02-20T12:12:28.000Z'),
 (2052,8,3,'Message','hi','2017-02-20T12:12:28.000Z','2017-02-20T12:12:28.000Z'),
 (2053,8,3,'Message','hi','2017-02-20T12:12:28.000Z','2017-02-20T12:12:28.000Z'),
 (2054,8,3,'Message','hi','2017-02-20T12:12:28.000Z','2017-02-20T12:12:28.000Z'),
 (2055,8,3,'Message','hi','2017-02-20T12:16:43.400Z','2017-02-20T12:16:43.400Z'),
 (2056,8,3,'Message','hi','2017-02-20T12:16:43.400Z','2017-02-20T12:16:43.400Z'),
 (2057,8,3,'Message','hi','2017-02-20T12:16:43.400Z','2017-02-20T12:16:43.400Z'),
 (2058,8,3,'Message','hi','2017-02-20T12:16:43.400Z','2017-02-20T12:16:43.400Z'),
 (2059,8,118,'Message','hi','2017-03-02T16:18:55.686Z','2017-03-02T16:18:55.686Z'),
 (2060,14,118,'Message','jjji','2017-03-02T16:25:47.607Z','2017-03-02T16:25:47.607Z'),
 (2061,14,119,'Message','hi','2017-03-02T16:29:47.489Z','2017-03-02T16:29:47.489Z'),
 (2062,14,119,'Message','ab esme Start Practice Test me click kro','2017-03-02T16:30:08.517Z','2017-03-02T16:30:08.517Z'),
 (2063,14,119,'Message','Practice Test click','2017-03-02T16:30:58.917Z','2017-03-02T16:30:58.917Z'),
 (2064,8,118,'Message','Hi','2017-03-02T16:33:41.029Z','2017-03-02T16:33:41.029Z'),
 (2065,8,14,'Message','Hi','2017-03-02T16:33:59.170Z','2017-03-02T16:33:59.170Z'),
 (2066,1,14,'Message','Hi','2017-03-05T19:39:55.070Z','2017-03-05T19:39:55.070Z'),
 (2067,8,1,'Message','sfds','2017-03-07T03:34:38.582Z','2017-03-07T03:34:38.582Z'),
 (2068,8,2,'Message','Hi','2017-03-11T11:18:48.972Z','2017-03-11T11:18:48.972Z'),
 (2069,2,8,'Message','hi','2017-03-11T11:21:23.800Z','2017-03-11T11:21:23.800Z'),
 (2070,2,8,'Message','hi','2017-03-11T11:21:31.898Z','2017-03-11T11:21:31.898Z'),
 (2071,2,8,'Message','hello','2017-03-11T11:21:48.870Z','2017-03-11T11:21:48.870Z'),
 (2072,123,121,'Message','Hi','2017-03-11T11:25:09.899Z','2017-03-11T11:25:09.899Z'),
 (2073,123,121,'Message','Om','2017-03-11T11:25:28.608Z','2017-03-11T11:25:28.608Z'),
 (2074,2,123,'Message','ggb','2017-03-11T11:25:48.664Z','2017-03-11T11:25:48.664Z'),
 (2075,2,123,'Message','hello','2017-03-11T11:26:05.600Z','2017-03-11T11:26:05.600Z'),
 (2076,123,2,'Message','Ok','2017-03-11T11:26:23.645Z','2017-03-11T11:26:23.645Z'),
 (2077,2,123,'Message','hei','2017-03-11T11:26:32.319Z','2017-03-11T11:26:32.319Z'),
 (2078,123,2,'Message','Ojh','2017-03-11T11:26:38.484Z','2017-03-11T11:26:38.484Z'),
 (2079,123,2,'Message','Fgh','2017-03-11T11:26:42.796Z','2017-03-11T11:26:42.796Z'),
 (2080,123,2,'Message','Dgj','2017-03-11T11:26:44.240Z','2017-03-11T11:26:44.240Z'),
 (2081,123,2,'Message','Hfhff','2017-03-11T11:26:46.012Z','2017-03-11T11:26:46.012Z'),
 (2082,123,2,'Message','F','2017-03-11T11:26:46.495Z','2017-03-11T11:26:46.495Z'),
 (2083,123,2,'Message','Gh','2017-03-11T11:26:47.195Z','2017-03-11T11:26:47.195Z'),
 (2084,2,123,'Message','hf','2017-03-11T11:26:49.083Z','2017-03-11T11:26:49.084Z'),
 (2085,2,123,'Message','HFdjd','2017-03-11T11:26:51.785Z','2017-03-11T11:26:51.785Z'),
 (2086,123,2,'Message','Ok','2017-03-11T11:27:02.451Z','2017-03-11T11:27:02.451Z'),
 (2087,1,123,'Message','hi','2017-03-14T12:38:12.423Z','2017-03-14T12:38:12.423Z'),
 (2088,58,46,'Message','hi','2018-03-17T11:23:00.139Z','2018-03-17T11:23:00.139Z'),
 (2089,58,46,'Message','hi','2018-03-17T11:23:33.899Z','2018-03-17T11:23:33.899Z'),
 (2090,46,58,'Message','hi','2018-03-17T11:23:45.831Z','2018-03-17T11:23:45.831Z'),
 (2091,58,46,'Message','hi','2018-03-17T11:24:11.673Z','2018-03-17T11:24:11.673Z'),
 (2092,46,58,'Message','hi','2018-03-17T11:24:22.247Z','2018-03-17T11:24:22.247Z'),
 (2093,58,46,'Message','ok','2018-03-17T11:24:22.482Z','2018-03-17T11:24:22.482Z'),
 (2094,46,58,'Message','hi','2018-03-17T11:25:32.632Z','2018-03-17T11:25:32.632Z'),
 (2095,58,46,'Message','hi','2018-03-17T11:25:34.843Z','2018-03-17T11:25:34.843Z'),
 (2096,58,46,'Message','hi','2018-03-17T11:25:37.915Z','2018-03-17T11:25:37.915Z'),
 (2097,58,46,'Message','jds','2018-03-17T11:25:41.494Z','2018-03-17T11:25:41.494Z'),
 (2098,58,46,'Message','fsdf','2018-03-17T11:25:41.925Z','2018-03-17T11:25:41.925Z'),
 (2099,58,46,'Message','sdf','2018-03-17T11:25:42.156Z','2018-03-17T11:25:42.156Z'),
 (2100,58,46,'Message','sdf','2018-03-17T11:25:42.850Z','2018-03-17T11:25:42.850Z'),
 (2101,58,46,'Message','sdf','2018-03-17T11:25:43.871Z','2018-03-17T11:25:43.871Z'),
 (2102,58,46,'Message','sdf','2018-03-17T11:25:44.776Z','2018-03-17T11:25:44.776Z'),
 (2103,58,46,'Message','asd','2018-03-17T11:25:49.279Z','2018-03-17T11:25:49.279Z'),
 (2104,58,46,'Message','asd','2018-03-17T11:25:49.911Z','2018-03-17T11:25:49.911Z'),
 (2105,58,46,'Message','asd','2018-03-17T11:25:50.577Z','2018-03-17T11:25:50.577Z'),
 (2106,58,46,'Message','asd','2018-03-17T11:25:51.210Z','2018-03-17T11:25:51.210Z'),
 (2107,58,46,'Message','a','2018-03-17T11:25:51.459Z','2018-03-17T11:25:51.459Z'),
 (2108,58,46,'Message','hi','2018-03-17T11:26:10.468Z','2018-03-17T11:26:10.468Z'),
 (2109,58,46,'Message','ok','2018-03-17T11:26:12.901Z','2018-03-17T11:26:12.901Z'),
 (2110,58,46,'Message','ko','2018-03-17T11:26:13.917Z','2018-03-17T11:26:13.917Z'),
 (2111,58,46,'Message','o','2018-03-17T11:26:14.860Z','2018-03-17T11:26:14.860Z'),
 (2112,58,46,'Message','j','2018-03-17T11:26:15.883Z','2018-03-17T11:26:15.883Z'),
 (2113,58,46,'Message','j','2018-03-17T11:26:16.420Z','2018-03-17T11:26:16.420Z'),
 (2114,58,46,'Message','j','2018-03-17T11:26:16.848Z','2018-03-17T11:26:16.848Z'),
 (2115,58,46,'Message','h','2018-03-17T11:26:17.711Z','2018-03-17T11:26:17.711Z'),
 (2116,58,46,'Message','h','2018-03-17T11:26:18.186Z','2018-03-17T11:26:18.186Z'),
 (2117,58,46,'Message','h','2018-03-17T11:26:18.638Z','2018-03-17T11:26:18.638Z'),
 (2118,58,46,'Message','h','2018-03-17T11:26:19.119Z','2018-03-17T11:26:19.119Z'),
 (2119,58,46,'Message','h','2018-03-17T11:26:19.576Z','2018-03-17T11:26:19.576Z'),
 (2120,58,46,'Message','jsfsadfsdaf','2018-03-17T11:26:21.717Z','2018-03-17T11:26:21.717Z'),
 (2121,58,46,'Message','sd','2018-03-17T11:26:22.118Z','2018-03-17T11:26:22.118Z'),
 (2122,58,46,'Message','f','2018-03-17T11:26:22.318Z','2018-03-17T11:26:22.318Z'),
 (2123,58,46,'Message','sadf','2018-03-17T11:26:22.509Z','2018-03-17T11:26:22.509Z'),
 (2124,58,46,'Message','sd','2018-03-17T11:26:22.717Z','2018-03-17T11:26:22.717Z'),
 (2125,58,46,'Message','fs','2018-03-17T11:26:22.923Z','2018-03-17T11:26:22.923Z'),
 (2126,58,46,'Message','df','2018-03-17T11:26:23.105Z','2018-03-17T11:26:23.105Z'),
 (2127,58,46,'Message','sd','2018-03-17T11:26:23.305Z','2018-03-17T11:26:23.305Z'),
 (2128,58,46,'Message','fas','2018-03-17T11:26:23.535Z','2018-03-17T11:26:23.535Z'),
 (2129,58,46,'Message','df','2018-03-17T11:26:23.753Z','2018-03-17T11:26:23.753Z'),
 (2130,46,58,'Message','dfsf','2018-03-17T11:26:31.262Z','2018-03-17T11:26:31.262Z'),
 (2131,46,58,'Message','faf','2018-03-17T11:26:33.380Z','2018-03-17T11:26:33.380Z'),
 (2132,46,58,'Message','adf','2018-03-17T11:26:33.820Z','2018-03-17T11:26:33.820Z'),
 (2133,46,58,'Message','af','2018-03-17T11:26:34.068Z','2018-03-17T11:26:34.068Z'),
 (2134,46,58,'Message','sfgsdf','2018-03-17T11:26:35.043Z','2018-03-17T11:26:35.043Z'),
 (2135,46,58,'Message','fd','2018-03-17T11:26:35.513Z','2018-03-17T11:26:35.513Z'),
 (2136,46,58,'Message','s','2018-03-17T11:26:35.749Z','2018-03-17T11:26:35.749Z'),
 (2137,46,58,'Message','fs','2018-03-17T11:26:36.015Z','2018-03-17T11:26:36.015Z'),
 (2138,46,58,'Message','df','2018-03-17T11:26:36.235Z','2018-03-17T11:26:36.235Z'),
 (2139,46,58,'Message','sd','2018-03-17T11:26:36.431Z','2018-03-17T11:26:36.431Z'),
 (2140,46,58,'Message','fs','2018-03-17T11:26:36.643Z','2018-03-17T11:26:36.643Z'),
 (2141,58,46,'Message','i','2018-03-17T11:33:50.099Z','2018-03-17T11:33:50.099Z'),
 (2142,58,46,'Message','sksdsd','2018-03-17T11:33:53.960Z','2018-03-17T11:33:53.960Z'),
 (2143,58,46,'Message','s','2018-03-17T11:33:54.175Z','2018-03-17T11:33:54.175Z'),
 (2144,58,46,'Message','d','2018-03-17T11:33:54.386Z','2018-03-17T11:33:54.386Z'),
 (2145,58,46,'Message','s','2018-03-17T11:33:54.579Z','2018-03-17T11:33:54.579Z'),
 (2146,58,46,'Message','ds','2018-03-17T11:33:54.809Z','2018-03-17T11:33:54.809Z'),
 (2147,58,46,'Message','ds','2018-03-17T11:33:55.040Z','2018-03-17T11:33:55.040Z'),
 (2148,58,46,'Message','d','2018-03-17T11:33:55.243Z','2018-03-17T11:33:55.243Z'),
 (2149,58,46,'Message','sd','2018-03-17T11:33:55.473Z','2018-03-17T11:33:55.473Z'),
 (2150,58,46,'Message','s','2018-03-17T11:33:55.682Z','2018-03-17T11:33:55.682Z'),
 (2151,58,46,'Message','d','2018-03-17T11:33:55.883Z','2018-03-17T11:33:55.883Z'),
 (2152,58,46,'Message','sd','2018-03-17T11:33:56.101Z','2018-03-17T11:33:56.101Z'),
 (2153,58,46,'Message','s','2018-03-17T11:33:56.311Z','2018-03-17T11:33:56.311Z'),
 (2154,58,46,'Message','d','2018-03-17T11:33:56.539Z','2018-03-17T11:33:56.539Z'),
 (2155,58,46,'Message','sd','2018-03-17T11:33:56.755Z','2018-03-17T11:33:56.755Z'),
 (2156,58,46,'Message','s','2018-03-17T11:33:56.974Z','2018-03-17T11:33:56.974Z'),
 (2157,58,46,'Message','d','2018-03-17T11:33:57.178Z','2018-03-17T11:33:57.178Z'),
 (2158,58,46,'Message','s','2018-03-17T11:33:57.363Z','2018-03-17T11:33:57.363Z'),
 (2159,58,46,'Message','ds','2018-03-17T11:33:57.581Z','2018-03-17T11:33:57.581Z'),
 (2160,58,46,'Message','d','2018-03-17T11:33:57.789Z','2018-03-17T11:33:57.789Z'),
 (2161,58,46,'Message','s','2018-03-17T11:33:58.000Z','2018-03-17T11:33:58.000Z'),
 (2162,58,46,'Message','ds','2018-03-17T11:33:58.222Z','2018-03-17T11:33:58.222Z'),
 (2163,58,46,'Message','d','2018-03-17T11:33:58.441Z','2018-03-17T11:33:58.441Z'),
 (2164,58,46,'Message','sd','2018-03-17T11:33:58.672Z','2018-03-17T11:33:58.672Z'),
 (2165,58,46,'Message','d','2018-03-17T11:33:58.865Z','2018-03-17T11:33:58.865Z');
/*!40000 ALTER TABLE `message_details` ENABLE KEYS */;


--
-- Definition of table `spycisco_spycis_fav_category`
--

DROP TABLE IF EXISTS `spycisco_spycis_fav_category`;
CREATE TABLE `spycisco_spycis_fav_category` (
  `spycisco_spycis_fav_category_id` int(10) unsigned NOT NULL auto_increment,
  `category_id` varchar(45) default NULL,
  `software_id` varchar(45) default NULL,
  PRIMARY KEY  USING BTREE (`spycisco_spycis_fav_category_id`)
) ENGINE=InnoDB DEFAULT CHARSET=latin1;

--
-- Dumping data for table `spycisco_spycis_fav_category`
--

/*!40000 ALTER TABLE `spycisco_spycis_fav_category` DISABLE KEYS */;
/*!40000 ALTER TABLE `spycisco_spycis_fav_category` ENABLE KEYS */;


--
-- Definition of table `spycisco_spycis_fav_subcategory`
--

DROP TABLE IF EXISTS `spycisco_spycis_fav_subcategory`;
CREATE TABLE `spycisco_spycis_fav_subcategory` (
  `spycisco_spycis_fav_subcategory_id` int(10) unsigned NOT NULL auto_increment,
  `subcategory_id` varchar(45) default NULL,
  `category_id` varchar(45) default NULL,
  `software_id` varchar(45) default NULL,
  PRIMARY KEY  USING BTREE (`spycisco_spycis_fav_subcategory_id`)
) ENGINE=InnoDB DEFAULT CHARSET=latin1;

--
-- Dumping data for table `spycisco_spycis_fav_subcategory`
--

/*!40000 ALTER TABLE `spycisco_spycis_fav_subcategory` DISABLE KEYS */;
/*!40000 ALTER TABLE `spycisco_spycis_fav_subcategory` ENABLE KEYS */;


--
-- Definition of table `spycisco_spycis_public_circle`
--

DROP TABLE IF EXISTS `spycisco_spycis_public_circle`;
CREATE TABLE `spycisco_spycis_public_circle` (
  `spycisco_spycis_public_circle_id` int(10) unsigned NOT NULL auto_increment,
  `software_id` varchar(45) default NULL,
  `user_id` varchar(45) default NULL,
  `status` varchar(45) default NULL,
  PRIMARY KEY  USING BTREE (`spycisco_spycis_public_circle_id`)
) ENGINE=InnoDB DEFAULT CHARSET=latin1;

--
-- Dumping data for table `spycisco_spycis_public_circle`
--

/*!40000 ALTER TABLE `spycisco_spycis_public_circle` DISABLE KEYS */;
INSERT INTO `spycisco_spycis_public_circle` (`spycisco_spycis_public_circle_id`,`software_id`,`user_id`,`status`) VALUES 
 (1,'1','58','true');
/*!40000 ALTER TABLE `spycisco_spycis_public_circle` ENABLE KEYS */;


--
-- Definition of table `spycisco_spycis_test_circle`
--

DROP TABLE IF EXISTS `spycisco_spycis_test_circle`;
CREATE TABLE `spycisco_spycis_test_circle` (
  `spycisco_spycis_test_circle_id` int(10) unsigned NOT NULL auto_increment,
  `software_id` varchar(200) default NULL,
  `user_id` varchar(200) default NULL,
  `status` varchar(200) default NULL,
  `pay_by_user_status` varchar(200) default NULL,
  PRIMARY KEY  USING BTREE (`spycisco_spycis_test_circle_id`)
) ENGINE=InnoDB DEFAULT CHARSET=latin1;

--
-- Dumping data for table `spycisco_spycis_test_circle`
--

/*!40000 ALTER TABLE `spycisco_spycis_test_circle` DISABLE KEYS */;
/*!40000 ALTER TABLE `spycisco_spycis_test_circle` ENABLE KEYS */;


--
-- Definition of table `option_bank`
--

DROP TABLE IF EXISTS `option_bank`;
CREATE TABLE `option_bank` (
  `question_bank_id` varchar(45) default NULL,
  `option_detail` varchar(50000) default NULL,
  `option_name` varchar(45) default NULL
) ENGINE=InnoDB DEFAULT CHARSET=latin1;

--
-- Dumping data for table `option_bank`
--

/*!40000 ALTER TABLE `option_bank` DISABLE KEYS */;
INSERT INTO `option_bank` (`question_bank_id`,`option_detail`,`option_name`) VALUES 
 ('1','Wood','D'),
 ('1','Bricks','E'),
 ('1','Sand','A'),
 ('1','Cement','B'),
 ('1','Building','C'),
 ('2','%E0%A4%B2%E0%A4%95%E0%A4%A1%E0%A5%80','D'),
 ('2','%E0%A4%88%E0%A4%9F','E'),
 ('2','%E0%A4%AC%E0%A4%BE%E0%A4%B2%E0%A5%82','A'),
 ('2','%E0%A4%B8%E0%A5%80%E0%A4%AE%E0%A5%87%E0%A4%82%E0%A4%9F','B'),
 ('2','%E0%A4%AD%E0%A4%B5%E0%A4%A8','C'),
 ('3','There%20is%20scope%20for%20microfinance%20institutions%20to%20be%20profitable%20in%20developed%20countries%20','D'),
 ('3','There%20are%20no%20informal%20sources%20of%20credit%20in%20developed%20countries%20','E'),
 ('3','Microfinance%20has%20been%20successful%20only%20in%20Asian%20countries%20','A'),
 ('3','Microfinance%20makes%20individual%20borrowers%20dependent%20rather%20than%20independent%20','B'),
 ('3','America%20has%20the%20largest%20number%20of%20banks%20in%20the%20world%20','C'),
 ('4','Recognition%20of%20the%20fact%20that%20disbursing%20credit%20in%20developing%20countries%20during%20the%20recession%20is%20too%20risky.%20%20','D'),
 ('4','None%20of%20these%20','E'),
 ('4','The%20willingness%20of%20U.%20S.%20banks%20to%20provide%20the%20necessary%20staff%20and%20funds%20to%20facilitate%20the%20spread%20of%20microfinance.%20%20','A'),
 ('4','The%20rates%20of%20interest%20on%20loans%20in%20the%20U.%20S.%20are%20exorbitant%20making%20it%20easier%20to%20recover%20capital.%20','B'),
 ('4','The%20realization%20that%20a%20large%20percentage%20of%20the%20American%20population%20not%20reached%20by%20mainstream%20banks%20can%20be%20tabbed.%20%20','C'),
 ('5','Frugal%20','D'),
 ('5','Insignificant','E'),
 ('5','Short','A'),
 ('5','Lavish%20','B'),
 ('5','Minority%20','C'),
 ('6','Their%20failure%20to%20attract%20those%20outside%20the%20formal%20banking%20system%20as%20customers.%20','D'),
 ('6','Americans%20are%20too%20group%20to%20accept%20aid%20from%20third%20world%20countries.','E'),
 ('6','The%20focus%20of%20these%20institutions%20is%20on%20making%20a%20profit%20at%20any%20cost%20instead%20of%20being%20charitable%20to%20the%20needy.%20%20','A'),
 ('6','American%20banks%20engaged%20in%20micro%20lending%20were%20the%20most%20severely%20hit%20during%20the%20recession.%20','B'),
 ('6','Widespread%20perception%20among%20bankers%20that%20these%20institutions%20are%20better%20suited%20to%20developing%20countries.%20%20%20','C'),
 ('7','Only%20(B)','D'),
 ('7','Only%20(C)','E'),
 ('7','None','A'),
 ('7','Only%20(A)','B'),
 ('7','Only%20(A)%20and%20(C)','C'),
 ('8','The%20role%20of%20banks%20in%20facilitating%20micro%20lending%20efforts%20in%20developed%20nations%20%20','D'),
 ('8','Microfinance%20efforts%20are%20useful%20in%20developing%20countries%20but%20are%20futile%20in%20developed%20ones.','E'),
 ('8','The%20contention%20that%20Grameen%20is%20doomed%20to%20fail%20in%20developed%20countries%20','A'),
 ('8','A%20comprehensive%20evaluation%20of%20the%20current%20status%20of%20the%20American%20economy%20','B'),
 ('8','A%20discussion%20about%20the%20prospects%20of%20Grameen%20and%20microfinance%20in%20the%20U.%20S.','C'),
 ('9','Only%20(B)%20','D'),
 ('9','Only%20(C)%20%20%20','E'),
 ('9','None','A'),
 ('9','Only%20','B'),
 ('9','Only%20(A)%20and%20(C)','C'),
 ('10','It%20provides%20loans%20at%20nominal%20rates%20of%20interest%20i.e.%20below%2015%20percent%20','D'),
 ('10','None%20of%20these%20%20%20','E'),
 ('10','Its%20success%20in%20Bangladesh%20and%20other%20developing%20countries','A'),
 ('10','Absence%20of%20other%20microfinance%20institutions%20for%20competition%20%20','B'),
 ('10','The%20fact%20that%20America%20is%20currently%20in%20the%20midst%20of%20recession%20%20%20','C'),
 ('11','Intangible%20','D'),
 ('11','Betrayed','E'),
 ('11','Avoided','A'),
 ('11','Duped','B'),
 ('11','Abandoned','C'),
 ('12','Group%20members%20can%20sanction%20loans%20and%20verify%20if%20borrowers%20have%20sufficient%20collateral.%20','D'),
 ('12','Backing%20that%20borrowers%20receive%20from%20other%20group%20members%20%20%20%20%20','E'),
 ('12','If%20a%20single%20member%20is%20unable%20to%20repay%20a%20loan%20other%20group%20members%20will%20repay%20it%20','A'),
 ('12','Dispensing%20with%20the%20expense%20of%20technology%20networks%20to%20monitor%20advances%20','B'),
 ('12','It%20utilises%20the%20vest%20bank%20network%20already%20existing%20in%20a%20country%20%20%20','C'),
 ('13','There%20is%20scope%20for%20microfinance%20institutions%20to%20be%20profitable%20in%20developed%20countries%20','D'),
 ('13','There%20are%20no%20informal%20sources%20of%20credit%20in%20developed%20countries%20','E'),
 ('13','Microfinance%20has%20been%20successful%20only%20in%20Asian%20countries%20','A'),
 ('13','Microfinance%20makes%20individual%20borrowers%20dependent%20rather%20than%20independent%20','B'),
 ('13','America%20has%20the%20largest%20number%20of%20banks%20in%20the%20world%20','C'),
 ('14','Recognition%20of%20the%20fact%20that%20disbursing%20credit%20in%20developing%20countries%20during%20the%20recession%20is%20too%20risky.%20%20','D'),
 ('14','None%20of%20these%20','E'),
 ('14','The%20willingness%20of%20U.%20S.%20banks%20to%20provide%20the%20necessary%20staff%20and%20funds%20to%20facilitate%20the%20spread%20of%20microfinance.%20%20','A'),
 ('14','The%20rates%20of%20interest%20on%20loans%20in%20the%20U.%20S.%20are%20exorbitant%20making%20it%20easier%20to%20recover%20capital.%20','B'),
 ('14','The%20realization%20that%20a%20large%20percentage%20of%20the%20American%20population%20not%20reached%20by%20mainstream%20banks%20can%20be%20tabbed.%20%20','C'),
 ('15','Frugal%20','D'),
 ('15','Insignificant','E'),
 ('15','Short','A'),
 ('15','Lavish%20','B'),
 ('15','Minority%20','C'),
 ('16','Their%20failure%20to%20attract%20those%20outside%20the%20formal%20banking%20system%20as%20customers.%20','D'),
 ('16','Americans%20are%20too%20group%20to%20accept%20aid%20from%20third%20world%20countries.','E'),
 ('16','The%20focus%20of%20these%20institutions%20is%20on%20making%20a%20profit%20at%20any%20cost%20instead%20of%20being%20charitable%20to%20the%20needy.%20%20','A'),
 ('16','American%20banks%20engaged%20in%20micro%20lending%20were%20the%20most%20severely%20hit%20during%20the%20recession.%20','B'),
 ('16','Widespread%20perception%20among%20bankers%20that%20these%20institutions%20are%20better%20suited%20to%20developing%20countries.%20%20%20','C'),
 ('17','Only%20(B)','D'),
 ('17','Only%20(C)','E'),
 ('17','None','A'),
 ('17','Only%20(A)','B'),
 ('17','Only%20(A)%20and%20(C)','C'),
 ('18','The%20role%20of%20banks%20in%20facilitating%20micro%20lending%20efforts%20in%20developed%20nations%20%20','D'),
 ('18','Microfinance%20efforts%20are%20useful%20in%20developing%20countries%20but%20are%20futile%20in%20developed%20ones.','E'),
 ('18','The%20contention%20that%20Grameen%20is%20doomed%20to%20fail%20in%20developed%20countries%20','A'),
 ('18','A%20comprehensive%20evaluation%20of%20the%20current%20status%20of%20the%20American%20economy%20','B'),
 ('18','A%20discussion%20about%20the%20prospects%20of%20Grameen%20and%20microfinance%20in%20the%20U.%20S.','C'),
 ('19','Only%20(B)%20','D'),
 ('19','Only%20(C)%20%20%20','E'),
 ('19','None','A'),
 ('19','Only%20','B'),
 ('19','Only%20(A)%20and%20(C)','C'),
 ('20','It%20provides%20loans%20at%20nominal%20rates%20of%20interest%20i.e.%20below%2015%20percent%20','D'),
 ('20','None%20of%20these%20%20%20','E'),
 ('20','Its%20success%20in%20Bangladesh%20and%20other%20developing%20countries','A'),
 ('20','Absence%20of%20other%20microfinance%20institutions%20for%20competition%20%20','B'),
 ('20','The%20fact%20that%20America%20is%20currently%20in%20the%20midst%20of%20recession%20%20%20','C'),
 ('21','Intangible%20','D'),
 ('21','Betrayed','E'),
 ('21','Avoided','A'),
 ('21','Duped','B'),
 ('21','Abandoned','C'),
 ('22','Group%20members%20can%20sanction%20loans%20and%20verify%20if%20borrowers%20have%20sufficient%20collateral.%20','D'),
 ('22','Backing%20that%20borrowers%20receive%20from%20other%20group%20members%20%20%20%20%20','E'),
 ('22','If%20a%20single%20member%20is%20unable%20to%20repay%20a%20loan%20other%20group%20members%20will%20repay%20it%20','A'),
 ('22','Dispensing%20with%20the%20expense%20of%20technology%20networks%20to%20monitor%20advances%20','B'),
 ('22','It%20utilises%20the%20vest%20bank%20network%20already%20existing%20in%20a%20country%20%20%20','C'),
 ('23','Cannot%20be%20determined','D'),
 ('23','None%20of%20these','E'),
 ('23','Fourteenth','A'),
 ('23','Fifteenth','B'),
 ('23','Thirteenth','C'),
 ('24','%20%E0%A4%A8%E0%A4%BF%E0%A4%B0%E0%A5%8D%E0%A4%98%E0%A4%BE%E0%A4%B0%E0%A4%BF%E0%A4%A4%20%E0%A4%A8%E0%A4%B9%E0%A5%80%20%E0%A4%95%E0%A4%BF%E0%A4%AF%E0%A4%BE%20%E0%A4%9C%E0%A4%BE%20%E0%A4%B8%E0%A4%95%E0%A4%A4%E0%A4%BE%20','D'),
 ('24','%20%E0%A4%87%E0%A4%A8%E0%A4%AE%E0%A5%87%E0%A4%82%20%E0%A4%B8%E0%A5%87%20%E0%A4%95%E0%A5%8B%E0%A4%88%20%E0%A4%A8%E0%A4%B9%E0%A5%80%E0%A4%82','E'),
 ('24','%20%E0%A4%9A%E0%A5%88%E0%A4%82%E0%A4%A6%E0%A4%B9%E0%A4%B5%E0%A4%BE%E0%A4%81%20','A'),
 ('24','%E0%A4%AA%E0%A4%82%E0%A4%A6%E0%A5%8D%E0%A4%B0%E0%A4%B9%E0%A4%B5%E0%A4%BE%E0%A4%81','B'),
 ('24','%20%E0%A4%A4%E0%A5%87%E0%A4%B0%E0%A4%B9%E0%A4%B5%E0%A4%BE%E0%A4%81%20','C'),
 ('25','1','D'),
 ('25','None%20of%20these','E'),
 ('25','7','A'),
 ('25','13','B'),
 ('25','-23','C'),
 ('26','Cannot%20be%20determined','D'),
 ('26','None%20of%20these%20','E'),
 ('26','Fourteenth','A'),
 ('26','Fifteenth','B'),
 ('26','Thirteenth','C'),
 ('27','Three','D'),
 ('27','More%20than%20three','E'),
 ('27','None','A'),
 ('27','One','B'),
 ('27','Two','C'),
 ('28','BFTKJOH','D'),
 ('28','None%20of%20these','E'),
 ('28','BTFKHOJ','A'),
 ('28','JOHKBFT','B'),
 ('28','TFBKHOJ','C'),
 ('29','1','D'),
 ('29','4','E'),
 ('29','6','A'),
 ('29','3','B'),
 ('29','7','C'),
 ('30','Three','D'),
 ('30','More%20than%20three','E'),
 ('30','None%20','A'),
 ('30','One','B'),
 ('30','Two','C'),
 ('31','%C2%A9%25%40%C2%B9','D'),
 ('31','None%20of%20these','E'),
 ('31','%20%C2%A99%40%C2%B9%09','A'),
 ('31','%C2%B9%25%C2%A9%40','B'),
 ('31','%C2%A9%40%25%C2%B9','C'),
 ('32','2','D'),
 ('32','None%20of%20these','E'),
 ('32','5','A'),
 ('32','3','B'),
 ('32','9','C'),
 ('33','Data%20inadequate','D'),
 ('33','%20None%20of%20these%20','E'),
 ('33','ta','A'),
 ('33','da','B'),
 ('33','ta%20or%20da','C'),
 ('34','Data%20inadequate','D'),
 ('34','None%20of%20these','E'),
 ('34','R','A'),
 ('34','S','B'),
 ('34','P','C'),
 ('35','1','D'),
 ('35','%E0%A4%87%E0%A4%A8%E0%A4%AE%E0%A5%87%E0%A4%82%20%E0%A4%B8%E0%A5%87%20%E0%A4%95%E0%A5%8B%E0%A4%88%20%E0%A4%A8%E0%A4%B9%E0%A5%80%E0%A4%82%20','E'),
 ('35','7','A'),
 ('35','13','B'),
 ('35','-23','C'),
 ('36','%E0%A4%A8%E0%A4%BF%E0%A4%B0%E0%A5%8D%E0%A4%98%E0%A4%BE%E0%A4%B0%E0%A4%BF%E0%A4%A4%20%E0%A4%A8%E0%A4%B9%E0%A5%80%20%E0%A4%95%E0%A4%BF%E0%A4%AF%E0%A4%BE%20%E0%A4%9C%E0%A4%BE%20%E0%A4%B8%E0%A4%95%E0%A4%A4%E0%A4%BE%20','D'),
 ('36','%E0%A4%87%E0%A4%A8%E0%A4%AE%E0%A5%87%E0%A4%82%20%E0%A4%B8%E0%A5%87%20%E0%A4%95%E0%A5%8B%E0%A4%88%20%E0%A4%A8%E0%A4%B9%E0%A5%80%E0%A4%82','E'),
 ('36','%E0%A4%9A%E0%A5%88%E0%A4%82%E0%A4%A6%E0%A4%B9%E0%A4%B5%E0%A4%BE%E0%A4%81','A'),
 ('36','%E0%A4%AA%E0%A4%82%E0%A4%A6%E0%A5%8D%E0%A4%B0%E0%A4%B9%E0%A4%B5%E0%A4%BE%E0%A4%81','B'),
 ('36','%E0%A4%A4%E0%A5%87%E0%A4%B0%E0%A4%B9%E0%A4%B5%E0%A4%BE%E0%A4%81','C'),
 ('37','%E0%A4%A4%E0%A5%80%E0%A4%A8%20','D'),
 ('37','%E0%A4%A4%E0%A5%80%E0%A4%A8%20%E0%A4%B8%E0%A5%87%20%E0%A4%85%E0%A4%A7%E0%A4%BF%E0%A4%95%20','E'),
 ('37','%E0%A4%95%E0%A5%8B%E0%A4%88%20%E0%A4%A8%E0%A4%B9%E0%A5%80%E0%A4%82%20','A'),
 ('37','%E0%A4%8F%E0%A4%95%20','B'),
 ('37','%E0%A4%A6%E0%A5%8B%20','C'),
 ('38','BFTKJOH%20','D'),
 ('38','%E0%A4%87%E0%A4%A8%E0%A4%AE%E0%A5%87%E0%A4%82%20%E0%A4%B8%E0%A5%87%20%E0%A4%95%E0%A5%8B%E0%A4%88%20%E0%A4%A8%E0%A4%B9%E0%A5%80%E0%A4%82','E'),
 ('38','BTFKHOJ','A'),
 ('38','JOHKBFT%20','B'),
 ('38','TFBKHOJ%20','C'),
 ('39','1','D'),
 ('39','4','E'),
 ('39','6','A'),
 ('39','3','B'),
 ('39','7','C'),
 ('40','%E0%A4%A4%E0%A5%80%E0%A4%A8%20','D'),
 ('40','%E0%A4%A4%E0%A5%80%E0%A4%A8%20%E0%A4%B8%E0%A5%87%20%E0%A4%85%E0%A4%A7%E0%A4%BF%E0%A4%95%20','E'),
 ('40','%E0%A4%95%E0%A5%8B%E0%A4%88%20%E0%A4%A8%E0%A4%B9%E0%A5%80%E0%A4%82%20','A'),
 ('40','%E0%A4%8F%E0%A4%95%20','B'),
 ('40','%E0%A4%A6%E0%A5%8B%20','C'),
 ('41','%C2%A9%25%40%E2%98%85%20','D'),
 ('41','%E0%A4%87%E0%A4%A8%E0%A4%AE%E0%A5%87%E0%A4%82%20%E0%A4%B8%E0%A5%87%20%E0%A4%95%E0%A5%8B%E0%A4%88%20%E0%A4%A8%E0%A4%B9%E0%A5%80%E0%A4%82','E'),
 ('41','%C2%A99%40%E2%98%85%20','A'),
 ('41','%E2%98%85%25%C2%A9%40%20','B'),
 ('41','%C2%A9%40%25%E2%98%85%20','C'),
 ('42','2','D'),
 ('42','%E0%A4%87%E0%A4%A8%E0%A4%AE%E0%A5%87%E0%A4%82%20%E0%A4%B8%E0%A5%87%20%E0%A4%95%E0%A5%8B%E0%A4%88%20%E0%A4%A8%E0%A4%B9%E0%A5%80%E0%A4%82','E'),
 ('42','5','A'),
 ('42','3','B'),
 ('42','9','C'),
 ('43','%E0%A4%86%E0%A4%81%E0%A4%95%E0%A4%A1%E0%A5%87%20%E0%A4%85%E0%A4%A7%E0%A5%82%E0%A4%B0%E0%A5%87%20%E0%A4%B9%E0%A5%88%E0%A4%82%20','D'),
 ('43','%E0%A4%87%E0%A4%A8%E0%A4%AE%E0%A5%87%E0%A4%82%20%E0%A4%B8%E0%A5%87%20%E0%A4%95%E0%A5%8B%E0%A4%88%20%E0%A4%A8%E0%A4%B9%E0%A5%80%E0%A4%82','E'),
 ('43','ta','A'),
 ('43','da','B'),
 ('43','ta%20%E0%A4%AF%E0%A4%BE%20da%20','C'),
 ('44','%E0%A4%86%E0%A4%81%E0%A4%95%E0%A4%A1%E0%A5%87%20%E0%A4%85%E0%A4%A7%E0%A5%82%E0%A4%B0%E0%A5%87%20%E0%A4%B9%E0%A5%88%E0%A4%82%20','D'),
 ('44','%E0%A4%87%E0%A4%A8%E0%A4%AE%E0%A5%87%E0%A4%82%20%E0%A4%B8%E0%A5%87%20%E0%A4%95%E0%A5%8B%E0%A4%88%20%E0%A4%A8%E0%A4%B9%E0%A5%80%E0%A4%82','E'),
 ('44','R','A'),
 ('44','S','B'),
 ('44','P','C'),
 ('45','Y','D'),
 ('45','None%20of%20these','E'),
 ('45','9','A'),
 ('45','6','B'),
 ('45','P','C'),
 ('46','E','D'),
 ('46','None%20of%20these','E'),
 ('46','J','A'),
 ('46','Q','B'),
 ('46','W','C'),
 ('47','%20Three','D'),
 ('47','More%20than%20Three','E'),
 ('47','None','A'),
 ('47','%20One','B'),
 ('47','%20Two','C'),
 ('48','%20Three','D'),
 ('48','More%20than%20Three','E'),
 ('48','None','A'),
 ('48','One','B'),
 ('48','%20Two','C'),
 ('49','%20YIZ','D'),
 ('49','None%20of%20these','E'),
 ('49','Y5I','A'),
 ('49','%20YIQ','B'),
 ('49','A5Q','C'),
 ('50','Y','D'),
 ('50','%E0%A4%87%E0%A4%A8%E0%A4%AE%E0%A5%87%E0%A4%82%20%E0%A4%B8%E0%A5%87%20%E0%A4%95%E0%A5%8B%E0%A4%88%20%E0%A4%A8%E0%A4%B9%E0%A5%80%E0%A4%82','E'),
 ('50','9','A'),
 ('50','6','B'),
 ('50','P','C'),
 ('51','E','D'),
 ('51','%E0%A4%87%E0%A4%A8%E0%A4%AE%E0%A5%87%E0%A4%82%20%E0%A4%B8%E0%A5%87%20%E0%A4%95%E0%A5%8B%E0%A4%88%20%E0%A4%A8%E0%A4%B9%E0%A5%80%E0%A4%82','E'),
 ('51','J','A'),
 ('51','Q','B'),
 ('51','W','C'),
 ('52','%20%E0%A4%A4%E0%A5%80%E0%A4%A8','D'),
 ('52','%20%E0%A4%A4%E0%A5%80%E0%A4%A8%20%E0%A4%B8%E0%A5%87%20%E0%A4%85%E0%A4%A7%E0%A4%BF%E0%A4%95','E'),
 ('52','%20%E0%A4%95%E0%A5%8B%E0%A4%88%20%E0%A4%A8%E0%A4%B9%E0%A5%80%E0%A4%82','A'),
 ('52','%20%E0%A4%8F%E0%A4%95','B'),
 ('52','%20%E0%A4%A6%E0%A5%8B','C'),
 ('53','%20%20%E0%A4%A4%E0%A5%80%E0%A4%A8','D'),
 ('53','%E0%A4%A4%E0%A5%80%E0%A4%A8%20%E0%A4%B8%E0%A5%87%20%E0%A4%85%E0%A4%A7%E0%A4%BF%E0%A4%95','E'),
 ('53','%E0%A4%95%E0%A5%8B%E0%A4%88%20%E0%A4%A8%E0%A4%B9%E0%A5%80%E0%A4%82','A'),
 ('53','%20%E0%A4%8F%E0%A4%95','B'),
 ('53','%20%E0%A4%A6%E0%A5%8B%20','C'),
 ('54','%20YIZ','D'),
 ('54','%20%E0%A4%87%E0%A4%A8%E0%A4%AE%E0%A5%87%E0%A4%82%20%E0%A4%B8%E0%A5%87%20%E0%A4%95%E0%A5%8B%E0%A4%88%20%E0%A4%A8%E0%A4%B9%E0%A5%80%E0%A4%82','E'),
 ('54','%20Y51','A'),
 ('54','%20YIQ','B'),
 ('54','A5Q','C'),
 ('55','All%20I%2C%20II%2C%20III%20and%20IV%20follow','D'),
 ('55','None%20of%20these%20','E'),
 ('55','%20Only%20I%20and%20II%20follow%20','A'),
 ('55','Only%20II%20and%20III%20follow','B'),
 ('55','Only%20I%2C%20II%20and%20III%20follow','C'),
 ('56','Only%20III%20follows','D'),
 ('56','Only%20IV%20follows','E'),
 ('56','%20None%20follows%20','A'),
 ('56','Only%20I%20follows','B'),
 ('56','Only%20II%20follows','C'),
 ('57','Only%20either%20I%20or%20III%20follow%20','D'),
 ('57','Only%20either%20I%20or%20III%20and%20II%20follow','E'),
 ('57','Only%20I%20follow%20','A'),
 ('57','Only%20II%20follow%20','B'),
 ('57','Only%20III%20follow%20','C'),
 ('58','Only%20I%20and%20IV%20follow%20','D'),
 ('58','None%20of%20these','E'),
 ('58','Only%20I%20and%20II%20follow','A'),
 ('58','Only%20II%20and%20III%20follow','B'),
 ('58','Only%20I%20and%20III%20follow%20','C'),
 ('59','%20Only%20III%20and%20IV%20follow','D'),
 ('59','Only%20III%20follows%20%20','E'),
 ('59','None%20follows%20','A'),
 ('59','Only%20II%20follows','B'),
 ('59','Only%20IV%20follow','C'),
 ('60','%E0%A4%B8%E0%A4%AD%E0%A5%80%20I%2C%20II%2C%20III%20%E0%A4%94%E0%A4%B0%20IV%20%E0%A4%85%E0%A4%A8%E0%A5%81%E0%A4%B8%E0%A4%B0%E0%A4%A3%20%E0%A4%95%E0%A4%B0%E0%A4%A4%E0%A5%87%20%E0%A4%B9%E0%A5%88%E0%A4%82','D'),
 ('60','%E0%A4%87%E0%A4%A8%E0%A4%AE%E0%A5%87%E0%A4%82%20%E0%A4%B8%E0%A5%87%20%E0%A4%95%E0%A5%8B%E0%A4%88%20%E0%A4%A8%E0%A4%B9%E0%A5%80%E0%A4%82','E'),
 ('60','%E0%A4%95%E0%A5%8B%E0%A4%88%20I%20%E0%A4%94%E0%A4%B0%20II%20%E0%A4%85%E0%A4%A8%E0%A5%81%E0%A4%B8%E0%A4%B0%E0%A4%A3%20%E0%A4%95%E0%A4%B0%E0%A4%A4%E0%A5%87%20%E0%A4%B9%E0%A5%88%20','A'),
 ('60','%E0%A4%95%E0%A5%8B%E0%A4%88%20I%20%E0%A4%94%E0%A4%B0%20II%20%E0%A4%85%E0%A4%A8%E0%A5%81%E0%A4%B8%E0%A4%B0%E0%A4%A3%20%E0%A4%95%E0%A4%B0%E0%A4%A4%E0%A5%87%20%E0%A4%B9%E0%A5%88%20','B'),
 ('60','%E0%A4%95%E0%A5%87%E0%A4%B5%E0%A4%B2%20I%2C%20II%20%E0%A4%94%E0%A4%B0%20III%20%E0%A4%85%E0%A4%A8%E0%A5%81%E0%A4%B8%E0%A4%B0%E0%A4%A3%20%E0%A4%95%E0%A4%B0%E0%A4%A4%E0%A5%87%20%E0%A4%B9%E0%A5%88%20','C'),
 ('61','%E0%A4%95%E0%A5%87%E0%A4%B5%E0%A4%B2%20III%20%E0%A4%85%E0%A4%A8%E0%A5%81%E0%A4%B8%E0%A4%B0%E0%A4%A3%20%E0%A4%95%E0%A4%B0%E0%A4%A4%E0%A4%BE%20%E0%A4%B9%E0%A5%88%E0%A4%82%20','D'),
 ('61','%E0%A4%95%E0%A5%87%E0%A4%B5%E0%A4%B2%20IV%20%E0%A4%85%E0%A4%A8%E0%A5%81%E0%A4%B8%E0%A4%B0%E0%A4%A3%20%E0%A4%95%E0%A4%B0%E0%A4%A4%E0%A4%BE%20%E0%A4%B9%E0%A5%88','E'),
 ('61','%E0%A4%95%E0%A5%8B%E0%A4%88%20%E0%A4%85%E0%A4%A8%E0%A5%81%E0%A4%B8%E0%A4%B0%E0%A4%A3%20%E0%A4%A8%E0%A4%B9%E0%A5%80%E0%A4%82%20%E0%A4%95%E0%A4%B0%E0%A4%A4%E0%A4%BE%20%E0%A4%B9%E0%A5%88%20','A'),
 ('61','%E0%A4%95%E0%A5%87%E0%A4%B5%E0%A4%B2%20I%20%E0%A4%85%E0%A4%A8%E0%A5%81%E0%A4%B8%E0%A4%B0%E0%A4%A3%20%E0%A4%95%E0%A4%B0%E0%A4%A4%E0%A4%BE%20%E0%A4%B9%E0%A5%88','B'),
 ('61','%E0%A4%95%E0%A5%87%E0%A4%B5%E0%A4%B2%20II%20%E0%A4%85%E0%A4%A8%E0%A5%81%E0%A4%B8%E0%A4%B0%E0%A4%A3%20%E0%A4%95%E0%A4%B0%E0%A4%A4%E0%A4%BE%20%E0%A4%B9%E0%A5%88%20','C'),
 ('62','%E0%A4%95%E0%A5%87%E0%A4%B5%E0%A4%B2%20%E0%A4%AF%E0%A4%BE%20%E0%A4%A4%E0%A5%8B%20I%20%E0%A4%AF%E0%A4%BE%20III%20%E0%A4%85%E0%A4%A8%E0%A5%81%E0%A4%B8%E0%A4%B0%E0%A4%A3%20%E0%A4%95%E0%A4%B0%E0%A4%A4%E0%A4%BE%20%E0%A4%B9%E0%A5%88%E0%A4%82%20','D'),
 ('62','%E0%A4%95%E0%A5%87%E0%A4%B5%E0%A4%B2%20%E0%A4%AF%E0%A4%BE%20%E0%A4%A4%E0%A5%8B%20I%20%E0%A4%AF%E0%A4%BE%20III%20%E0%A4%94%E0%A4%B0%20II%20%E0%A4%85%E0%A4%A8%E0%A5%81%E0%A4%B8%E0%A4%B0%E0%A4%A3%20%E0%A4%95%E0%A4%B0%E0%A4%A4%E0%A5%87%20%E0%A4%B9%E0%A5%88','E'),
 ('62','%E0%A4%95%E0%A5%87%E0%A4%B5%E0%A4%B2%20I%20%E0%A4%85%E0%A4%A8%E0%A5%81%E0%A4%B8%E0%A4%B0%E0%A4%A3%20%E0%A4%95%E0%A4%B0%E0%A4%A4%E0%A4%BE%20%E0%A4%B9%E0%A5%88%20','A'),
 ('62','%E0%A4%95%E0%A5%87%E0%A4%B5%E0%A4%B2%20II%20%E0%A4%85%E0%A4%A8%E0%A5%81%E0%A4%B8%E0%A4%B0%E0%A4%A3%20%E0%A4%95%E0%A4%B0%E0%A4%A4%E0%A4%BE%20%E0%A4%B9%E0%A5%88%20','B'),
 ('62','%E0%A4%95%E0%A5%87%E0%A4%B5%E0%A4%B2%20III%20%E0%A4%85%E0%A4%A8%E0%A5%81%E0%A4%B8%E0%A4%B0%E0%A4%A3%20%E0%A4%95%E0%A4%B0%E0%A4%A4%E0%A4%BE%20%E0%A4%B9%E0%A5%88%20','C'),
 ('63','%E0%A4%95%E0%A5%87%E0%A4%B5%E0%A4%B2%20I%20%E0%A4%94%E0%A4%B0%20IV%20%E0%A4%85%E0%A4%A8%E0%A5%81%E0%A4%B8%E0%A4%B0%E0%A4%A3%20%E0%A4%95%E0%A4%B0%E0%A4%A4%E0%A5%87%20%E0%A4%B9%E0%A5%88%E0%A4%82%20','D'),
 ('63','%E0%A4%87%E0%A4%A8%E0%A4%AE%E0%A5%87%E0%A4%82%20%E0%A4%B8%E0%A5%87%20%E0%A4%95%E0%A5%8B%E0%A4%88%20%E0%A4%A8%E0%A4%B9%E0%A5%80%E0%A4%82','E'),
 ('63','%E0%A4%95%E0%A5%8B%E0%A4%88%20I%20%E0%A4%94%E0%A4%B0%20II%20%E0%A4%85%E0%A4%A8%E0%A5%81%E0%A4%B8%E0%A4%B0%E0%A4%A3%20%E0%A4%95%E0%A4%B0%E0%A4%A4%E0%A5%87%20%E0%A4%B9%E0%A5%88%20','A'),
 ('63','%E0%A4%95%E0%A5%87%E0%A4%B5%E0%A4%B2%20II%20%E0%A4%94%E0%A4%B0%20III%20%E0%A4%85%E0%A4%A8%E0%A5%81%E0%A4%B8%E0%A4%B0%E0%A4%A3%20%E0%A4%95%E0%A4%B0%E0%A4%A4%E0%A5%87%20%E0%A4%B9%E0%A5%88%E0%A4%82','B'),
 ('63','%E0%A4%95%E0%A5%87%E0%A4%B5%E0%A4%B2%20I%20%E0%A4%94%E0%A4%B0%20III%20%E0%A4%85%E0%A4%A8%E0%A5%81%E0%A4%B8%E0%A4%B0%E0%A4%A3%20%E0%A4%95%E0%A4%B0%E0%A4%A4%E0%A5%87%20%E0%A4%B9%E0%A5%88%20','C'),
 ('64','%E0%A4%95%E0%A5%87%E0%A4%B5%E0%A4%B2%20III%20%E0%A4%94%E0%A4%B0%20IV%20%E0%A4%85%E0%A4%A8%E0%A5%81%E0%A4%B8%E0%A4%B0%E0%A4%A3%20%E0%A4%95%E0%A4%B0%E0%A4%A4%E0%A5%87%20%E0%A4%B9%E0%A5%88%E0%A4%82%20','D'),
 ('64','%E0%A4%95%E0%A5%87%E0%A4%B5%E0%A4%B2%20III%20%E0%A4%85%E0%A4%A8%E0%A5%81%E0%A4%B8%E0%A4%B0%E0%A4%A3%20%E0%A4%95%E0%A4%B0%E0%A4%A4%E0%A4%BE%20%E0%A4%B9%E0%A5%88','E'),
 ('64','%E0%A4%95%E0%A5%8B%E0%A4%88%20%E0%A4%85%E0%A4%A8%E0%A5%81%E0%A4%B8%E0%A4%B0%E0%A4%A3%20%E0%A4%A8%E0%A4%B9%E0%A5%80%E0%A4%82%20%E0%A4%95%E0%A4%B0%E0%A4%A4%E0%A4%BE%20%E0%A4%B9%E0%A5%88%20','A'),
 ('64','%E0%A4%95%E0%A5%87%E0%A4%B5%E0%A4%B2%20II%20%E0%A4%85%E0%A4%A8%E0%A5%81%E0%A4%B8%E0%A4%B0%E0%A4%A3%20%E0%A4%95%E0%A4%B0%E0%A4%A4%E0%A4%BE%20%E0%A4%B9%E0%A5%88%20','B'),
 ('64','%E0%A4%95%E0%A5%87%E0%A4%B5%E0%A4%B2%20IV%20%E0%A4%85%E0%A4%A8%E0%A5%81%E0%A4%B8%E0%A4%B0%E0%A4%A3%20%E0%A4%95%E0%A4%B0%E0%A4%A4%E0%A4%BE%20%E0%A4%B9%E0%A5%88%20','C'),
 ('65','%C2%A99%C2%B9%2384','D'),
 ('65','None%20of%20these','E'),
 ('65','49%C2%B948%C2%A9','A'),
 ('65','%20%239%C2%B9%238%C2%A9','B'),
 ('65','%2049%C2%B9%238%C2%A9','C'),
 ('66','%20%23%CE%B4%C2%A975%CE%B4','D'),
 ('66','None%20of%20these','E'),
 ('66','%20%23%C2%B9%C2%A9%2352%20','A'),
 ('66','7%C2%B9%C2%A9%2352','B'),
 ('66','%23%C2%A9%C2%B9752%20','C'),
 ('67','4%CE%B4%40%237%CE%B4','D'),
 ('67','None%20of%20these','E'),
 ('67','42%40%237%24','A'),
 ('67','42%4047%24','B'),
 ('67','%232%4047%24','C'),
 ('68','%205%23259%C2%A9%20','D'),
 ('68','None%20of%20these','E'),
 ('68','%40%232%409%C2%A9%20','A'),
 ('68','5%232%409%C2%A9%20','B'),
 ('68','%40%23259%C2%A9%20','C'),
 ('69','3%2448%401','D'),
 ('69','None%20of%20these','E'),
 ('69','3%2448%403','A'),
 ('69','%201%2448%403','B'),
 ('69','1%2448%401','C'),
 ('70','%20%C2%A99%E2%98%85%2384','D'),
 ('70','%20%E0%A4%87%E0%A4%A8%E0%A4%AE%E0%A5%87%E0%A4%82%20%E0%A4%B8%E0%A5%87%20%E0%A4%95%E0%A5%8B%E0%A4%88%20%E0%A4%A8%E0%A4%B9%E0%A5%80%E0%A4%82','E'),
 ('70','%2049%20%E2%98%8548%C2%A9','A'),
 ('70','%20%239%E2%98%85%238%C2%A9','B'),
 ('70','49%E2%98%85%238%C2%A9','C'),
 ('71','%20%23%CE%B4%C2%A975%CE%B4','D'),
 ('71','%E0%A4%87%E0%A4%A8%E0%A4%AE%E0%A5%87%E0%A4%82%20%E0%A4%B8%E0%A5%87%20%E0%A4%95%E0%A5%8B%E0%A4%88%20%E0%A4%A8%E0%A4%B9%E0%A5%80%E0%A4%82','E'),
 ('71','%23%E2%98%85%C2%A9%2352','A'),
 ('71','7%E2%98%85%C2%A9%2352','B'),
 ('71','%23%C2%A9%E2%98%85752','C'),
 ('72','4%CE%B4%40%237%CE%B4','D'),
 ('72','%20%E0%A4%87%E0%A4%A8%E0%A4%AE%E0%A5%87%E0%A4%82%20%E0%A4%B8%E0%A5%87%20%E0%A4%95%E0%A5%8B%E0%A4%88%20%E0%A4%A8%E0%A4%B9%E0%A5%80%E0%A4%82','E'),
 ('72','%2042%40%237%24','A'),
 ('72','42%4047%24','B'),
 ('72','%20%232%4047%24','C'),
 ('73','%205%23259%C2%A9','D'),
 ('73','%E0%A4%87%E0%A4%A8%E0%A4%AE%E0%A5%87%E0%A4%82%20%E0%A4%B8%E0%A5%87%20%E0%A4%95%E0%A5%8B%E0%A4%88%20%E0%A4%A8%E0%A4%B9%E0%A5%80%E0%A4%82','E'),
 ('73','%20%40%232%409%C2%A9','A'),
 ('73','5%232%409%C2%A9','B'),
 ('73','%40%23259%C2%A9%20','C'),
 ('74','3%2448%401','D'),
 ('74','%E0%A4%87%E0%A4%A8%E0%A4%AE%E0%A5%87%E0%A4%82%20%E0%A4%B8%E0%A5%87%20%E0%A4%95%E0%A5%8B%E0%A4%88%20%E0%A4%A8%E0%A4%B9%E0%A5%80%E0%A4%82','E'),
 ('74','3%2448%403','A'),
 ('74','1%2448%403','B'),
 ('74','1%2448%401','C'),
 ('75','Only%20III%20is%20true%20','D'),
 ('75','Only%20II%20and%20III%20are%20true','E'),
 ('75','None%20is%20true','A'),
 ('75','Only%20I%20is%20true%20','B'),
 ('75','Only%20II%20is%20true','C'),
 ('76','Only%20either%20I%20or%20II%20is%20true%20','D'),
 ('76','Only%20either%20I%20or%20II%20and%20III%20are%20true%20','E'),
 ('76','Only%20I%20is%20true','A'),
 ('76','Only%20II%20is%20true','B'),
 ('76','Only%20III%20is%20true','C'),
 ('77','Only%20II%20and%20III%20are%20true%20','D'),
 ('77','All%20I%2C%20II%20and%20III%20are%20true','E'),
 ('77','Only%20I%20is%20true%20','A'),
 ('77','Only%20I%20and%20II%20are%20true%20','B'),
 ('77','Only%20I%20and%20III%20are%20true%20','C'),
 ('78','Only%20III%20is%20true','D'),
 ('78','Only%20II%20and%20III%20are%20true','E'),
 ('78','None%20is%20true','A'),
 ('78','Only%20I%20is%20true','B'),
 ('78','Only%20II%20is%20true','C'),
 ('79','Only%20III%20is%20true%20','D'),
 ('79','Only%20I%20and%20II%20are%20true%20','E'),
 ('79','None%20is%20true','A'),
 ('79','Only%20I%20is%20true%20','B'),
 ('79','Only%20II%20is%20true%20','C'),
 ('80','%20%E0%A4%95%E0%A5%87%E0%A4%B5%E0%A4%B2%20III%20%E0%A4%B8%E0%A4%A4%E0%A5%8D%E0%A4%AF%20%E0%A4%B9%E0%A5%88%20','D'),
 ('80','%20%E0%A4%95%E0%A5%87%E0%A4%B5%E0%A4%B2%20II%20%E0%A4%94%E0%A4%B0%20III%20%E0%A4%B8%E0%A4%A4%E0%A5%8D%E0%A4%AF%20%E0%A4%B9%E0%A5%88','E'),
 ('80','%20%E0%A4%95%E0%A5%8B%E0%A4%88%20%E0%A4%B8%E0%A4%A4%E0%A5%8D%E0%A4%AF%20%E0%A4%A8%E0%A4%B9%E0%A5%80%E0%A4%82%20%E0%A4%B9%E0%A5%88%20%09','A'),
 ('80','%20%E0%A4%95%E0%A5%87%E0%A4%B5%E0%A4%B2%20I%20%E0%A4%B8%E0%A4%A4%E0%A5%8D%E0%A4%AF%20%E0%A4%B9%E0%A5%88%20','B'),
 ('80','%20%E0%A4%95%E0%A5%87%E0%A4%B5%E0%A4%B2%20II%20%E0%A4%B8%E0%A4%A4%E0%A5%8D%E0%A4%AF%20%E0%A4%B9%E0%A5%88%20','C'),
 ('81','%20%E0%A4%95%E0%A5%87%E0%A4%B5%E0%A4%B2%20%E0%A4%AF%E0%A4%BE%20%E0%A4%A4%E0%A5%8B%20I%20%E0%A4%AF%E0%A4%BE%20II%20%E0%A4%B8%E0%A4%A4%E0%A5%8D%E0%A4%AF%20%E0%A4%B9%E0%A5%88%20','D'),
 ('81','%20%E0%A4%95%E0%A5%87%E0%A4%B5%E0%A4%B2%20%E0%A4%AF%E0%A4%BE%20%E0%A4%A4%E0%A5%8B%20I%20%E0%A4%AF%E0%A4%BE%20II%20%E0%A4%AF%E0%A4%BE%20III%20%E0%A4%B8%E0%A4%A4%E0%A5%8D%E0%A4%AF%20%E0%A4%B9%E0%A5%88','E'),
 ('81','%20%E0%A4%95%E0%A5%87%E0%A4%B5%E0%A4%B2%20I%20%E0%A4%B8%E0%A4%A4%E0%A5%8D%E0%A4%AF%20%E0%A4%B9%E0%A5%88','A'),
 ('81','%20%E0%A4%95%E0%A5%87%E0%A4%B5%E0%A4%B2%20II%20%E0%A4%B8%E0%A4%A4%E0%A5%8D%E0%A4%AF%20%E0%A4%B9%E0%A5%88%20','B'),
 ('81','%20%E0%A4%95%E0%A5%87%E0%A4%B5%E0%A4%B2%20III%20%E0%A4%B8%E0%A4%A4%E0%A5%8D%E0%A4%AF%20%E0%A4%B9%E0%A5%88%20%09','C'),
 ('82','%20%E0%A4%95%E0%A5%87%E0%A4%B5%E0%A4%B2%20II%20%E0%A4%94%E0%A4%B0%20III%20%E0%A4%B8%E0%A4%A4%E0%A5%8D%E0%A4%AF%20%E0%A4%B9%E0%A5%88%20','D'),
 ('82','%20I%2C%20II%20%E0%A4%94%E0%A4%B0%20III%20%E0%A4%B8%E0%A4%AD%E0%A5%80%20%E0%A4%B8%E0%A4%A4%E0%A5%8D%E0%A4%AF%20%E0%A4%B9%E0%A5%88%E0%A4%82','E'),
 ('82','%20%E0%A4%95%E0%A5%87%E0%A4%B5%E0%A4%B2%20I%20%E0%A4%B8%E0%A4%A4%E0%A5%8D%E0%A4%AF%20%E0%A4%B9%E0%A5%88','A'),
 ('82','%20%E0%A4%95%E0%A5%87%E0%A4%B5%E0%A4%B2%20I%20%E0%A4%94%E0%A4%B0%20II%20%E0%A4%B8%E0%A4%A4%E0%A5%8D%E0%A4%AF%20%E0%A4%B9%E0%A5%88%20','B'),
 ('82','%20%E0%A4%95%E0%A5%87%E0%A4%B5%E0%A4%B2%20I%20%E0%A4%94%E0%A4%B0%20III%20%E0%A4%B8%E0%A4%A4%E0%A5%8D%E0%A4%AF%20%E0%A4%B9%E0%A5%88','C'),
 ('83','%E0%A4%95%E0%A5%87%E0%A4%B5%E0%A4%B2%20III%20%E0%A4%B8%E0%A4%A4%E0%A5%8D%E0%A4%AF%20%E0%A4%B9%E0%A5%88%20','D'),
 ('83','%20%E0%A4%95%E0%A5%87%E0%A4%B5%E0%A4%B2%20II%20%E0%A4%94%E0%A4%B0%20III%20%E0%A4%B8%E0%A4%A4%E0%A5%8D%E0%A4%AF%20%E0%A4%B9%E0%A5%88','E'),
 ('83','%20%E0%A4%95%E0%A5%8B%E0%A4%88%20%E0%A4%B8%E0%A4%A4%E0%A5%8D%E0%A4%AF%20%E0%A4%A8%E0%A4%B9%E0%A5%80%E0%A4%82%20%E0%A4%B9%E0%A5%88%20%09','A'),
 ('83','%E0%A4%95%E0%A5%87%E0%A4%B5%E0%A4%B2%20I%20%E0%A4%B8%E0%A4%A4%E0%A5%8D%E0%A4%AF%20%E0%A4%B9%E0%A5%88','B'),
 ('83','%20%E0%A4%95%E0%A5%87%E0%A4%B5%E0%A4%B2%20II%20%E0%A4%B8%E0%A4%A4%E0%A5%8D%E0%A4%AF%20%E0%A4%B9%E0%A5%88','C'),
 ('84','%20%E0%A4%95%E0%A5%87%E0%A4%B5%E0%A4%B2%20III%20%E0%A4%B8%E0%A4%A4%E0%A5%8D%E0%A4%AF%20%E0%A4%B9%E0%A5%88','D'),
 ('84','%20%E0%A4%95%E0%A5%87%E0%A4%B5%E0%A4%B2%20I%20%E0%A4%94%E0%A4%B0%20II%20%E0%A4%B8%E0%A4%A4%E0%A5%8D%E0%A4%AF%20%E0%A4%B9%E0%A5%88','E'),
 ('84','%E0%A4%95%E0%A5%8B%E0%A4%88%20%E0%A4%B8%E0%A4%A4%E0%A5%8D%E0%A4%AF%20%E0%A4%A8%E0%A4%B9%E0%A5%80%E0%A4%82%20%E0%A4%B9%E0%A5%88%20%09','A'),
 ('84','%20%E0%A4%95%E0%A5%87%E0%A4%B5%E0%A4%B2%20I%20%E0%A4%B8%E0%A4%A4%E0%A5%8D%E0%A4%AF%20%E0%A4%B9%E0%A5%88','B'),
 ('84','%E0%A4%95%E0%A5%87%E0%A4%B5%E0%A4%B2%20II%20%E0%A4%B8%E0%A4%A4%E0%A5%8D%E0%A4%AF%20%E0%A4%B9%E0%A5%88','C'),
 ('85','Cannot%20be%20determined%20','D'),
 ('85','None%20of%20these','E'),
 ('85','%20Voice%2015%20win%2075%2039%20store%20gap%2026','A'),
 ('85','%20Voice%20win%2075%2015%2039%20store%20gap%2026','B'),
 ('85','%2015%2075%20win%20voice%20store%20gap%2026','C'),
 ('86','Seven','D'),
 ('86','None%20of%20these','E'),
 ('86','Four%20','A'),
 ('86','%20%20Five%20','B'),
 ('86','Six%20','C'),
 ('87','Three','D'),
 ('87','None%20of%20these','E'),
 ('87','Four%20','A'),
 ('87','%20Five%20','B'),
 ('87','Six','C'),
 ('88','VI','D'),
 ('88','None%20of%20these','E'),
 ('88','VIII','A'),
 ('88','%C2%A0IX','B'),
 ('88','%C2%A0VII','C'),
 ('89','There%20will%20be%20no%20such%20step','D'),
 ('89','None%20of%20these','E'),
 ('89','%20Water%2085%20now%2067%20full%20glass%2015%2037','A'),
 ('89','%20Water%2085%20now%2067%20glass%20full%2015%2037','B'),
 ('89','Water%2085%20now%2067%20glass%2037%20full%2015','C'),
 ('90','%E0%A4%A8%E0%A4%BF%E0%A4%B0%E0%A5%8D%E0%A4%A7%E0%A4%BE%E0%A4%B0%E0%A4%BF%E0%A4%A4%20%E0%A4%A8%E0%A4%B9%E0%A5%80%E0%A4%82%20%E0%A4%95%E0%A4%BF%E0%A4%AF%E0%A4%BE%20%E0%A4%9C%E0%A4%BE%20%E0%A4%B8%E0%A4%95%E0%A4%A4%E0%A4%BE','D'),
 ('90','%E0%A4%87%E0%A4%A8%E0%A4%AE%E0%A5%87%E0%A4%82%20%E0%A4%B8%E0%A5%87%20%E0%A4%95%E0%A5%8B%E0%A4%88%20%E0%A4%A8%E0%A4%B9%E0%A5%80%E0%A4%82','E'),
 ('90','voice%2015%20win%2075%2039%20store%20gap%2026','A'),
 ('90','voice%20win%2075%2015%2039%20store%20gap%2026','B'),
 ('90','15%2075%20win%20voice%20store%20gap%2026%20%20','C'),
 ('91','%20%E0%A4%B8%E0%A4%BE%E0%A4%A4%20','D'),
 ('91','%E0%A4%87%E0%A4%A8%E0%A4%AE%E0%A5%87%E0%A4%82%20%E0%A4%B8%E0%A5%87%20%E0%A4%95%E0%A5%8B%E0%A4%88%20%E0%A4%A8%E0%A4%B9%E0%A5%80%E0%A4%82%20%E0%A4%B9%E0%A5%88%E0%A4%83','E'),
 ('91','%20%E0%A4%9A%E0%A4%BE%E0%A4%B0','A'),
 ('91','%E0%A4%AA%E0%A4%BE%E0%A4%81%E0%A4%9A%20','B'),
 ('91','%E0%A4%9B%E0%A4%B9%20','C'),
 ('92','%E0%A4%A4%E0%A5%80%E0%A4%A8%20','D'),
 ('92','%E0%A4%87%E0%A4%A8%E0%A4%AE%E0%A5%87%E0%A4%82%20%E0%A4%B8%E0%A5%87%20%E0%A4%95%E0%A5%8B%E0%A4%88%20%E0%A4%A8%E0%A4%B9%E0%A5%80%E0%A4%82%20%E0%A4%B9%E0%A5%88','E'),
 ('92','%E0%A4%9A%E0%A4%BE%E0%A4%B0%20','A'),
 ('92','%E0%A4%AA%E0%A4%BE%E0%A4%81%E0%A4%9A%20','B'),
 ('92','%E0%A4%9B%E0%A4%B9%20','C'),
 ('93','%20VI','D'),
 ('93','%E0%A4%87%E0%A4%A8%E0%A4%AE%E0%A5%87%E0%A4%82%20%E0%A4%B8%E0%A5%87%20%E0%A4%95%E0%A5%8B%E0%A4%88%20%E0%A4%A8%E0%A4%B9%E0%A5%80%E0%A4%82%20','E'),
 ('93','VIII%20','A'),
 ('93','%20%20IX%20','B'),
 ('93','VII','C'),
 ('94','%E0%A4%90%E0%A4%B8%E0%A4%BE%20%E0%A4%95%E0%A5%8B%E0%A4%88%20%E0%A4%9A%E0%A4%B0%E0%A4%A3%20%E0%A4%A8%E0%A4%B9%E0%A5%80%E0%A4%82%20%E0%A4%B9%E0%A5%8B%E0%A4%97%E0%A4%BE%20','D'),
 ('94','None%20of%20these','E'),
 ('94','water%2085%20now%2067%20full%20glass%2015%2037%20','A'),
 ('94','water%2085%20now%2067%20glass%20full%2015%2037%20','B'),
 ('94','water%2085%20now%2067%20glass%2037%20full%2015','C'),
 ('95','Date%20inadequate%20','D'),
 ('95','None%20of%20these','E'),
 ('95','H','A'),
 ('95','F','B'),
 ('95','D','C'),
 ('96','%20ABE%20','D'),
 ('96','None%20of%20these','E'),
 ('96','%20GCD%20','A'),
 ('96','FGH%20','B'),
 ('96','EFH%20','C'),
 ('97','data%20inadequate%20','D'),
 ('97','None%20of%20these','E'),
 ('97','G','A'),
 ('97','D','B'),
 ('97','C','C'),
 ('98','data%20inadequate%20','D'),
 ('98','None%20of%20these','E'),
 ('98','B','A'),
 ('98','F','B'),
 ('98','C','C'),
 ('99','Third%20to%20the%20right%20','D'),
 ('99','%20Fourth%20to%20the%20left','E'),
 ('99','%20Fifth%20to%20the%20right%20','A'),
 ('99','%20Third%20to%20the%20left%20','B'),
 ('99','Fifth%20to%20the%20left%20','C'),
 ('100','%E0%A4%A1%E0%A4%BE%E0%A4%9F%E0%A4%BE%20%E0%A4%85%E0%A4%AA%E0%A4%B0%E0%A5%8D%E0%A4%AF%E0%A4%BE%E0%A4%AA%E0%A5%8D%E0%A4%A4%20','D'),
 ('100','%E0%A4%87%E0%A4%A8%E0%A4%AE%E0%A5%87%E0%A4%82%20%E0%A4%B8%E0%A5%87%20%E0%A4%95%E0%A5%8B%E0%A4%88%20%E0%A4%A8%E0%A4%B9%E0%A5%80%E0%A4%82%20%E0%A4%B9%E0%A5%88','E'),
 ('100','H','A'),
 ('100','F','B'),
 ('100','D','C'),
 ('101','%20ABE%20','D'),
 ('101','%20%E0%A4%87%E0%A4%A8%E0%A4%AE%E0%A5%87%E0%A4%82%20%E0%A4%B8%E0%A5%87%20%E0%A4%95%E0%A5%8B%E0%A4%88%20%E0%A4%A8%E0%A4%B9%E0%A5%80%E0%A4%82%20%E0%A4%B9%E0%A5%88%E0%A4%83','E'),
 ('101','GCD%20%20','A'),
 ('101','FGH%20','B'),
 ('101','EFH%20','C'),
 ('102','%20%E0%A4%A1%E0%A4%BE%E0%A4%9F%E0%A4%BE%20%E0%A4%85%E0%A4%AA%E0%A4%B0%E0%A5%8D%E0%A4%AF%E0%A4%BE%E0%A4%AA%E0%A5%8D%E0%A4%A4%20','D'),
 ('102','%E0%A4%87%E0%A4%A8%E0%A4%AE%E0%A5%87%E0%A4%82%20%E0%A4%B8%E0%A5%87%20%E0%A4%95%E0%A5%8B%E0%A4%88%20%E0%A4%A8%E0%A4%B9%E0%A5%80%E0%A4%82%20%E0%A4%B9%E0%A5%88%E0%A4%83','E'),
 ('102','G','A'),
 ('102','D','B'),
 ('102','C','C'),
 ('103','%20%E0%A4%A1%E0%A4%BE%E0%A4%9F%E0%A4%BE%20%E0%A4%85%E0%A4%AA%E0%A4%B0%E0%A5%8D%E0%A4%AF%E0%A4%BE%E0%A4%AA%E0%A5%8D%E0%A4%A4%20','D'),
 ('103','%E0%A4%87%E0%A4%A8%E0%A4%AE%E0%A5%87%E0%A4%82%20%E0%A4%B8%E0%A5%87%20%E0%A4%95%E0%A5%8B%E0%A4%88%20%E0%A4%A8%E0%A4%B9%E0%A5%80%E0%A4%82%20%E0%A4%B9%E0%A5%88%E0%A4%83','E'),
 ('103','B','A'),
 ('103','E','B'),
 ('103','F','C'),
 ('104','%E0%A4%A6%E0%A4%BE%E0%A4%8F%E0%A4%81%20%E0%A4%95%E0%A5%8B%20%E0%A4%A4%E0%A5%80%E0%A4%B8%E0%A4%B0%E0%A4%BE%20%20','D'),
 ('104','%20%E0%A4%AC%E0%A4%BE%E0%A4%8F%E0%A4%81%20%E0%A4%95%E0%A5%8B%20%E0%A4%9A%E0%A5%8C%E0%A4%A5%E0%A4%BE%20','E'),
 ('104','%20%E0%A4%A6%E0%A4%BE%E0%A4%8F%E0%A4%81%20%E0%A4%95%E0%A5%8B%20%E0%A4%AA%E0%A4%BE%E0%A4%81%E0%A4%9A%E0%A4%B5%E0%A4%BE%E0%A4%82%20%20','A'),
 ('104','%E0%A4%AC%E0%A4%BE%E0%A4%8F%E0%A4%81%20%E0%A4%95%E0%A5%8B%20%E0%A4%A4%E0%A5%80%E0%A4%B8%E0%A4%B0%E0%A4%BE%20','B'),
 ('104','%20%E0%A4%AC%E0%A4%BE%E0%A4%8F%E0%A4%81%20%E0%A4%95%E0%A5%8B%20%E0%A4%AA%E0%A4%BE%E0%A4%81%E0%A4%9A%E0%A4%B5%E0%A4%BE%E0%A4%82%20%20','C'),
 ('105','26.25','D'),
 ('105','11.25','E'),
 ('105','240','A'),
 ('105','120','B'),
 ('105','57','C'),
 ('106','176','D'),
 ('106','891','E'),
 ('106','5','A'),
 ('106','13','B'),
 ('106','43','C'),
 ('107','90','D'),
 ('107','154','E'),
 ('107','7','A'),
 ('107','16','B'),
 ('107','41','C'),
 ('108','244','D'),
 ('108','1245','E'),
 ('108','7','A'),
 ('108','16','B'),
 ('108','57','C'),
 ('109','15.5','D'),
 ('109','41.25','E'),
 ('109','2.5','A'),
 ('109','3.5','B'),
 ('109','6.5','C'),
 ('110','26.5','D'),
 ('110','11.25','E'),
 ('110','240','A'),
 ('110','120','B'),
 ('110','57','C'),
 ('111','176','D'),
 ('111','891','E'),
 ('111','5','A'),
 ('111','13','B'),
 ('111','43','C'),
 ('112','90','D'),
 ('112','154','E'),
 ('112','7','A'),
 ('112','16','B'),
 ('112','41','C'),
 ('113','244','D'),
 ('113','1245','E'),
 ('113','7','A'),
 ('113','16','B'),
 ('113','57','C'),
 ('114','15.5','D'),
 ('114','41.25','E'),
 ('114','2.5','A'),
 ('114','3.5','B'),
 ('114','6.5','C'),
 ('115','4','D'),
 ('115','5','E'),
 ('115','1','A'),
 ('115','2','B'),
 ('115','3','C'),
 ('116','4','D'),
 ('116','5','E'),
 ('116','1','A'),
 ('116','2','B'),
 ('116','3','C'),
 ('117','4','D'),
 ('117','5','E'),
 ('117','1','A'),
 ('117','2','B'),
 ('117','3','C'),
 ('118','4','D'),
 ('118','5','E'),
 ('118','1','A'),
 ('118','2','B'),
 ('118','3','C'),
 ('119','4','D'),
 ('119','5','E'),
 ('119','1','A'),
 ('119','2','B'),
 ('119','3','C'),
 ('120','4','D'),
 ('120','5','E'),
 ('120','1','A'),
 ('120','2','B'),
 ('120','3','C'),
 ('121','4','D'),
 ('121','5','E'),
 ('121','1','A'),
 ('121','2','B'),
 ('121','3','C'),
 ('122','4','D'),
 ('122','5','E'),
 ('122','1','A'),
 ('122','2','B'),
 ('122','3','C'),
 ('123','4','D'),
 ('123','5','E'),
 ('123','1','A'),
 ('123','2','B'),
 ('123','3','C'),
 ('124','4','D'),
 ('124','5','E'),
 ('124','1','A'),
 ('124','2','B'),
 ('124','3','C'),
 ('125','Cannot%20be%20determined%20%20','D'),
 ('125','None%20of%20these','E'),
 ('125','%204%20%3A%207%20','A'),
 ('125','3%20%3A%202%20','B'),
 ('125','2%20%3A%205%20','C'),
 ('126','Cannot%20be%20determined%20%20','D'),
 ('126','None%20of%20these','E'),
 ('126','80','A'),
 ('126','90','B'),
 ('126','150','C'),
 ('127','30','D'),
 ('127','None%20of%20these','E'),
 ('127','45','A'),
 ('127','60','B'),
 ('127','75','C'),
 ('128','Cannot%20be%20determined','D'),
 ('128','None%20of%20these','E'),
 ('128','60','A'),
 ('128','120','B'),
 ('128','40','C'),
 ('129','Cannot%20be%20determined%20%20','D'),
 ('129','None%20of%20these','E'),
 ('129','4','A'),
 ('129','8','B'),
 ('129','5','C'),
 ('130','80','D'),
 ('130','None%20of%20these','E'),
 ('130','60','A'),
 ('130','120','B'),
 ('130','240','C'),
 ('131','%20Rs.%2060','D'),
 ('131','Rs.%2056%20%20%20%20','E'),
 ('131','Rs.%2054%20','A'),
 ('131','Rs.%2052%20','B'),
 ('131','Rs.%2050%20','C'),
 ('132','1%2F4','D'),
 ('132','2%2F11','E'),
 ('132','5%2F6','A'),
 ('132','2%2F3','B'),
 ('132','2%2F5','C'),
 ('133','Cannot%20be%20determined','D'),
 ('133','None%20of%20these','E'),
 ('133','3%20%3A%204','A'),
 ('133','5%20%3A%204','B'),
 ('133','4%20%3A%203','C'),
 ('134','Cannot%20be%20determined%20','D'),
 ('134','None%20of%20these','E'),
 ('134','8000','A'),
 ('134','12000','B'),
 ('134','16000','C'),
 ('135','%20%E0%A4%A8%E0%A4%BF%E0%A4%B0%E0%A5%8D%E0%A4%A7%E0%A4%BE%E0%A4%B0%E0%A4%BF%E0%A4%A4%20%E0%A4%A8%E0%A4%B9%E0%A5%80%E0%A4%82%20%E0%A4%95%E0%A4%BF%E0%A4%AF%E0%A4%BE%20%E0%A4%9C%E0%A4%BE%20%E0%A4%B8%E0%A4%95%E0%A4%A4%E0%A4%BE%20','D'),
 ('135','%20%E0%A4%87%E0%A4%A8%E0%A4%AE%E0%A5%87%E0%A4%82%20%E0%A4%B8%E0%A5%87%20%E0%A4%95%E0%A5%8B%E0%A4%88%20%E0%A4%A8%E0%A4%B9%E0%A5%80%E0%A4%82','E'),
 ('135','4%3A%207%20','A'),
 ('135','3%3A%202%20','B'),
 ('135','2%3A%205%20','C'),
 ('136','%20%E0%A4%A8%E0%A4%BF%E0%A4%B0%E0%A5%8D%E0%A4%A7%E0%A4%BE%E0%A4%B0%E0%A4%BF%E0%A4%A4%20%E0%A4%A8%E0%A4%B9%E0%A5%80%E0%A4%82%20%E0%A4%95%E0%A4%BF%E0%A4%AF%E0%A4%BE%20%E0%A4%9C%E0%A4%BE%20%E0%A4%B8%E0%A4%95%E0%A4%A4%E0%A4%BE%20','D'),
 ('136','%E0%A4%87%E0%A4%A8%E0%A4%AE%E0%A5%87%E0%A4%82%20%E0%A4%B8%E0%A5%87%20%E0%A4%95%E0%A5%8B%E0%A4%88%20%E0%A4%A8%E0%A4%B9%E0%A5%80%E0%A4%82','E'),
 ('136','80','A'),
 ('136','90','B'),
 ('136','150','C'),
 ('137','30','D'),
 ('137','%E0%A4%87%E0%A4%A8%E0%A4%AE%E0%A5%87%E0%A4%82%20%E0%A4%B8%E0%A5%87%20%E0%A4%95%E0%A5%8B%E0%A4%88%20%E0%A4%A8%E0%A4%B9%E0%A5%80%E0%A4%82','E'),
 ('137','45','A'),
 ('137','60','B'),
 ('137','75','C'),
 ('138','%E0%A4%A8%E0%A4%BF%E0%A4%B0%E0%A5%8D%E0%A4%A7%E0%A4%BE%E0%A4%B0%E0%A4%BF%E0%A4%A4%20%E0%A4%A8%E0%A4%B9%E0%A5%80%E0%A4%82%20%E0%A4%95%E0%A4%BF%E0%A4%AF%E0%A4%BE%20%E0%A4%9C%E0%A4%BE%20%E0%A4%B8%E0%A4%95%E0%A4%A4%E0%A4%BE','D'),
 ('138','%E0%A4%87%E0%A4%A8%E0%A4%AE%E0%A5%87%E0%A4%82%20%E0%A4%B8%E0%A5%87%20%E0%A4%95%E0%A5%8B%E0%A4%88%20%E0%A4%A8%E0%A4%B9%E0%A5%80%E0%A4%82','E'),
 ('138','60','A'),
 ('138','120','B'),
 ('138','40','C'),
 ('139','%E0%A4%A8%E0%A4%BF%E0%A4%B0%E0%A5%8D%E0%A4%A7%E0%A4%BE%E0%A4%B0%E0%A4%BF%E0%A4%A4%20%E0%A4%A8%E0%A4%B9%E0%A5%80%E0%A4%82%20%E0%A4%95%E0%A4%BF%E0%A4%AF%E0%A4%BE%20%E0%A4%9C%E0%A4%BE%20%E0%A4%B8%E0%A4%95%E0%A4%A4%E0%A4%BE','D'),
 ('139','%E0%A4%87%E0%A4%A8%E0%A4%AE%E0%A5%87%E0%A4%82%20%E0%A4%B8%E0%A5%87%20%E0%A4%95%E0%A5%8B%E0%A4%88%20%E0%A4%A8%E0%A4%B9%E0%A5%80%E0%A4%82','E'),
 ('139','4','A'),
 ('139','8','B'),
 ('139','5','C'),
 ('140','80','D'),
 ('140','%E0%A4%87%E0%A4%A8%E0%A4%AE%E0%A5%87%E0%A4%82%20%E0%A4%B8%E0%A5%87%20%E0%A4%95%E0%A5%8B%E0%A4%88%20%E0%A4%A8%E0%A4%B9%E0%A5%80%E0%A4%82','E'),
 ('140','60','A'),
 ('140','120','B'),
 ('140','240','C'),
 ('141','60%20%E0%A4%B0%E0%A5%82%E0%A4%AA%E0%A4%8F%20','D'),
 ('141','56%20%E0%A4%B0%E0%A5%82%E0%A4%AA%E0%A4%8F%20%20','E'),
 ('141','%2054%20%E0%A4%B0%E0%A5%82%E0%A4%AA%E0%A4%8F%20','A'),
 ('141','52%20%E0%A4%B0%E0%A5%82%E0%A4%AA%E0%A4%8F%20','B'),
 ('141','50%20%E0%A4%B0%E0%A5%82%E0%A4%AA%E0%A4%8F%20','C'),
 ('142','1%2F6','D'),
 ('142','2%2F11%20','E'),
 ('142','5%2F6','A'),
 ('142','2%2F3','B'),
 ('142','2%2F5','C'),
 ('143','%20%E0%A4%A8%E0%A4%BF%E0%A4%B0%E0%A5%8D%E0%A4%A7%E0%A4%BE%E0%A4%B0%E0%A4%BF%E0%A4%A4%20%E0%A4%A8%E0%A4%B9%E0%A5%80%E0%A4%82%20%E0%A4%95%E0%A4%BF%E0%A4%AF%E0%A4%BE%20%E0%A4%9C%E0%A4%BE%20%E0%A4%B8%E0%A4%95%E0%A4%A4%E0%A4%BE%20','D'),
 ('143','%20%E0%A4%87%E0%A4%A8%E0%A4%AE%E0%A5%87%E0%A4%82%20%E0%A4%B8%E0%A5%87%20%E0%A4%95%E0%A5%8B%E0%A4%88%20%E0%A4%A8%E0%A4%B9%E0%A5%80%E0%A4%82%20','E'),
 ('143','3%3A%204%20','A'),
 ('143','5%3A%204%20','B'),
 ('143','4%3A%203%20','C'),
 ('144','%E0%A4%A8%E0%A4%BF%E0%A4%B0%E0%A5%8D%E0%A4%A7%E0%A4%BE%E0%A4%B0%E0%A4%BF%E0%A4%A4%20%E0%A4%A8%E0%A4%B9%E0%A5%80%20%E0%A4%95%E0%A4%BF%E0%A4%AF%E0%A4%BE%20%E0%A4%9C%E0%A4%BE%20%E0%A4%B8%E0%A4%95%E0%A4%A4%E0%A4%BE','D'),
 ('144','%20%E0%A4%87%E0%A4%A8%E0%A4%AE%E0%A5%87%E0%A4%82%20%E0%A4%B8%E0%A5%87%20%E0%A4%95%E0%A5%8B%E0%A4%88%20%E0%A4%A8%E0%A4%B9%E0%A5%80%E0%A4%82','E'),
 ('144','%208%2C000%20%E0%A4%B0%E0%A5%82%E0%A4%AA%E0%A4%8F%20','A'),
 ('144','12%2C000%20%E0%A4%B0%E0%A5%82%E0%A4%AA%E0%A4%8F%20','B'),
 ('144','16%2C000%20%E0%A4%B0%E0%A5%82%E0%A4%AA%E0%A4%8F%20','C'),
 ('1','Cannot%20be%20determined%20','D'),
 ('1','%20None%20of%20these','E'),
 ('1','Voice%2015%20win%2075%2039%20store%20gap%2026%20JHHNN','A'),
 ('1','Voice%20win%2075%2015%2039%20store%20gap%2026%20NNNOOO','B'),
 ('1','15%2075%20win%20voice%20store%20gap%2026','C'),
 ('2','VI ','D'),
 ('2','None of these','E'),
 ('2','VIII  OK OK P','A'),
 ('2','IX ','B'),
 ('2','VII ','C'),
 ('3','à¤à¤¸à¤¾ à¤•à¥‹à¤ˆ à¤šà¤°à¤£ à¤¨à¤¹à¥€à¤‚ à¤¹à¥‹à¤—à¤¾','D'),
 ('3','à¤‡à¤¨à¤®à¥‡à¤‚ à¤¸à¥‡ à¤•à¥‹à¤ˆ à¤¨à¤¹à¥€à¤‚ ','E'),
 ('3','water 85 now 67 full glass 15 37 ','A'),
 ('3','water 85 67 glass full 15 37 ','B'),
 ('3','water 85 67 glass 37 full 15 ','C'),
 ('4','Seven%20','D'),
 ('4','None%20of%20these','E'),
 ('4','Four%20','A'),
 ('4','Five%20','B'),
 ('4','Six','C'),
 ('5','Three','D'),
 ('5','None%20of%20these','E'),
 ('5','Four','A'),
 ('5','Five','B'),
 ('5','Six','C'),
 ('6','%E0%A4%A8%20%E0%A4%B8%E0%A4%BE%20%E0%A4%A8%E0%A4%BF%E0%A4%B7%E0%A5%8D%E0%A4%9A%E0%A4%BF%E0%A4%A4%20%E0%A4%B0%E0%A5%82%E0%A4%AA%20%E0%A4%B8%E0%A5%87%20%E0%A4%87%E0%A4%A8%E0%A4%AA%E0%A5%81%E0%A4%9F%20%E0%A4%B9%E0%A5%88%3F','D'),
 ('6','%E0%A4%A8%20%E0%A4%B8%E0%A4%BE%20%E0%A4%A8%E0%A4%BF%E0%A4%B7%E0%A5%8D%E0%A4%9A%E0%A4%BF%E0%A4%A4%20','E'),
 ('6','voice%2015%20win%2075%2039%20store%20gap%2026%20%20','A'),
 ('6','voice%20win%2075%2015%2039%20store%20gap%2026%20','B'),
 ('6','15%2075%20win%20voice%20gap%2026','C'),
 ('7','VI%20','D'),
 ('7','%E0%A4%87%E0%A4%A8%E0%A4%AE%E0%A5%87%E0%A4%82%20%E0%A4%B8%E0%A5%87%20%E0%A4%95%E0%A5%8B%E0%A4%88%20%E0%A4%A8%E0%A4%B9%E0%A5%80%E0%A4%82%20','E'),
 ('7','VIII%20','A'),
 ('7','IX%20','B'),
 ('7','VII%20','C'),
 ('8','%E0%A4%90%E0%A4%B8%E0%A4%BE%20%E0%A4%95%E0%A5%8B%E0%A4%88%20%E0%A4%9A%E0%A4%B0%E0%A4%A3%20%E0%A4%A8%E0%A4%B9%E0%A5%80%E0%A4%82%20%E0%A4%B9%E0%A5%8B%E0%A4%97%E0%A4%BE','D'),
 ('8','%E0%A4%87%E0%A4%A8%E0%A4%AE%E0%A5%87%E0%A4%82%20%E0%A4%B8%E0%A5%87%20%E0%A4%95%E0%A5%8B%E0%A4%88%20%E0%A4%A8%E0%A4%B9%E0%A5%80%E0%A4%82%20','E'),
 ('8','water%2085%20now%2067%20full%20glass%2015%2037%20','A'),
 ('8','water%2085%2067%20glass%20full%2015%2037%20','B'),
 ('8','water%2085%2067%20glass%2037%20full%2015%20','C'),
 ('9','%E0%A4%B8%E0%A4%BE%E0%A4%A4%20','D'),
 ('9','%E0%A4%87%E0%A4%A8%E0%A4%AE%E0%A5%87%E0%A4%82%20%E0%A4%B8%E0%A5%87%20%E0%A4%95%E0%A5%8B%E0%A4%88%20%E0%A4%A8%E0%A4%B9%E0%A5%80%E0%A4%82%20%E0%A4%B9%E0%A5%88%E0%A4%83','E'),
 ('9','%E0%A4%9A%E0%A4%BE%E0%A4%B0%20%20','A'),
 ('9','%E0%A4%AA%E0%A4%BE%E0%A4%81%E0%A4%9A%20','B'),
 ('9','%E0%A4%9B%E0%A4%B9%20','C'),
 ('10','%E0%A4%A4%E0%A5%80%E0%A4%A8%20','D'),
 ('10','%E0%A4%87%E0%A4%A8%E0%A4%AE%E0%A5%87%E0%A4%82%20%E0%A4%B8%E0%A5%87%20%E0%A4%95%E0%A5%8B%E0%A4%88%20%E0%A4%A8%E0%A4%B9%E0%A5%80%E0%A4%82%20%E0%A4%B9%E0%A5%88','E'),
 ('10','%E0%A4%9A%E0%A4%BE%E0%A4%B0%20%20','A'),
 ('10','%E0%A4%AA%E0%A4%BE%E0%A4%81%E0%A4%9A%20','B'),
 ('10','%E0%A4%9B%E0%A4%B9%20','C'),
 ('11','Only II, III and IV follow','D'),
 ('11','None of these Ok Done','E'),
 ('11','Only ','A'),
 ('11','Only I and III follow','B'),
 ('11','Only I, II and III follow ','C'),
 ('12','Only%20II%2C%20III%20and%20IV%20follow','D'),
 ('12','None%20of%20these','E'),
 ('12','Only%20I%20and%20III%20follow','A'),
 ('12','Only%20I%2C%20II%20and%20III%20follow','B'),
 ('12','Only%20III%20and%20IV%20follow','C'),
 ('13','Only%20II%2C%20III%20and%20IV%20follow%20','D'),
 ('13','None%20of%20these','E'),
 ('13','Only%20I%20and%20III%20follow','A'),
 ('13','Only%20II%20and%20III%20follow%20','B'),
 ('13','Only%20I%20and%20IV%20follow%20','C'),
 ('14','Only%20either%20I%20or%20III%20follows%20','D'),
 ('14','Only%20either%20I%20or%20III%20and%20II%20follows','E'),
 ('14','Only%20I%20follows%20','A'),
 ('14','%20Only%20II%20follows%20','B'),
 ('14','Only%20III%20follows%20','C'),
 ('15','Only%20III%20follows','D'),
 ('15','Only%20IV%20follows','E'),
 ('15','None%20follows','A'),
 ('15','Only%20I%20follows','B'),
 ('15','Only%20II%20follows','C'),
 ('16','%E0%A4%95%E0%A5%87%E0%A4%B5%E0%A4%B2%20II%2C%20III%20%E0%A4%94%E0%A4%B0%20IV%20%E0%A4%85%E0%A4%A8%E0%A5%81%E0%A4%B8%E0%A4%B0%E0%A4%A3%20%E0%A4%95%E0%A4%B0%E0%A4%A4%E0%A5%87%20%E0%A4%B9%E0%A5%88%E0%A4%82%20','D'),
 ('16','%E0%A4%87%E0%A4%A8%E0%A4%AE%E0%A5%87%E0%A4%82%20%E0%A4%B8%E0%A5%87%20%E0%A4%95%E0%A5%8B%E0%A4%88%20%E0%A4%A8%E0%A4%B9%E0%A5%80%E0%A4%82','E'),
 ('16','%E0%A4%95%E0%A5%87%E0%A4%B5%E0%A4%B2%20I%20%E0%A4%94%E0%A4%B0%20II%20%E0%A4%85%E0%A4%A8%E0%A5%81%E0%A4%B8%E0%A4%B0%E0%A4%A3%20%E0%A4%95%E0%A4%B0%E0%A4%A4%E0%A5%87%20%E0%A4%B9%E0%A5%88%E0%A4%82%20','A'),
 ('16','%E0%A4%95%E0%A5%87%E0%A4%B5%E0%A4%B2%20I%20%E0%A4%94%E0%A4%B0%20III%20%E0%A4%85%E0%A4%A8%E0%A5%81%E0%A4%B8%E0%A4%B0%E0%A4%A3%20%E0%A4%95%E0%A4%B0%E0%A4%A4%E0%A5%87%20%E0%A4%B9%E0%A5%88%E0%A4%82%20','B'),
 ('16','%E0%A4%95%E0%A5%87%E0%A4%B5%E0%A4%B2%20I%2C%20II%20%E0%A4%94%E0%A4%B0%20III%20%E0%A4%85%E0%A4%A8%E0%A5%81%E0%A4%B8%E0%A4%B0%E0%A4%A3%20%E0%A4%95%E0%A4%B0%E0%A4%A4%E0%A5%87%20%E0%A4%B9%E0%A5%88%E0%A4%82%20','C'),
 ('17','%E0%A4%95%E0%A5%87%E0%A4%B5%E0%A4%B2%20II%2C%20III%20%E0%A4%94%E0%A4%B0%20IV%20%E0%A4%85%E0%A4%A8%E0%A5%81%E0%A4%B8%E0%A4%B0%E0%A4%A3%20%E0%A4%95%E0%A4%B0%E0%A4%A4%E0%A5%87%20%E0%A4%B9%E0%A5%88%E0%A4%82%20','D'),
 ('17','%E0%A4%87%E0%A4%A8%E0%A4%AE%E0%A5%87%E0%A4%82%20%E0%A4%B8%E0%A5%87%20%E0%A4%95%E0%A5%8B%E0%A4%88%20%E0%A4%A8%E0%A4%B9%E0%A5%80%E0%A4%82','E'),
 ('17','%E0%A4%95%E0%A5%87%E0%A4%B5%E0%A4%B2%20I%20%E0%A4%94%E0%A4%B0%20III%20%E0%A4%85%E0%A4%A8%E0%A5%81%E0%A4%B8%E0%A4%B0%E0%A4%A3%20%E0%A4%95%E0%A4%B0%E0%A4%A4%E0%A5%87%20%E0%A4%B9%E0%A5%88%E0%A4%82%20','A'),
 ('17','%E0%A4%95%E0%A5%87%E0%A4%B5%E0%A4%B2%20I%2C%20II%20%E0%A4%94%E0%A4%B0%20III%20%E0%A4%85%E0%A4%A8%E0%A5%81%E0%A4%B8%E0%A4%B0%E0%A4%A3%20%E0%A4%95%E0%A4%B0%E0%A4%A4%E0%A5%87%20%E0%A4%B9%E0%A5%88%E0%A4%82%20','B'),
 ('17','%E0%A4%95%E0%A5%87%E0%A4%B5%E0%A4%B2%20III%20%E0%A4%94%E0%A4%B0%20IV%20%E0%A4%85%E0%A4%A8%E0%A5%81%E0%A4%B8%E0%A4%B0%E0%A4%A3%20%E0%A4%95%E0%A4%B0%E0%A4%A4%E0%A5%87%20%E0%A4%B9%E0%A5%88%E0%A4%82%20','C'),
 ('18','%E0%A4%95%E0%A5%87%E0%A4%B5%E0%A4%B2%20II%2C%20III%20%E0%A4%94%E0%A4%B0%20IV%20%E0%A4%85%E0%A4%A8%E0%A5%81%E0%A4%B8%E0%A4%B0%E0%A4%A3%20%E0%A4%95%E0%A4%B0%E0%A4%A4%E0%A5%87%20%E0%A4%B9%E0%A5%88%E0%A4%82%20','D'),
 ('18','%E0%A4%87%E0%A4%A8%E0%A4%AE%E0%A5%87%E0%A4%82%20%E0%A4%B8%E0%A5%87%20%E0%A4%95%E0%A5%8B%E0%A4%88%20%E0%A4%A8%E0%A4%B9%E0%A5%80%E0%A4%82','E'),
 ('18','%E0%A4%95%E0%A5%87%E0%A4%B5%E0%A4%B2%20I%20%E0%A4%94%E0%A4%B0%20III%20%E0%A4%85%E0%A4%A8%E0%A5%81%E0%A4%B8%E0%A4%B0%E0%A4%A3%20%E0%A4%95%E0%A4%B0%E0%A4%A4%E0%A5%87%20%E0%A4%B9%E0%A5%88%E0%A4%82%20','A'),
 ('18','%E0%A4%95%E0%A5%87%E0%A4%B5%E0%A4%B2%20II%20%E0%A4%94%E0%A4%B0%20III%20%E0%A4%85%E0%A4%A8%E0%A5%81%E0%A4%B8%E0%A4%B0%E0%A4%A3%20%E0%A4%95%E0%A4%B0%E0%A4%A4%E0%A5%87%20%E0%A4%B9%E0%A5%88%E0%A4%82%20','B'),
 ('18','%E0%A4%95%E0%A5%87%E0%A4%B5%E0%A4%B2%20I%20%E0%A4%94%E0%A4%B0%20IV%20%E0%A4%85%E0%A4%A8%E0%A5%81%E0%A4%B8%E0%A4%B0%E0%A4%A3%20%E0%A4%95%E0%A4%B0%E0%A4%A4%E0%A5%87%20%E0%A4%B9%E0%A5%88%E0%A4%82%20','C'),
 ('19','%E0%A4%95%E0%A5%87%E0%A4%B5%E0%A4%B2%20%E0%A4%AF%E0%A4%BE%20%E0%A4%A4%E0%A5%8B%20I%20%E0%A4%AF%E0%A4%BE%20III%20%E0%A4%85%E0%A4%A8%E0%A5%81%E0%A4%B8%E0%A4%B0%E0%A4%A3%20%E0%A4%95%E0%A4%B0%E0%A4%A4%E0%A4%BE%20%E0%A4%B9%E0%A5%88%E0%A4%82%20','D'),
 ('19','%E0%A4%95%E0%A5%87%E0%A4%B5%E0%A4%B2%20%E0%A4%AF%E0%A4%BE%20%E0%A4%A4%E0%A5%8B%20I%20%E0%A4%AF%E0%A4%BE%20III%20%E0%A4%B5%20II%20%E0%A4%85%E0%A4%A8%E0%A5%81%E0%A4%B8%E0%A4%B0%E0%A4%A3%20%E0%A4%95%E0%A4%B0%E0%A4%A4%E0%A5%87%20%E0%A4%B9%E0%A5%88%E0%A4%82','E'),
 ('19','%E0%A4%95%E0%A5%87%E0%A4%B5%E0%A4%B2%20I%20%E0%A4%85%E0%A4%A8%E0%A5%81%E0%A4%B8%E0%A4%B0%E0%A4%A3%20%E0%A4%95%E0%A4%B0%E0%A4%A4%E0%A4%BE%20%E0%A4%B9%E0%A5%88%E0%A4%82%20','A'),
 ('19','%E0%A4%95%E0%A5%87%E0%A4%B5%E0%A4%B2%20II%20%E0%A4%85%E0%A4%A8%E0%A5%81%E0%A4%B8%E0%A4%B0%E0%A4%A3%20%E0%A4%95%E0%A4%B0%E0%A4%A4%E0%A4%BE%20%E0%A4%B9%E0%A5%88%E0%A4%82%20','B'),
 ('19','%E0%A4%95%E0%A5%87%E0%A4%B5%E0%A4%B2%20III%20%E0%A4%85%E0%A4%A8%E0%A5%81%E0%A4%B8%E0%A4%B0%E0%A4%A3%20%E0%A4%95%E0%A4%B0%E0%A4%A4%E0%A4%BE%20%E0%A4%B9%E0%A5%88%E0%A4%82%20','C'),
 ('20','%E0%A4%95%E0%A5%87%E0%A4%B5%E0%A4%B2%20III%20%E0%A4%85%E0%A4%A8%E0%A5%81%E0%A4%B8%E0%A4%B0%E0%A4%A3%20%E0%A4%95%E0%A4%B0%E0%A4%A4%E0%A4%BE%20%E0%A4%B9%E0%A5%88%E0%A4%82%20','D'),
 ('20','%E0%A4%95%E0%A5%87%E0%A4%B5%E0%A4%B2%20IV%20%E0%A4%85%E0%A4%A8%E0%A5%81%E0%A4%B8%E0%A4%B0%E0%A4%A3%20%E0%A4%95%E0%A4%B0%E0%A4%A4%E0%A4%BE%20%E0%A4%B9%E0%A5%88%E0%A4%82','E'),
 ('20','%E0%A4%95%E0%A5%8B%E0%A4%88%20%E0%A4%85%E0%A4%A8%E0%A5%81%E0%A4%B8%E0%A4%BE%E0%A4%B0%E0%A4%A3%20%E0%A4%A8%E0%A4%B9%E0%A5%80%E0%A4%82%20%E0%A4%95%E0%A4%B0%E0%A4%A4%E0%A4%BE%20%E0%A4%B9%E0%A5%88%20','A'),
 ('20','%E0%A4%95%E0%A5%87%E0%A4%B5%E0%A4%B2%20I%20%E0%A4%85%E0%A4%A8%E0%A5%81%E0%A4%B8%E0%A4%B0%E0%A4%A3%20%E0%A4%95%E0%A4%B0%E0%A4%A4%E0%A4%BE%20%E0%A4%B9%E0%A5%88%E0%A4%82%20','B'),
 ('20','%E0%A4%95%E0%A5%87%E0%A4%B5%E0%A4%B2%20II%20%E0%A4%85%E0%A4%A8%E0%A5%81%E0%A4%B8%E0%A4%B0%E0%A4%A3%20%E0%A4%95%E0%A4%B0%E0%A4%A4%E0%A4%BE%20%E0%A4%B9%E0%A5%88%E0%A4%82%20','C'),
 ('21','117%20%3A%20103%20','D'),
 ('21','None%20of%20these','E'),
 ('21','119%20%3A%20104%20','A'),
 ('21','102%20%3A%20115%20','B'),
 ('21','104%20%3A%20115%20','C'),
 ('22','115','D'),
 ('22','None%20of%20these','E'),
 ('22','76.33','A'),
 ('22','124','B'),
 ('22','83.33%20','C'),
 ('23','14%2C800%20%E0%A4%B0%E0%A5%81%E0%A4%AA%E0%A4%8F%20','D'),
 ('23','%E0%A4%87%E0%A4%A8%E0%A4%AE%E0%A5%87%E0%A4%82%20%E0%A4%B8%E0%A5%87%20%E0%A4%95%E0%A5%8B%E0%A4%88%20%E0%A4%A8%E0%A4%B9%E0%A5%80%E0%A4%82%20','E'),
 ('23','119%3A%20104%20%20','A'),
 ('23','15%2C700%20%E0%A4%B0%E0%A5%81%E0%A4%AA%E0%A4%8F%20','B'),
 ('23','15%2C200%20%E0%A4%B0%E0%A5%81%E0%A4%AA%E0%A4%8F%20','C'),
 ('24','115%20','D'),
 ('24','%E0%A4%87%E0%A4%A8%E0%A4%AE%E0%A5%87%E0%A4%82%20%E0%A4%B8%E0%A5%87%20%E0%A4%95%E0%A5%8B%E0%A4%88%20%E0%A4%A8%E0%A4%B9%E0%A5%80%E0%A4%82%20','E'),
 ('24','76.33%20','A'),
 ('24','124','B'),
 ('24','83.33%20','C'),
 ('25','kjkj','D'),
 ('25','kj','E'),
 ('25','kj','A'),
 ('25','jk','B'),
 ('25','kj','C'),
 ('26','lk','D'),
 ('26','kl','E'),
 ('26','lkkllk','A'),
 ('26','k','B'),
 ('26','lklk','C'),
 ('27','Encouragement%20','D'),
 ('27','None%20of%20these','E'),
 ('27','Shock','A'),
 ('27','Fear','B'),
 ('27','Anxiety%20','C'),
 ('28','The%20public%20is%20ready%20to%20invest%20in%20these%20banks%20because%20of%20the%20knowledge%20that%20these%20banks%20get%20strong%20support%20from%20the%20Government%20','D'),
 ('28','%20None%20of%20these','E'),
 ('28','Indian%20national%20banks%20do%20not%20have%20any%20commitments%20in%20troubled%20foreign%20markets%2C%20','A'),
 ('28','These%20banks%20can%20never%20face%20financial%20crisis%20because%20of%20their%20sheer%20size%20','B'),
 ('28','These%20banks%20are%20ready%20to%20give%20loans%20at%20a%20very%20low%20rate%20of%20interest%20','C'),
 ('29','Anxiety%20','D'),
 ('29','None%20of%20these','E'),
 ('29','Shock%20','A'),
 ('29','Fear%20','B'),
 ('29','%20Encouragement%20','C'),
 ('30','The%20public%20is%20ready%20to%20invest%20in%20these%20banks%20because%20of%20the%20knowledge%20that%20these%20banks%20get%20strong%20support%20from%20the%20Government%20','D'),
 ('30','None%20of%20these','E'),
 ('30','Indian%20national%20banks%20do%20not%20have%20any%20commitments%20in%20troubled%20foreign%20markets%2C%20','A'),
 ('30','These%20banks%20can%20never%20face%20financial%20crisis%20because%20of%20their%20sheer%20size%20','B'),
 ('30','These%20banks%20are%20ready%20to%20give%20loans%20at%20a%20very%20low%20rate%20of%20interest%20','C'),
 ('31','Anxiety','D'),
 ('31','None%20of%20these','E'),
 ('31','Shock','A'),
 ('31','Fear','B'),
 ('31','Encouragement%20','C'),
 ('32','Recession%20is%20bringing%20down%20the%20prices%20of%20essential%20commodities%20','D'),
 ('32','None%20of%20these','E'),
 ('32','Worldwide%2C%20companies%20have%20realized%20that%20India%20is%20a%20strong%20power%20to%20reckon%20with%20','A'),
 ('32','India%20is%20surging%20ahead%20of%20the%20other%20companies%20throughout%20the%20world%20%20','B'),
 ('32','After%20the%20recession%20is%20over%20international%20companies%20will%20turn%20to%20India%20for%20investment%20%20','C'),
 ('33','Only%20(A)%20and%20(B)%20','D'),
 ('33','Only%20(B)%20and%20(C)%20','E'),
 ('33','Only%20(A)','A'),
 ('33','Only%20(B)','B'),
 ('33','%20Only%20(C)%20','C'),
 ('34','The%20public%20is%20ready%20to%20invest%20in%20these%20banks%20because%20of%20the%20knowledge%20that%20these%20banks%20get%20strong%20support%20from%20the%20Government%20','D'),
 ('34','%20None%20of%20these','E'),
 ('34','Indian%20national%20banks%20do%20not%20have%20any%20commitments%20in%20troubled%20foreign%20markets%2C%20','A'),
 ('34','These%20banks%20can%20never%20face%20financial%20crisis%20because%20of%20their%20sheer%20size%20','B'),
 ('34','These%20banks%20are%20ready%20to%20give%20loans%20at%20a%20very%20low%20rate%20of%20interest%20','C'),
 ('35','The%20cost%20cutting%20carried%20out%20by%20all%20the%20companies','D'),
 ('35','None%20of%20these','E'),
 ('35','The%20economy%20coming%20back%20on%20the%20fast%20track%20','A'),
 ('35','The%20slowing%20down%20of%20the%20economy%20','B'),
 ('35','Increased%20hiring%20in%20Indian%20financial%20sector%20in%20times%20of%20economic%20slowdown%20','C'),
 ('36','Anxiety','D'),
 ('36','None%20of%20these','E'),
 ('36','Shock','A'),
 ('36','Fear','B'),
 ('36','Encouragement%20','C'),
 ('37','Recession%20is%20bringing%20down%20the%20prices%20of%20essential%20commodities%20','D'),
 ('37','None%20of%20these','E'),
 ('37','Worldwide%2C%20companies%20have%20realized%20that%20India%20is%20a%20strong%20power%20to%20reckon%20with%20','A'),
 ('37','%20India%20is%20surging%20ahead%20of%20the%20other%20companies%20throughout%20the%20world%20%20','B'),
 ('37','After%20the%20recession%20is%20over%20international%20companies%20will%20turn%20to%20India%20for%20investment%20%20','C'),
 ('38','Only%20(A)%20and%20(B)','D'),
 ('38','Only%20(B)%20and%20(C)%20','E'),
 ('38','Only%20(A)','A'),
 ('38','Only%20(B)%20','B'),
 ('38','Only%20(C)','C'),
 ('39','The%20public%20is%20ready%20to%20invest%20in%20these%20banks%20because%20of%20the%20knowledge%20that%20these%20banks%20get%20strong%20support%20from%20the%20Government%20','D'),
 ('39','None%20of%20these','E'),
 ('39','Indian%20national%20banks%20do%20not%20have%20any%20commitments%20in%20troubled%20foreign%20markets.','A'),
 ('39','These%20banks%20can%20never%20face%20financial%20crisis%20because%20of%20their%20sheer%20size','B'),
 ('39','These%20banks%20are%20ready%20to%20give%20loans%20at%20a%20very%20low%20rate%20of%20interest%20','C'),
 ('40','The%20cost%20cutting%20carried%20out%20by%20all%20the%20companies','D'),
 ('40','None%20of%20these','E'),
 ('40','The%20economy%20coming%20back%20on%20the%20fast%20track%20','A'),
 ('40','The%20slowing%20down%20of%20the%20economy%20','B'),
 ('40','Increased%20hiring%20in%20Indian%20financial%20sector%20in%20times%20of%20economic%20slowdown','C'),
 ('41','Cannot%20be%20determined%20','D'),
 ('41','None%20of%20these','E'),
 ('41','Voice%2015%20win%2075%2039%20store%20gap%2026','A'),
 ('41','Voice%20win%2075%2015%2039%20store%20gap%2026','B'),
 ('41','15%2075%20win%20voice%20store%20gap%2026','C'),
 ('42','There%20will%20be%20no%20such%20step','D'),
 ('42','None%20of%20these','E'),
 ('42','Water%2085%20now%2067%20full%20glass%2015%2037','A'),
 ('42','Water%2085%20now%2067%20glass%20full%2015%2037','B'),
 ('42','Water%2085%20now%2067%20glass%2037%20pull%2015','C'),
 ('43','VI','D'),
 ('43','None%20of%20these','E'),
 ('43','%20VIII','A'),
 ('43','IX%20','B'),
 ('43','VII','C'),
 ('44','Three','D'),
 ('44','None%20of%20these','E'),
 ('44','Four','A'),
 ('44','Five','B'),
 ('44','Six','C'),
 ('45','Seven%20','D'),
 ('45','None%20of%20these','E'),
 ('45','Four%20','A'),
 ('45','Five%20','B'),
 ('45','Six','C'),
 ('46','%E0%A4%90%E0%A4%B8%E0%A4%BE%20%E0%A4%95%E0%A5%8B%E0%A4%88%20%E0%A4%9A%E0%A4%B0%E0%A4%A3%20%E0%A4%A8%E0%A4%B9%E0%A5%80%E0%A4%82%20%E0%A4%B9%E0%A5%8B%E0%A4%97%E0%A4%BE','D'),
 ('46','%E0%A4%87%E0%A4%A8%E0%A4%AE%E0%A5%87%E0%A4%82%20%E0%A4%B8%E0%A5%87%20%E0%A4%95%E0%A5%8B%E0%A4%88%20%E0%A4%A8%E0%A4%B9%E0%A5%80%E0%A4%82','E'),
 ('46','Voice%2015%20win%2075%2039%20store%20gap%2026%20%20','A'),
 ('46','Voice%20win%2075%2015%2039%20store%20gap%2026%20','B'),
 ('46','15%2075%20win%20voice%20gap%2026','C'),
 ('47','%E0%A4%90%E0%A4%B8%E0%A4%BE%20%E0%A4%95%E0%A5%8B%E0%A4%88%20%E0%A4%9A%E0%A4%B0%E0%A4%A3%20%E0%A4%A8%E0%A4%B9%E0%A5%80%E0%A4%82%20%E0%A4%B9%E0%A5%8B%E0%A4%97%E0%A4%BE','D'),
 ('47','%E0%A4%87%E0%A4%A8%E0%A4%AE%E0%A5%87%E0%A4%82%20%E0%A4%B8%E0%A5%87%20%E0%A4%95%E0%A5%8B%E0%A4%88%20%E0%A4%A8%E0%A4%B9%E0%A5%80%E0%A4%82%20','E'),
 ('47','water%2085%20now%2067%20full%20glass%2015%2037%20','A'),
 ('47','water%2085%2067%20glass%20full%2015%2037%20','B'),
 ('47','water%2085%2067%20glass%2037%20full%2015%20','C'),
 ('48','VI%20','D'),
 ('48','%E0%A4%87%E0%A4%A8%E0%A4%AE%E0%A5%87%E0%A4%82%20%E0%A4%B8%E0%A5%87%20%E0%A4%95%E0%A5%8B%E0%A4%88%20%E0%A4%A8%E0%A4%B9%E0%A5%80%E0%A4%82','E'),
 ('48','VIII%20','A'),
 ('48','IX%20','B'),
 ('48','VII%20','C'),
 ('49','%E0%A4%A4%E0%A5%80%E0%A4%A8%20','D'),
 ('49','%E0%A4%87%E0%A4%A8%E0%A4%AE%E0%A5%87%E0%A4%82%20%E0%A4%B8%E0%A5%87%20%E0%A4%95%E0%A5%8B%E0%A4%88%20%E0%A4%A8%E0%A4%B9%E0%A5%80%E0%A4%82%20%E0%A4%B9%E0%A5%88','E'),
 ('49','%E0%A4%9A%E0%A4%BE%E0%A4%B0%20%20','A'),
 ('49','%E0%A4%AA%E0%A4%BE%E0%A4%81%E0%A4%9A%20','B'),
 ('49','%E0%A4%9B%E0%A4%B9%20','C'),
 ('50','%E0%A4%B8%E0%A4%BE%E0%A4%A4%20','D'),
 ('50','%E0%A4%87%E0%A4%A8%E0%A4%AE%E0%A5%87%E0%A4%82%20%E0%A4%B8%E0%A5%87%20%E0%A4%95%E0%A5%8B%E0%A4%88%20%E0%A4%A8%E0%A4%B9%E0%A5%80%E0%A4%82%20%E0%A4%B9%E0%A5%88%E0%A4%83','E'),
 ('50','%E0%A4%9A%E0%A4%BE%E0%A4%B0%20%20','A'),
 ('50','%E0%A4%AA%E0%A4%BE%E0%A4%81%E0%A4%9A%20','B'),
 ('50','%E0%A4%9B%E0%A4%B9%20','C'),
 ('51','Three','D'),
 ('51','More%20than%20three','E'),
 ('51','None','A'),
 ('51','One','B'),
 ('51','Two','C'),
 ('52','%25%4053','D'),
 ('52','None%20of%20these','E'),
 ('52','%25653','A'),
 ('52','%25%4063','B'),
 ('52','%255%403','C'),
 ('53','B','D'),
 ('53','None%20of%20these','E'),
 ('53','R','A'),
 ('53','T','B'),
 ('53','A','C'),
 ('54','Three','D'),
 ('54','More%20than%20three','E'),
 ('54','None','A'),
 ('54','One','B'),
 ('54','Two','C'),
 ('55','Cannot%20be%20determined','D'),
 ('55','None%20of%20these%20%20','E'),
 ('55','95%20metres%20','A'),
 ('55','50%20metres','B'),
 ('55','70%20metres','C'),
 ('56','UWS','D'),
 ('56','None%20of%20these','E'),
 ('56','STW','A'),
 ('56','WUS','B'),
 ('56','SWU','C'),
 ('57','28','D'),
 ('57','None%20of%20these','E'),
 ('57','%E2%80%93%2022','A'),
 ('57','%E2%80%93%20168','B'),
 ('57','22','C'),
 ('58','TNRKMVG','D'),
 ('58','None%20of%20these','E'),
 ('58','VPTKKTE%20','A'),
 ('58','VPTKETK%09','B'),
 ('58','TPVKKTE','C'),
 ('59','Data%20inadequate','D'),
 ('59','None%20of%20these','E'),
 ('59','Ja','A'),
 ('59','Na','B'),
 ('59','Pa','C'),
 ('60','Three','D'),
 ('60','More%20than%20three','E'),
 ('60','None','A'),
 ('60','One','B'),
 ('60','Two','C'),
 ('61','%E0%A4%A4%E0%A5%80%E0%A4%A8','D'),
 ('61','%E0%A4%A4%E0%A5%80%E0%A4%A8%20%E0%A4%B8%E0%A5%87%20%E0%A4%85%E0%A4%A7%E0%A4%BF%E0%A4%95','E'),
 ('61','%E0%A4%95%E0%A5%8B%E0%A4%88%20%E0%A4%A8%E0%A4%B9%E0%A5%80%E0%A4%82%20%20','A'),
 ('61','%E0%A4%8F%E0%A4%95%20','B'),
 ('61','%E0%A4%A6%E0%A5%8B','C'),
 ('62','%25%4053','D'),
 ('62','%E0%A4%87%E0%A4%A8%E0%A4%AE%E0%A5%87%E0%A4%82%20%E0%A4%B8%E0%A5%87%20%E0%A4%95%E0%A5%8B%E0%A4%88%20%E0%A4%A8%E0%A4%B9%E0%A5%80%E0%A4%82','E'),
 ('62','%25653','A'),
 ('62','%25%4063','B'),
 ('62','%255%403','C'),
 ('63','B','D'),
 ('63','%E0%A4%87%E0%A4%A8%E0%A4%AE%E0%A5%87%E0%A4%82%20%E0%A4%B8%E0%A5%87%20%E0%A4%95%E0%A5%8B%E0%A4%88%20%E0%A4%A8%E0%A4%B9%E0%A5%80%E0%A4%82','E'),
 ('63','R','A'),
 ('63','T','B'),
 ('63','A','C'),
 ('64','%E0%A4%A4%E0%A5%80%E0%A4%A8','D'),
 ('64','%E0%A4%A4%E0%A5%80%E0%A4%A8%20%E0%A4%B8%E0%A5%87%20%E0%A4%85%E0%A4%A7%E0%A4%BF%E0%A4%95','E'),
 ('64','%E0%A4%95%E0%A5%8B%E0%A4%88%20%E0%A4%A8%E0%A4%B9%E0%A5%80%E0%A4%82','A'),
 ('64','%E0%A4%8F%E0%A4%95','B'),
 ('64','%E0%A4%A6%E0%A5%8B','C'),
 ('65','%E0%A4%A8%E0%A4%BF%E0%A4%B0%E0%A5%8D%E0%A4%A7%E0%A4%BE%E0%A4%B0%E0%A4%BF%E0%A4%A4%20%E0%A4%A8%E0%A4%B9%E0%A5%80%E0%A4%82%20%E0%A4%95%E0%A4%BF%E0%A4%AF%E0%A4%BE%20%E0%A4%9C%E0%A4%BE%20%E0%A4%B8%E0%A4%95%E0%A4%A4%E0%A4%BE%20','D'),
 ('65','%E0%A4%87%E0%A4%A8%E0%A4%AE%E0%A5%87%E0%A4%82%20%E0%A4%B8%E0%A5%87%20%E0%A4%95%E0%A5%8B%E0%A4%88%20%E0%A4%A8%E0%A4%B9%E0%A5%80%E0%A4%82','E'),
 ('65','95%20%E0%A4%AE%E0%A5%80%E0%A4%9F%E0%A4%B0%20%20%20','A'),
 ('65','50%20%E0%A4%AE%E0%A5%80%E0%A4%9F%E0%A4%B0','B'),
 ('65','70%20%E0%A4%AE%E0%A5%80%E0%A4%9F%E0%A4%B0','C'),
 ('66','UWS','D'),
 ('66','%E0%A4%87%E0%A4%A8%E0%A4%AE%E0%A5%87%E0%A4%82%20%E0%A4%B8%E0%A5%87%20%E0%A4%95%E0%A5%8B%E0%A4%88%20%E0%A4%A8%E0%A4%B9%E0%A5%80%E0%A4%82','E'),
 ('66','STW','A'),
 ('66','WUS','B'),
 ('66','SWU','C'),
 ('67','28','D'),
 ('67','%E0%A4%87%E0%A4%A8%E0%A4%AE%E0%A5%87%E0%A4%82%20%E0%A4%B8%E0%A5%87%20%E0%A4%95%E0%A5%8B%E0%A4%88%20%E0%A4%A8%E0%A4%B9%E0%A5%80%E0%A4%82','E'),
 ('67','-22%20','A'),
 ('67','-168','B'),
 ('67','22','C'),
 ('68','TNRKMVG%20','D'),
 ('68','%E0%A4%87%E0%A4%A8%E0%A4%AE%E0%A5%87%E0%A4%82%20%E0%A4%B8%E0%A5%87%20%E0%A4%95%E0%A5%8B%E0%A4%88%20%E0%A4%A8%E0%A4%B9%E0%A5%80%E0%A4%82','E'),
 ('68','VPTKKTE','A'),
 ('68','VPTKETK','B'),
 ('68','TPVKKTE','C'),
 ('69','%E0%A4%A1%E0%A4%BE%E0%A4%9F%E0%A4%BE%20%E0%A4%85%E0%A4%AA%E0%A4%B0%E0%A5%8D%E0%A4%AF%E0%A4%BE%E0%A4%AA%E0%A5%8D%E0%A4%A4%20%20','D'),
 ('69','%E0%A4%87%E0%A4%A8%E0%A4%AE%E0%A5%87%E0%A4%82%20%E0%A4%B8%E0%A5%87%20%E0%A4%95%E0%A5%8B%E0%A4%88%20%E0%A4%A8%E0%A4%B9%E0%A5%80%E0%A4%82','E'),
 ('69','ja','A'),
 ('69','na','B'),
 ('69','pa','C'),
 ('70','%E0%A4%A4%E0%A5%80%E0%A4%A8','D'),
 ('70','%E0%A4%A4%E0%A5%80%E0%A4%A8%20%E0%A4%B8%E0%A5%87%20%E0%A4%85%E0%A4%A7%E0%A4%BF%E0%A4%95','E'),
 ('70','%E0%A4%95%E0%A5%8B%E0%A4%88%20%E0%A4%A8%E0%A4%B9%E0%A5%80%E0%A4%82','A'),
 ('70','%E0%A4%8F%E0%A4%95','B'),
 ('70','%E0%A4%A6%E0%A5%8B','C'),
 ('71','Only%20II%2C%20III%20and%20IV%20follow%20','D'),
 ('71','None%20of%20these','E'),
 ('71','Only%20I%20and%20III%20follow','A'),
 ('71','Only%20II%20and%20III%20follow','B'),
 ('71','Only%20I%20and%20IV%20follow%20','C'),
 ('72','Only%20either%20I%20or%20III%20follows%20','D'),
 ('72','Only%20either%20I%20or%20III%20and%20II%20follows','E'),
 ('72','Only%20I%20follows%20','A'),
 ('72','Only%20II%20follows','B'),
 ('72','Only%20III%20follows%20','C'),
 ('73','%20Only%20II%2C%20III%20and%20IV%20follow','D'),
 ('73','None%20of%20these','E'),
 ('73','Only%20I%20and%20II%20follow','A'),
 ('73','Only%20I%20and%20III%20follow','B'),
 ('73','Only%20I%2C%20II%20and%20III%20follow%20','C'),
 ('74','Only%20II%2C%20III%20and%20IV%20follow','D'),
 ('74','None%20of%20these','E'),
 ('74','Only%20I%20and%20III%20follow','A'),
 ('74','Only%20I%2C%20II%20and%20III%20follow','B'),
 ('74','Only%20III%20and%20IV%20follow','C'),
 ('75','Only%20III%20follows','D'),
 ('75','Only%20IV%20follows','E'),
 ('75','None%20follows','A'),
 ('75','Only%20I%20follows','B'),
 ('75','Only%20II%20follows','C'),
 ('76','%E0%A4%95%E0%A5%87%E0%A4%B5%E0%A4%B2%20II%2C%20III%20%E0%A4%94%E0%A4%B0%20IV%20%E0%A4%85%E0%A4%A8%E0%A5%81%E0%A4%B8%E0%A4%B0%E0%A4%A3%20%E0%A4%95%E0%A4%B0%E0%A4%A4%E0%A5%87%20%E0%A4%B9%E0%A5%88%E0%A4%82','D'),
 ('76','%E0%A4%87%E0%A4%A8%E0%A4%AE%E0%A5%87%E0%A4%82%20%E0%A4%B8%E0%A5%87%20%E0%A4%95%E0%A5%8B%E0%A4%88%20%E0%A4%A8%E0%A4%B9%E0%A5%80%E0%A4%82','E');
INSERT INTO `option_bank` (`question_bank_id`,`option_detail`,`option_name`) VALUES 
 ('76','%E0%A4%95%E0%A5%87%E0%A4%B5%E0%A4%B2%20I%20%E0%A4%94%E0%A4%B0%20III%20%E0%A4%85%E0%A4%A8%E0%A5%81%E0%A4%B8%E0%A4%B0%E0%A4%A3%20%E0%A4%95%E0%A4%B0%E0%A4%A4%E0%A5%87%20%E0%A4%B9%E0%A5%88%E0%A4%82%20','A'),
 ('76','%E0%A4%95%E0%A5%87%E0%A4%B5%E0%A4%B2%20II%20%E0%A4%94%E0%A4%B0%20III%20%E0%A4%85%E0%A4%A8%E0%A5%81%E0%A4%B8%E0%A4%B0%E0%A4%A3%20%E0%A4%95%E0%A4%B0%E0%A4%A4%E0%A5%87%20%E0%A4%B9%E0%A5%88%E0%A4%82%20','B'),
 ('76','%E0%A4%95%E0%A5%87%E0%A4%B5%E0%A4%B2%20I%20%E0%A4%94%E0%A4%B0%20IV%20%E0%A4%85%E0%A4%A8%E0%A5%81%E0%A4%B8%E0%A4%B0%E0%A4%A3%20%E0%A4%95%E0%A4%B0%E0%A4%A4%E0%A5%87%20%E0%A4%B9%E0%A5%88%E0%A4%82','C'),
 ('77','%E0%A4%95%E0%A5%87%E0%A4%B5%E0%A4%B2%20%E0%A4%AF%E0%A4%BE%20%E0%A4%A4%E0%A5%8B%20I%20%E0%A4%AF%E0%A4%BE%20III%20%E0%A4%85%E0%A4%A8%E0%A5%81%E0%A4%B8%E0%A4%B0%E0%A4%A3%20%E0%A4%95%E0%A4%B0%E0%A4%A4%E0%A4%BE%20%E0%A4%B9%E0%A5%88%E0%A4%82%20','D'),
 ('77','%E0%A4%95%E0%A5%87%E0%A4%B5%E0%A4%B2%20%E0%A4%AF%E0%A4%BE%20%E0%A4%A4%E0%A5%8B%20I%20%E0%A4%AF%E0%A4%BE%20III%20%E0%A4%B5%20II%20%E0%A4%85%E0%A4%A8%E0%A5%81%E0%A4%B8%E0%A4%B0%E0%A4%A3%20%E0%A4%95%E0%A4%B0%E0%A4%A4%E0%A5%87%20%E0%A4%B9%E0%A5%88%E0%A4%82','E'),
 ('77','%E0%A4%95%E0%A5%87%E0%A4%B5%E0%A4%B2%20I%20%E0%A4%85%E0%A4%A8%E0%A5%81%E0%A4%B8%E0%A4%B0%E0%A4%A3%20%E0%A4%95%E0%A4%B0%E0%A4%A4%E0%A4%BE%20%E0%A4%B9%E0%A5%88%E0%A4%82%20','A'),
 ('77','%E0%A4%95%E0%A5%87%E0%A4%B5%E0%A4%B2%20II%20%E0%A4%85%E0%A4%A8%E0%A5%81%E0%A4%B8%E0%A4%B0%E0%A4%A3%20%E0%A4%95%E0%A4%B0%E0%A4%A4%E0%A4%BE%20%E0%A4%B9%E0%A5%88%E0%A4%82%20','B'),
 ('77','%E0%A4%95%E0%A5%87%E0%A4%B5%E0%A4%B2%20III%20%E0%A4%85%E0%A4%A8%E0%A5%81%E0%A4%B8%E0%A4%B0%E0%A4%A3%20%E0%A4%95%E0%A4%B0%E0%A4%A4%E0%A4%BE%20%E0%A4%B9%E0%A5%88%E0%A4%82%20','C'),
 ('78','%E0%A4%95%E0%A5%87%E0%A4%B5%E0%A4%B2%20II%2C%20III%20%E0%A4%94%E0%A4%B0%20IV%20%E0%A4%85%E0%A4%A8%E0%A5%81%E0%A4%B8%E0%A4%B0%E0%A4%A3%20%E0%A4%95%E0%A4%B0%E0%A4%A4%E0%A5%87%20%E0%A4%B9%E0%A5%88%E0%A4%82%20','D'),
 ('78','%E0%A4%87%E0%A4%A8%E0%A4%AE%E0%A5%87%E0%A4%82%20%E0%A4%B8%E0%A5%87%20%E0%A4%95%E0%A5%8B%E0%A4%88%20%E0%A4%A8%E0%A4%B9%E0%A5%80%E0%A4%82','E'),
 ('78','%E0%A4%95%E0%A5%87%E0%A4%B5%E0%A4%B2%20I%20%E0%A4%94%E0%A4%B0%20II%20%E0%A4%85%E0%A4%A8%E0%A5%81%E0%A4%B8%E0%A4%B0%E0%A4%A3%20%E0%A4%95%E0%A4%B0%E0%A4%A4%E0%A5%87%20%E0%A4%B9%E0%A5%88%E0%A4%82%20','A'),
 ('78','%E0%A4%95%E0%A5%87%E0%A4%B5%E0%A4%B2%20I%20%E0%A4%94%E0%A4%B0%20III%20%E0%A4%85%E0%A4%A8%E0%A5%81%E0%A4%B8%E0%A4%B0%E0%A4%A3%20%E0%A4%95%E0%A4%B0%E0%A4%A4%E0%A5%87%20%E0%A4%B9%E0%A5%88%E0%A4%82%20','B'),
 ('78','%E0%A4%95%E0%A5%87%E0%A4%B5%E0%A4%B2%20I%2C%20II%20%E0%A4%94%E0%A4%B0%20III%20%E0%A4%85%E0%A4%A8%E0%A5%81%E0%A4%B8%E0%A4%B0%E0%A4%A3%20%E0%A4%95%E0%A4%B0%E0%A4%A4%E0%A5%87%20%E0%A4%B9%E0%A5%88%E0%A4%82','C'),
 ('79','%E0%A4%95%E0%A5%87%E0%A4%B5%E0%A4%B2%20II%2C%20III%20%E0%A4%94%E0%A4%B0%20IV%20%E0%A4%85%E0%A4%A8%E0%A5%81%E0%A4%B8%E0%A4%B0%E0%A4%A3%20%E0%A4%95%E0%A4%B0%E0%A4%A4%E0%A5%87%20%E0%A4%B9%E0%A5%88%E0%A4%82','D'),
 ('79','%E0%A4%87%E0%A4%A8%E0%A4%AE%E0%A5%87%E0%A4%82%20%E0%A4%B8%E0%A5%87%20%E0%A4%95%E0%A5%8B%E0%A4%88%20%E0%A4%A8%E0%A4%B9%E0%A5%80%E0%A4%82','E'),
 ('79','%E0%A4%95%E0%A5%87%E0%A4%B5%E0%A4%B2%20I%20%E0%A4%94%E0%A4%B0%20III%20%E0%A4%85%E0%A4%A8%E0%A5%81%E0%A4%B8%E0%A4%B0%E0%A4%A3%20%E0%A4%95%E0%A4%B0%E0%A4%A4%E0%A5%87%20%E0%A4%B9%E0%A5%88%E0%A4%82%20','A'),
 ('79','%E0%A4%95%E0%A5%87%E0%A4%B5%E0%A4%B2%20I%2C%20II%20%E0%A4%94%E0%A4%B0%20III%20%E0%A4%85%E0%A4%A8%E0%A5%81%E0%A4%B8%E0%A4%B0%E0%A4%A3%20%E0%A4%95%E0%A4%B0%E0%A4%A4%E0%A5%87%20%E0%A4%B9%E0%A5%88%E0%A4%82%20','B'),
 ('79','%E0%A4%95%E0%A5%87%E0%A4%B5%E0%A4%B2%20III%20%E0%A4%94%E0%A4%B0%20IV%20%E0%A4%85%E0%A4%A8%E0%A5%81%E0%A4%B8%E0%A4%B0%E0%A4%A3%20%E0%A4%95%E0%A4%B0%E0%A4%A4%E0%A5%87%20%E0%A4%B9%E0%A5%88%E0%A4%82%20','C'),
 ('80','%E0%A4%95%E0%A5%87%E0%A4%B5%E0%A4%B2%20III%20%E0%A4%85%E0%A4%A8%E0%A5%81%E0%A4%B8%E0%A4%B0%E0%A4%A3%20%E0%A4%95%E0%A4%B0%E0%A4%A4%E0%A4%BE%20%E0%A4%B9%E0%A5%88%E0%A4%82%20','D'),
 ('80','%E0%A4%95%E0%A5%87%E0%A4%B5%E0%A4%B2%20IV%20%E0%A4%85%E0%A4%A8%E0%A5%81%E0%A4%B8%E0%A4%B0%E0%A4%A3%20%E0%A4%95%E0%A4%B0%E0%A4%A4%E0%A4%BE%20%E0%A4%B9%E0%A5%88%E0%A4%82','E'),
 ('80','%E0%A4%95%E0%A5%8B%E0%A4%88%20%E0%A4%85%E0%A4%A8%E0%A5%81%E0%A4%B8%E0%A4%BE%E0%A4%B0%E0%A4%A3%20%E0%A4%A8%E0%A4%B9%E0%A5%80%E0%A4%82%20%E0%A4%95%E0%A4%B0%E0%A4%A4%E0%A4%BE%20%E0%A4%B9%E0%A5%88%20','A'),
 ('80','%E0%A4%95%E0%A5%87%E0%A4%B5%E0%A4%B2%20I%20%E0%A4%85%E0%A4%A8%E0%A5%81%E0%A4%B8%E0%A4%B0%E0%A4%A3%20%E0%A4%95%E0%A4%B0%E0%A4%A4%E0%A4%BE%20%E0%A4%B9%E0%A5%88%E0%A4%82%20','B'),
 ('80','%E0%A4%95%E0%A5%87%E0%A4%B5%E0%A4%B2%20II%20%E0%A4%85%E0%A4%A8%E0%A5%81%E0%A4%B8%E0%A4%B0%E0%A4%A3%20%E0%A4%95%E0%A4%B0%E0%A4%A4%E0%A4%BE%20%E0%A4%B9%E0%A5%88%E0%A4%82%20','C'),
 ('81','jkkjj','A'),
 ('81','jkkj','B'),
 ('82','jkjkj','A'),
 ('82','kjjkj','B'),
 ('83','a','A'),
 ('84','a','A'),
 ('85','kk','A'),
 ('85','l','B'),
 ('86','kk','A'),
 ('86','kk','B'),
 ('87','kk','A'),
 ('88','a','A'),
 ('89','k','A'),
 ('90','ll','A'),
 ('91','a','A'),
 ('92','a','A'),
 ('93','a','A'),
 ('94','a','A'),
 ('95','a','A'),
 ('96','a','A'),
 ('97','a','A'),
 ('98','a','A'),
 ('99','a','A'),
 ('100','a','A'),
 ('101','a','A'),
 ('102','a','A'),
 ('103','a','A'),
 ('104','a','A'),
 ('105','a','A'),
 ('106','a','A'),
 ('1','Cannot%20be%20determined%20','D'),
 ('1','%20None%20of%20these','E'),
 ('1','Voice%2015%20win%2075%2039%20store%20gap%2026%20JHHNN','A'),
 ('1','Voice%20win%2075%2015%2039%20store%20gap%2026%20NNNOOO','B'),
 ('1','15%2075%20win%20voice%20store%20gap%2026','C'),
 ('2','VI ','D'),
 ('2','None of these','E'),
 ('2','VIII  OK OK P','A'),
 ('2','IX ','B'),
 ('2','VII ','C'),
 ('3','à¤à¤¸à¤¾ à¤•à¥‹à¤ˆ à¤šà¤°à¤£ à¤¨à¤¹à¥€à¤‚ à¤¹à¥‹à¤—à¤¾','D'),
 ('3','à¤‡à¤¨à¤®à¥‡à¤‚ à¤¸à¥‡ à¤•à¥‹à¤ˆ à¤¨à¤¹à¥€à¤‚ ','E'),
 ('3','water 85 now 67 full glass 15 37 ','A'),
 ('3','water 85 67 glass full 15 37 ','B'),
 ('3','water 85 67 glass 37 full 15 ','C'),
 ('4','Seven%20','D'),
 ('4','None%20of%20these','E'),
 ('4','Four%20','A'),
 ('4','Five%20','B'),
 ('4','Six','C'),
 ('5','Three','D'),
 ('5','None%20of%20these','E'),
 ('5','Four','A'),
 ('5','Five','B'),
 ('5','Six','C'),
 ('6','%E0%A4%A8%20%E0%A4%B8%E0%A4%BE%20%E0%A4%A8%E0%A4%BF%E0%A4%B7%E0%A5%8D%E0%A4%9A%E0%A4%BF%E0%A4%A4%20%E0%A4%B0%E0%A5%82%E0%A4%AA%20%E0%A4%B8%E0%A5%87%20%E0%A4%87%E0%A4%A8%E0%A4%AA%E0%A5%81%E0%A4%9F%20%E0%A4%B9%E0%A5%88%3F','D'),
 ('6','%E0%A4%A8%20%E0%A4%B8%E0%A4%BE%20%E0%A4%A8%E0%A4%BF%E0%A4%B7%E0%A5%8D%E0%A4%9A%E0%A4%BF%E0%A4%A4%20','E'),
 ('6','voice%2015%20win%2075%2039%20store%20gap%2026%20%20','A'),
 ('6','voice%20win%2075%2015%2039%20store%20gap%2026%20','B'),
 ('6','15%2075%20win%20voice%20gap%2026','C'),
 ('7','VI%20','D'),
 ('7','%E0%A4%87%E0%A4%A8%E0%A4%AE%E0%A5%87%E0%A4%82%20%E0%A4%B8%E0%A5%87%20%E0%A4%95%E0%A5%8B%E0%A4%88%20%E0%A4%A8%E0%A4%B9%E0%A5%80%E0%A4%82%20','E'),
 ('7','VIII%20','A'),
 ('7','IX%20','B'),
 ('7','VII%20','C'),
 ('8','%E0%A4%90%E0%A4%B8%E0%A4%BE%20%E0%A4%95%E0%A5%8B%E0%A4%88%20%E0%A4%9A%E0%A4%B0%E0%A4%A3%20%E0%A4%A8%E0%A4%B9%E0%A5%80%E0%A4%82%20%E0%A4%B9%E0%A5%8B%E0%A4%97%E0%A4%BE','D'),
 ('8','%E0%A4%87%E0%A4%A8%E0%A4%AE%E0%A5%87%E0%A4%82%20%E0%A4%B8%E0%A5%87%20%E0%A4%95%E0%A5%8B%E0%A4%88%20%E0%A4%A8%E0%A4%B9%E0%A5%80%E0%A4%82%20','E'),
 ('8','water%2085%20now%2067%20full%20glass%2015%2037%20','A'),
 ('8','water%2085%2067%20glass%20full%2015%2037%20','B'),
 ('8','water%2085%2067%20glass%2037%20full%2015%20','C'),
 ('9','%E0%A4%B8%E0%A4%BE%E0%A4%A4%20','D'),
 ('9','%E0%A4%87%E0%A4%A8%E0%A4%AE%E0%A5%87%E0%A4%82%20%E0%A4%B8%E0%A5%87%20%E0%A4%95%E0%A5%8B%E0%A4%88%20%E0%A4%A8%E0%A4%B9%E0%A5%80%E0%A4%82%20%E0%A4%B9%E0%A5%88%E0%A4%83','E'),
 ('9','%E0%A4%9A%E0%A4%BE%E0%A4%B0%20%20','A'),
 ('9','%E0%A4%AA%E0%A4%BE%E0%A4%81%E0%A4%9A%20','B'),
 ('9','%E0%A4%9B%E0%A4%B9%20','C'),
 ('10','%E0%A4%A4%E0%A5%80%E0%A4%A8%20','D'),
 ('10','%E0%A4%87%E0%A4%A8%E0%A4%AE%E0%A5%87%E0%A4%82%20%E0%A4%B8%E0%A5%87%20%E0%A4%95%E0%A5%8B%E0%A4%88%20%E0%A4%A8%E0%A4%B9%E0%A5%80%E0%A4%82%20%E0%A4%B9%E0%A5%88','E'),
 ('10','%E0%A4%9A%E0%A4%BE%E0%A4%B0%20%20','A'),
 ('10','%E0%A4%AA%E0%A4%BE%E0%A4%81%E0%A4%9A%20','B'),
 ('10','%E0%A4%9B%E0%A4%B9%20','C'),
 ('11','Only II, III and IV follow','D'),
 ('11','None of these Ok Done','E'),
 ('11','Only ','A'),
 ('11','Only I and III follow','B'),
 ('11','Only I, II and III follow ','C'),
 ('12','Only%20II%2C%20III%20and%20IV%20follow','D'),
 ('12','None%20of%20these','E'),
 ('12','Only%20I%20and%20III%20follow','A'),
 ('12','Only%20I%2C%20II%20and%20III%20follow','B'),
 ('12','Only%20III%20and%20IV%20follow','C'),
 ('13','Only%20II%2C%20III%20and%20IV%20follow%20','D'),
 ('13','None%20of%20these','E'),
 ('13','Only%20I%20and%20III%20follow','A'),
 ('13','Only%20II%20and%20III%20follow%20','B'),
 ('13','Only%20I%20and%20IV%20follow%20','C'),
 ('14','Only%20either%20I%20or%20III%20follows%20','D'),
 ('14','Only%20either%20I%20or%20III%20and%20II%20follows','E'),
 ('14','Only%20I%20follows%20','A'),
 ('14','%20Only%20II%20follows%20','B'),
 ('14','Only%20III%20follows%20','C'),
 ('15','Only%20III%20follows','D'),
 ('15','Only%20IV%20follows','E'),
 ('15','None%20follows','A'),
 ('15','Only%20I%20follows','B'),
 ('15','Only%20II%20follows','C'),
 ('16','%E0%A4%95%E0%A5%87%E0%A4%B5%E0%A4%B2%20II%2C%20III%20%E0%A4%94%E0%A4%B0%20IV%20%E0%A4%85%E0%A4%A8%E0%A5%81%E0%A4%B8%E0%A4%B0%E0%A4%A3%20%E0%A4%95%E0%A4%B0%E0%A4%A4%E0%A5%87%20%E0%A4%B9%E0%A5%88%E0%A4%82%20','D'),
 ('16','%E0%A4%87%E0%A4%A8%E0%A4%AE%E0%A5%87%E0%A4%82%20%E0%A4%B8%E0%A5%87%20%E0%A4%95%E0%A5%8B%E0%A4%88%20%E0%A4%A8%E0%A4%B9%E0%A5%80%E0%A4%82','E'),
 ('16','%E0%A4%95%E0%A5%87%E0%A4%B5%E0%A4%B2%20I%20%E0%A4%94%E0%A4%B0%20II%20%E0%A4%85%E0%A4%A8%E0%A5%81%E0%A4%B8%E0%A4%B0%E0%A4%A3%20%E0%A4%95%E0%A4%B0%E0%A4%A4%E0%A5%87%20%E0%A4%B9%E0%A5%88%E0%A4%82%20','A'),
 ('16','%E0%A4%95%E0%A5%87%E0%A4%B5%E0%A4%B2%20I%20%E0%A4%94%E0%A4%B0%20III%20%E0%A4%85%E0%A4%A8%E0%A5%81%E0%A4%B8%E0%A4%B0%E0%A4%A3%20%E0%A4%95%E0%A4%B0%E0%A4%A4%E0%A5%87%20%E0%A4%B9%E0%A5%88%E0%A4%82%20','B'),
 ('16','%E0%A4%95%E0%A5%87%E0%A4%B5%E0%A4%B2%20I%2C%20II%20%E0%A4%94%E0%A4%B0%20III%20%E0%A4%85%E0%A4%A8%E0%A5%81%E0%A4%B8%E0%A4%B0%E0%A4%A3%20%E0%A4%95%E0%A4%B0%E0%A4%A4%E0%A5%87%20%E0%A4%B9%E0%A5%88%E0%A4%82%20','C'),
 ('17','%E0%A4%95%E0%A5%87%E0%A4%B5%E0%A4%B2%20II%2C%20III%20%E0%A4%94%E0%A4%B0%20IV%20%E0%A4%85%E0%A4%A8%E0%A5%81%E0%A4%B8%E0%A4%B0%E0%A4%A3%20%E0%A4%95%E0%A4%B0%E0%A4%A4%E0%A5%87%20%E0%A4%B9%E0%A5%88%E0%A4%82%20','D'),
 ('17','%E0%A4%87%E0%A4%A8%E0%A4%AE%E0%A5%87%E0%A4%82%20%E0%A4%B8%E0%A5%87%20%E0%A4%95%E0%A5%8B%E0%A4%88%20%E0%A4%A8%E0%A4%B9%E0%A5%80%E0%A4%82','E'),
 ('17','%E0%A4%95%E0%A5%87%E0%A4%B5%E0%A4%B2%20I%20%E0%A4%94%E0%A4%B0%20III%20%E0%A4%85%E0%A4%A8%E0%A5%81%E0%A4%B8%E0%A4%B0%E0%A4%A3%20%E0%A4%95%E0%A4%B0%E0%A4%A4%E0%A5%87%20%E0%A4%B9%E0%A5%88%E0%A4%82%20','A'),
 ('17','%E0%A4%95%E0%A5%87%E0%A4%B5%E0%A4%B2%20I%2C%20II%20%E0%A4%94%E0%A4%B0%20III%20%E0%A4%85%E0%A4%A8%E0%A5%81%E0%A4%B8%E0%A4%B0%E0%A4%A3%20%E0%A4%95%E0%A4%B0%E0%A4%A4%E0%A5%87%20%E0%A4%B9%E0%A5%88%E0%A4%82%20','B'),
 ('17','%E0%A4%95%E0%A5%87%E0%A4%B5%E0%A4%B2%20III%20%E0%A4%94%E0%A4%B0%20IV%20%E0%A4%85%E0%A4%A8%E0%A5%81%E0%A4%B8%E0%A4%B0%E0%A4%A3%20%E0%A4%95%E0%A4%B0%E0%A4%A4%E0%A5%87%20%E0%A4%B9%E0%A5%88%E0%A4%82%20','C'),
 ('18','%E0%A4%95%E0%A5%87%E0%A4%B5%E0%A4%B2%20II%2C%20III%20%E0%A4%94%E0%A4%B0%20IV%20%E0%A4%85%E0%A4%A8%E0%A5%81%E0%A4%B8%E0%A4%B0%E0%A4%A3%20%E0%A4%95%E0%A4%B0%E0%A4%A4%E0%A5%87%20%E0%A4%B9%E0%A5%88%E0%A4%82%20','D'),
 ('18','%E0%A4%87%E0%A4%A8%E0%A4%AE%E0%A5%87%E0%A4%82%20%E0%A4%B8%E0%A5%87%20%E0%A4%95%E0%A5%8B%E0%A4%88%20%E0%A4%A8%E0%A4%B9%E0%A5%80%E0%A4%82','E'),
 ('18','%E0%A4%95%E0%A5%87%E0%A4%B5%E0%A4%B2%20I%20%E0%A4%94%E0%A4%B0%20III%20%E0%A4%85%E0%A4%A8%E0%A5%81%E0%A4%B8%E0%A4%B0%E0%A4%A3%20%E0%A4%95%E0%A4%B0%E0%A4%A4%E0%A5%87%20%E0%A4%B9%E0%A5%88%E0%A4%82%20','A'),
 ('18','%E0%A4%95%E0%A5%87%E0%A4%B5%E0%A4%B2%20II%20%E0%A4%94%E0%A4%B0%20III%20%E0%A4%85%E0%A4%A8%E0%A5%81%E0%A4%B8%E0%A4%B0%E0%A4%A3%20%E0%A4%95%E0%A4%B0%E0%A4%A4%E0%A5%87%20%E0%A4%B9%E0%A5%88%E0%A4%82%20','B'),
 ('18','%E0%A4%95%E0%A5%87%E0%A4%B5%E0%A4%B2%20I%20%E0%A4%94%E0%A4%B0%20IV%20%E0%A4%85%E0%A4%A8%E0%A5%81%E0%A4%B8%E0%A4%B0%E0%A4%A3%20%E0%A4%95%E0%A4%B0%E0%A4%A4%E0%A5%87%20%E0%A4%B9%E0%A5%88%E0%A4%82%20','C'),
 ('19','%E0%A4%95%E0%A5%87%E0%A4%B5%E0%A4%B2%20%E0%A4%AF%E0%A4%BE%20%E0%A4%A4%E0%A5%8B%20I%20%E0%A4%AF%E0%A4%BE%20III%20%E0%A4%85%E0%A4%A8%E0%A5%81%E0%A4%B8%E0%A4%B0%E0%A4%A3%20%E0%A4%95%E0%A4%B0%E0%A4%A4%E0%A4%BE%20%E0%A4%B9%E0%A5%88%E0%A4%82%20','D'),
 ('19','%E0%A4%95%E0%A5%87%E0%A4%B5%E0%A4%B2%20%E0%A4%AF%E0%A4%BE%20%E0%A4%A4%E0%A5%8B%20I%20%E0%A4%AF%E0%A4%BE%20III%20%E0%A4%B5%20II%20%E0%A4%85%E0%A4%A8%E0%A5%81%E0%A4%B8%E0%A4%B0%E0%A4%A3%20%E0%A4%95%E0%A4%B0%E0%A4%A4%E0%A5%87%20%E0%A4%B9%E0%A5%88%E0%A4%82','E'),
 ('19','%E0%A4%95%E0%A5%87%E0%A4%B5%E0%A4%B2%20I%20%E0%A4%85%E0%A4%A8%E0%A5%81%E0%A4%B8%E0%A4%B0%E0%A4%A3%20%E0%A4%95%E0%A4%B0%E0%A4%A4%E0%A4%BE%20%E0%A4%B9%E0%A5%88%E0%A4%82%20','A'),
 ('19','%E0%A4%95%E0%A5%87%E0%A4%B5%E0%A4%B2%20II%20%E0%A4%85%E0%A4%A8%E0%A5%81%E0%A4%B8%E0%A4%B0%E0%A4%A3%20%E0%A4%95%E0%A4%B0%E0%A4%A4%E0%A4%BE%20%E0%A4%B9%E0%A5%88%E0%A4%82%20','B'),
 ('19','%E0%A4%95%E0%A5%87%E0%A4%B5%E0%A4%B2%20III%20%E0%A4%85%E0%A4%A8%E0%A5%81%E0%A4%B8%E0%A4%B0%E0%A4%A3%20%E0%A4%95%E0%A4%B0%E0%A4%A4%E0%A4%BE%20%E0%A4%B9%E0%A5%88%E0%A4%82%20','C'),
 ('20','%E0%A4%95%E0%A5%87%E0%A4%B5%E0%A4%B2%20III%20%E0%A4%85%E0%A4%A8%E0%A5%81%E0%A4%B8%E0%A4%B0%E0%A4%A3%20%E0%A4%95%E0%A4%B0%E0%A4%A4%E0%A4%BE%20%E0%A4%B9%E0%A5%88%E0%A4%82%20','D'),
 ('20','%E0%A4%95%E0%A5%87%E0%A4%B5%E0%A4%B2%20IV%20%E0%A4%85%E0%A4%A8%E0%A5%81%E0%A4%B8%E0%A4%B0%E0%A4%A3%20%E0%A4%95%E0%A4%B0%E0%A4%A4%E0%A4%BE%20%E0%A4%B9%E0%A5%88%E0%A4%82','E'),
 ('20','%E0%A4%95%E0%A5%8B%E0%A4%88%20%E0%A4%85%E0%A4%A8%E0%A5%81%E0%A4%B8%E0%A4%BE%E0%A4%B0%E0%A4%A3%20%E0%A4%A8%E0%A4%B9%E0%A5%80%E0%A4%82%20%E0%A4%95%E0%A4%B0%E0%A4%A4%E0%A4%BE%20%E0%A4%B9%E0%A5%88%20','A'),
 ('20','%E0%A4%95%E0%A5%87%E0%A4%B5%E0%A4%B2%20I%20%E0%A4%85%E0%A4%A8%E0%A5%81%E0%A4%B8%E0%A4%B0%E0%A4%A3%20%E0%A4%95%E0%A4%B0%E0%A4%A4%E0%A4%BE%20%E0%A4%B9%E0%A5%88%E0%A4%82%20','B'),
 ('20','%E0%A4%95%E0%A5%87%E0%A4%B5%E0%A4%B2%20II%20%E0%A4%85%E0%A4%A8%E0%A5%81%E0%A4%B8%E0%A4%B0%E0%A4%A3%20%E0%A4%95%E0%A4%B0%E0%A4%A4%E0%A4%BE%20%E0%A4%B9%E0%A5%88%E0%A4%82%20','C'),
 ('21','117%20%3A%20103%20','D'),
 ('21','None%20of%20these','E'),
 ('21','119%20%3A%20104%20','A'),
 ('21','102%20%3A%20115%20','B'),
 ('21','104%20%3A%20115%20','C'),
 ('22','115','D'),
 ('22','None%20of%20these','E'),
 ('22','76.33','A'),
 ('22','124','B'),
 ('22','83.33%20','C'),
 ('23','14%2C800%20%E0%A4%B0%E0%A5%81%E0%A4%AA%E0%A4%8F%20','D'),
 ('23','%E0%A4%87%E0%A4%A8%E0%A4%AE%E0%A5%87%E0%A4%82%20%E0%A4%B8%E0%A5%87%20%E0%A4%95%E0%A5%8B%E0%A4%88%20%E0%A4%A8%E0%A4%B9%E0%A5%80%E0%A4%82%20','E'),
 ('23','119%3A%20104%20%20','A'),
 ('23','15%2C700%20%E0%A4%B0%E0%A5%81%E0%A4%AA%E0%A4%8F%20','B'),
 ('23','15%2C200%20%E0%A4%B0%E0%A5%81%E0%A4%AA%E0%A4%8F%20','C'),
 ('24','115%20','D'),
 ('24','%E0%A4%87%E0%A4%A8%E0%A4%AE%E0%A5%87%E0%A4%82%20%E0%A4%B8%E0%A5%87%20%E0%A4%95%E0%A5%8B%E0%A4%88%20%E0%A4%A8%E0%A4%B9%E0%A5%80%E0%A4%82%20','E'),
 ('24','76.33%20','A'),
 ('24','124','B'),
 ('24','83.33%20','C'),
 ('25','kjkj','D'),
 ('25','kj','E'),
 ('25','kj','A'),
 ('25','jk','B'),
 ('25','kj','C'),
 ('26','lk','D'),
 ('26','kl','E'),
 ('26','lkkllk','A'),
 ('26','k','B'),
 ('26','lklk','C'),
 ('27','Encouragement%20','D'),
 ('27','None%20of%20these','E'),
 ('27','Shock','A'),
 ('27','Fear','B'),
 ('27','Anxiety%20','C'),
 ('28','The%20public%20is%20ready%20to%20invest%20in%20these%20banks%20because%20of%20the%20knowledge%20that%20these%20banks%20get%20strong%20support%20from%20the%20Government%20','D'),
 ('28','%20None%20of%20these','E'),
 ('28','Indian%20national%20banks%20do%20not%20have%20any%20commitments%20in%20troubled%20foreign%20markets%2C%20','A'),
 ('28','These%20banks%20can%20never%20face%20financial%20crisis%20because%20of%20their%20sheer%20size%20','B'),
 ('28','These%20banks%20are%20ready%20to%20give%20loans%20at%20a%20very%20low%20rate%20of%20interest%20','C'),
 ('29','Anxiety%20','D'),
 ('29','None%20of%20these','E'),
 ('29','Shock%20','A'),
 ('29','Fear%20','B'),
 ('29','%20Encouragement%20','C'),
 ('30','The%20public%20is%20ready%20to%20invest%20in%20these%20banks%20because%20of%20the%20knowledge%20that%20these%20banks%20get%20strong%20support%20from%20the%20Government%20','D'),
 ('30','None%20of%20these','E'),
 ('30','Indian%20national%20banks%20do%20not%20have%20any%20commitments%20in%20troubled%20foreign%20markets%2C%20','A'),
 ('30','These%20banks%20can%20never%20face%20financial%20crisis%20because%20of%20their%20sheer%20size%20','B'),
 ('30','These%20banks%20are%20ready%20to%20give%20loans%20at%20a%20very%20low%20rate%20of%20interest%20','C'),
 ('31','Anxiety','D'),
 ('31','None%20of%20these','E'),
 ('31','Shock','A'),
 ('31','Fear','B'),
 ('31','Encouragement%20','C'),
 ('32','Recession%20is%20bringing%20down%20the%20prices%20of%20essential%20commodities%20','D'),
 ('32','None%20of%20these','E'),
 ('32','Worldwide%2C%20companies%20have%20realized%20that%20India%20is%20a%20strong%20power%20to%20reckon%20with%20','A'),
 ('32','India%20is%20surging%20ahead%20of%20the%20other%20companies%20throughout%20the%20world%20%20','B'),
 ('32','After%20the%20recession%20is%20over%20international%20companies%20will%20turn%20to%20India%20for%20investment%20%20','C'),
 ('33','Only%20(A)%20and%20(B)%20','D'),
 ('33','Only%20(B)%20and%20(C)%20','E'),
 ('33','Only%20(A)','A'),
 ('33','Only%20(B)','B'),
 ('33','%20Only%20(C)%20','C'),
 ('34','The%20public%20is%20ready%20to%20invest%20in%20these%20banks%20because%20of%20the%20knowledge%20that%20these%20banks%20get%20strong%20support%20from%20the%20Government%20','D'),
 ('34','%20None%20of%20these','E'),
 ('34','Indian%20national%20banks%20do%20not%20have%20any%20commitments%20in%20troubled%20foreign%20markets%2C%20','A'),
 ('34','These%20banks%20can%20never%20face%20financial%20crisis%20because%20of%20their%20sheer%20size%20','B'),
 ('34','These%20banks%20are%20ready%20to%20give%20loans%20at%20a%20very%20low%20rate%20of%20interest%20','C'),
 ('35','The%20cost%20cutting%20carried%20out%20by%20all%20the%20companies','D'),
 ('35','None%20of%20these','E'),
 ('35','The%20economy%20coming%20back%20on%20the%20fast%20track%20','A'),
 ('35','The%20slowing%20down%20of%20the%20economy%20','B'),
 ('35','Increased%20hiring%20in%20Indian%20financial%20sector%20in%20times%20of%20economic%20slowdown%20','C'),
 ('36','Anxiety','D'),
 ('36','None%20of%20these','E'),
 ('36','Shock','A'),
 ('36','Fear','B'),
 ('36','Encouragement%20','C'),
 ('37','Recession%20is%20bringing%20down%20the%20prices%20of%20essential%20commodities%20','D'),
 ('37','None%20of%20these','E'),
 ('37','Worldwide%2C%20companies%20have%20realized%20that%20India%20is%20a%20strong%20power%20to%20reckon%20with%20','A'),
 ('37','%20India%20is%20surging%20ahead%20of%20the%20other%20companies%20throughout%20the%20world%20%20','B'),
 ('37','After%20the%20recession%20is%20over%20international%20companies%20will%20turn%20to%20India%20for%20investment%20%20','C'),
 ('38','Only%20(A)%20and%20(B)','D'),
 ('38','Only%20(B)%20and%20(C)%20','E'),
 ('38','Only%20(A)','A'),
 ('38','Only%20(B)%20','B'),
 ('38','Only%20(C)','C'),
 ('39','The%20public%20is%20ready%20to%20invest%20in%20these%20banks%20because%20of%20the%20knowledge%20that%20these%20banks%20get%20strong%20support%20from%20the%20Government%20','D'),
 ('39','None%20of%20these','E'),
 ('39','Indian%20national%20banks%20do%20not%20have%20any%20commitments%20in%20troubled%20foreign%20markets.','A'),
 ('39','These%20banks%20can%20never%20face%20financial%20crisis%20because%20of%20their%20sheer%20size','B'),
 ('39','These%20banks%20are%20ready%20to%20give%20loans%20at%20a%20very%20low%20rate%20of%20interest%20','C'),
 ('40','The%20cost%20cutting%20carried%20out%20by%20all%20the%20companies','D'),
 ('40','None%20of%20these','E'),
 ('40','The%20economy%20coming%20back%20on%20the%20fast%20track%20','A'),
 ('40','The%20slowing%20down%20of%20the%20economy%20','B'),
 ('40','Increased%20hiring%20in%20Indian%20financial%20sector%20in%20times%20of%20economic%20slowdown','C'),
 ('41','Cannot%20be%20determined%20','D'),
 ('41','None%20of%20these','E'),
 ('41','Voice%2015%20win%2075%2039%20store%20gap%2026','A'),
 ('41','Voice%20win%2075%2015%2039%20store%20gap%2026','B'),
 ('41','15%2075%20win%20voice%20store%20gap%2026','C'),
 ('42','There%20will%20be%20no%20such%20step','D'),
 ('42','None%20of%20these','E'),
 ('42','Water%2085%20now%2067%20full%20glass%2015%2037','A'),
 ('42','Water%2085%20now%2067%20glass%20full%2015%2037','B'),
 ('42','Water%2085%20now%2067%20glass%2037%20pull%2015','C'),
 ('43','VI','D'),
 ('43','None%20of%20these','E'),
 ('43','%20VIII','A'),
 ('43','IX%20','B'),
 ('43','VII','C'),
 ('44','Three','D'),
 ('44','None%20of%20these','E'),
 ('44','Four','A'),
 ('44','Five','B'),
 ('44','Six','C'),
 ('45','Seven%20','D'),
 ('45','None%20of%20these','E'),
 ('45','Four%20','A'),
 ('45','Five%20','B'),
 ('45','Six','C'),
 ('46','%E0%A4%90%E0%A4%B8%E0%A4%BE%20%E0%A4%95%E0%A5%8B%E0%A4%88%20%E0%A4%9A%E0%A4%B0%E0%A4%A3%20%E0%A4%A8%E0%A4%B9%E0%A5%80%E0%A4%82%20%E0%A4%B9%E0%A5%8B%E0%A4%97%E0%A4%BE','D'),
 ('46','%E0%A4%87%E0%A4%A8%E0%A4%AE%E0%A5%87%E0%A4%82%20%E0%A4%B8%E0%A5%87%20%E0%A4%95%E0%A5%8B%E0%A4%88%20%E0%A4%A8%E0%A4%B9%E0%A5%80%E0%A4%82','E'),
 ('46','Voice%2015%20win%2075%2039%20store%20gap%2026%20%20','A'),
 ('46','Voice%20win%2075%2015%2039%20store%20gap%2026%20','B'),
 ('46','15%2075%20win%20voice%20gap%2026','C'),
 ('47','%E0%A4%90%E0%A4%B8%E0%A4%BE%20%E0%A4%95%E0%A5%8B%E0%A4%88%20%E0%A4%9A%E0%A4%B0%E0%A4%A3%20%E0%A4%A8%E0%A4%B9%E0%A5%80%E0%A4%82%20%E0%A4%B9%E0%A5%8B%E0%A4%97%E0%A4%BE','D'),
 ('47','%E0%A4%87%E0%A4%A8%E0%A4%AE%E0%A5%87%E0%A4%82%20%E0%A4%B8%E0%A5%87%20%E0%A4%95%E0%A5%8B%E0%A4%88%20%E0%A4%A8%E0%A4%B9%E0%A5%80%E0%A4%82%20','E'),
 ('47','water%2085%20now%2067%20full%20glass%2015%2037%20','A'),
 ('47','water%2085%2067%20glass%20full%2015%2037%20','B'),
 ('47','water%2085%2067%20glass%2037%20full%2015%20','C'),
 ('48','VI%20','D'),
 ('48','%E0%A4%87%E0%A4%A8%E0%A4%AE%E0%A5%87%E0%A4%82%20%E0%A4%B8%E0%A5%87%20%E0%A4%95%E0%A5%8B%E0%A4%88%20%E0%A4%A8%E0%A4%B9%E0%A5%80%E0%A4%82','E'),
 ('48','VIII%20','A'),
 ('48','IX%20','B'),
 ('48','VII%20','C'),
 ('49','%E0%A4%A4%E0%A5%80%E0%A4%A8%20','D'),
 ('49','%E0%A4%87%E0%A4%A8%E0%A4%AE%E0%A5%87%E0%A4%82%20%E0%A4%B8%E0%A5%87%20%E0%A4%95%E0%A5%8B%E0%A4%88%20%E0%A4%A8%E0%A4%B9%E0%A5%80%E0%A4%82%20%E0%A4%B9%E0%A5%88','E'),
 ('49','%E0%A4%9A%E0%A4%BE%E0%A4%B0%20%20','A'),
 ('49','%E0%A4%AA%E0%A4%BE%E0%A4%81%E0%A4%9A%20','B'),
 ('49','%E0%A4%9B%E0%A4%B9%20','C'),
 ('50','%E0%A4%B8%E0%A4%BE%E0%A4%A4%20','D'),
 ('50','%E0%A4%87%E0%A4%A8%E0%A4%AE%E0%A5%87%E0%A4%82%20%E0%A4%B8%E0%A5%87%20%E0%A4%95%E0%A5%8B%E0%A4%88%20%E0%A4%A8%E0%A4%B9%E0%A5%80%E0%A4%82%20%E0%A4%B9%E0%A5%88%E0%A4%83','E'),
 ('50','%E0%A4%9A%E0%A4%BE%E0%A4%B0%20%20','A'),
 ('50','%E0%A4%AA%E0%A4%BE%E0%A4%81%E0%A4%9A%20','B'),
 ('50','%E0%A4%9B%E0%A4%B9%20','C'),
 ('51','Three','D'),
 ('51','More%20than%20three','E'),
 ('51','None','A'),
 ('51','One','B'),
 ('51','Two','C'),
 ('52','%25%4053','D'),
 ('52','None%20of%20these','E'),
 ('52','%25653','A'),
 ('52','%25%4063','B'),
 ('52','%255%403','C'),
 ('53','B','D'),
 ('53','None%20of%20these','E'),
 ('53','R','A'),
 ('53','T','B'),
 ('53','A','C'),
 ('54','Three','D'),
 ('54','More%20than%20three','E'),
 ('54','None','A'),
 ('54','One','B'),
 ('54','Two','C'),
 ('55','Cannot%20be%20determined','D'),
 ('55','None%20of%20these%20%20','E'),
 ('55','95%20metres%20','A'),
 ('55','50%20metres','B'),
 ('55','70%20metres','C'),
 ('56','UWS','D'),
 ('56','None%20of%20these','E'),
 ('56','STW','A'),
 ('56','WUS','B'),
 ('56','SWU','C'),
 ('57','28','D'),
 ('57','None%20of%20these','E'),
 ('57','%E2%80%93%2022','A'),
 ('57','%E2%80%93%20168','B'),
 ('57','22','C'),
 ('58','TNRKMVG','D'),
 ('58','None%20of%20these','E'),
 ('58','VPTKKTE%20','A'),
 ('58','VPTKETK%09','B'),
 ('58','TPVKKTE','C'),
 ('59','Data%20inadequate','D'),
 ('59','None%20of%20these','E'),
 ('59','Ja','A'),
 ('59','Na','B'),
 ('59','Pa','C'),
 ('60','Three','D'),
 ('60','More%20than%20three','E'),
 ('60','None','A'),
 ('60','One','B'),
 ('60','Two','C'),
 ('61','%E0%A4%A4%E0%A5%80%E0%A4%A8','D'),
 ('61','%E0%A4%A4%E0%A5%80%E0%A4%A8%20%E0%A4%B8%E0%A5%87%20%E0%A4%85%E0%A4%A7%E0%A4%BF%E0%A4%95','E'),
 ('61','%E0%A4%95%E0%A5%8B%E0%A4%88%20%E0%A4%A8%E0%A4%B9%E0%A5%80%E0%A4%82%20%20','A'),
 ('61','%E0%A4%8F%E0%A4%95%20','B'),
 ('61','%E0%A4%A6%E0%A5%8B','C'),
 ('62','%25%4053','D'),
 ('62','%E0%A4%87%E0%A4%A8%E0%A4%AE%E0%A5%87%E0%A4%82%20%E0%A4%B8%E0%A5%87%20%E0%A4%95%E0%A5%8B%E0%A4%88%20%E0%A4%A8%E0%A4%B9%E0%A5%80%E0%A4%82','E'),
 ('62','%25653','A'),
 ('62','%25%4063','B'),
 ('62','%255%403','C'),
 ('63','B','D'),
 ('63','%E0%A4%87%E0%A4%A8%E0%A4%AE%E0%A5%87%E0%A4%82%20%E0%A4%B8%E0%A5%87%20%E0%A4%95%E0%A5%8B%E0%A4%88%20%E0%A4%A8%E0%A4%B9%E0%A5%80%E0%A4%82','E'),
 ('63','R','A'),
 ('63','T','B'),
 ('63','A','C'),
 ('64','%E0%A4%A4%E0%A5%80%E0%A4%A8','D'),
 ('64','%E0%A4%A4%E0%A5%80%E0%A4%A8%20%E0%A4%B8%E0%A5%87%20%E0%A4%85%E0%A4%A7%E0%A4%BF%E0%A4%95','E'),
 ('64','%E0%A4%95%E0%A5%8B%E0%A4%88%20%E0%A4%A8%E0%A4%B9%E0%A5%80%E0%A4%82','A'),
 ('64','%E0%A4%8F%E0%A4%95','B'),
 ('64','%E0%A4%A6%E0%A5%8B','C'),
 ('65','%E0%A4%A8%E0%A4%BF%E0%A4%B0%E0%A5%8D%E0%A4%A7%E0%A4%BE%E0%A4%B0%E0%A4%BF%E0%A4%A4%20%E0%A4%A8%E0%A4%B9%E0%A5%80%E0%A4%82%20%E0%A4%95%E0%A4%BF%E0%A4%AF%E0%A4%BE%20%E0%A4%9C%E0%A4%BE%20%E0%A4%B8%E0%A4%95%E0%A4%A4%E0%A4%BE%20','D'),
 ('65','%E0%A4%87%E0%A4%A8%E0%A4%AE%E0%A5%87%E0%A4%82%20%E0%A4%B8%E0%A5%87%20%E0%A4%95%E0%A5%8B%E0%A4%88%20%E0%A4%A8%E0%A4%B9%E0%A5%80%E0%A4%82','E'),
 ('65','95%20%E0%A4%AE%E0%A5%80%E0%A4%9F%E0%A4%B0%20%20%20','A'),
 ('65','50%20%E0%A4%AE%E0%A5%80%E0%A4%9F%E0%A4%B0','B'),
 ('65','70%20%E0%A4%AE%E0%A5%80%E0%A4%9F%E0%A4%B0','C'),
 ('66','UWS','D'),
 ('66','%E0%A4%87%E0%A4%A8%E0%A4%AE%E0%A5%87%E0%A4%82%20%E0%A4%B8%E0%A5%87%20%E0%A4%95%E0%A5%8B%E0%A4%88%20%E0%A4%A8%E0%A4%B9%E0%A5%80%E0%A4%82','E'),
 ('66','STW','A'),
 ('66','WUS','B'),
 ('66','SWU','C'),
 ('67','28','D'),
 ('67','%E0%A4%87%E0%A4%A8%E0%A4%AE%E0%A5%87%E0%A4%82%20%E0%A4%B8%E0%A5%87%20%E0%A4%95%E0%A5%8B%E0%A4%88%20%E0%A4%A8%E0%A4%B9%E0%A5%80%E0%A4%82','E'),
 ('67','-22%20','A'),
 ('67','-168','B'),
 ('67','22','C'),
 ('68','TNRKMVG%20','D'),
 ('68','%E0%A4%87%E0%A4%A8%E0%A4%AE%E0%A5%87%E0%A4%82%20%E0%A4%B8%E0%A5%87%20%E0%A4%95%E0%A5%8B%E0%A4%88%20%E0%A4%A8%E0%A4%B9%E0%A5%80%E0%A4%82','E'),
 ('68','VPTKKTE','A'),
 ('68','VPTKETK','B'),
 ('68','TPVKKTE','C'),
 ('69','%E0%A4%A1%E0%A4%BE%E0%A4%9F%E0%A4%BE%20%E0%A4%85%E0%A4%AA%E0%A4%B0%E0%A5%8D%E0%A4%AF%E0%A4%BE%E0%A4%AA%E0%A5%8D%E0%A4%A4%20%20','D'),
 ('69','%E0%A4%87%E0%A4%A8%E0%A4%AE%E0%A5%87%E0%A4%82%20%E0%A4%B8%E0%A5%87%20%E0%A4%95%E0%A5%8B%E0%A4%88%20%E0%A4%A8%E0%A4%B9%E0%A5%80%E0%A4%82','E'),
 ('69','ja','A'),
 ('69','na','B'),
 ('69','pa','C'),
 ('70','%E0%A4%A4%E0%A5%80%E0%A4%A8','D'),
 ('70','%E0%A4%A4%E0%A5%80%E0%A4%A8%20%E0%A4%B8%E0%A5%87%20%E0%A4%85%E0%A4%A7%E0%A4%BF%E0%A4%95','E'),
 ('70','%E0%A4%95%E0%A5%8B%E0%A4%88%20%E0%A4%A8%E0%A4%B9%E0%A5%80%E0%A4%82','A'),
 ('70','%E0%A4%8F%E0%A4%95','B'),
 ('70','%E0%A4%A6%E0%A5%8B','C'),
 ('71','Only%20II%2C%20III%20and%20IV%20follow%20','D'),
 ('71','None%20of%20these','E'),
 ('71','Only%20I%20and%20III%20follow','A'),
 ('71','Only%20II%20and%20III%20follow','B'),
 ('71','Only%20I%20and%20IV%20follow%20','C'),
 ('72','Only%20either%20I%20or%20III%20follows%20','D'),
 ('72','Only%20either%20I%20or%20III%20and%20II%20follows','E'),
 ('72','Only%20I%20follows%20','A'),
 ('72','Only%20II%20follows','B'),
 ('72','Only%20III%20follows%20','C'),
 ('73','%20Only%20II%2C%20III%20and%20IV%20follow','D'),
 ('73','None%20of%20these','E'),
 ('73','Only%20I%20and%20II%20follow','A'),
 ('73','Only%20I%20and%20III%20follow','B'),
 ('73','Only%20I%2C%20II%20and%20III%20follow%20','C'),
 ('74','Only%20II%2C%20III%20and%20IV%20follow','D'),
 ('74','None%20of%20these','E'),
 ('74','Only%20I%20and%20III%20follow','A'),
 ('74','Only%20I%2C%20II%20and%20III%20follow','B'),
 ('74','Only%20III%20and%20IV%20follow','C'),
 ('75','Only%20III%20follows','D'),
 ('75','Only%20IV%20follows','E'),
 ('75','None%20follows','A'),
 ('75','Only%20I%20follows','B'),
 ('75','Only%20II%20follows','C'),
 ('76','%E0%A4%95%E0%A5%87%E0%A4%B5%E0%A4%B2%20II%2C%20III%20%E0%A4%94%E0%A4%B0%20IV%20%E0%A4%85%E0%A4%A8%E0%A5%81%E0%A4%B8%E0%A4%B0%E0%A4%A3%20%E0%A4%95%E0%A4%B0%E0%A4%A4%E0%A5%87%20%E0%A4%B9%E0%A5%88%E0%A4%82','D'),
 ('76','%E0%A4%87%E0%A4%A8%E0%A4%AE%E0%A5%87%E0%A4%82%20%E0%A4%B8%E0%A5%87%20%E0%A4%95%E0%A5%8B%E0%A4%88%20%E0%A4%A8%E0%A4%B9%E0%A5%80%E0%A4%82','E'),
 ('76','%E0%A4%95%E0%A5%87%E0%A4%B5%E0%A4%B2%20I%20%E0%A4%94%E0%A4%B0%20III%20%E0%A4%85%E0%A4%A8%E0%A5%81%E0%A4%B8%E0%A4%B0%E0%A4%A3%20%E0%A4%95%E0%A4%B0%E0%A4%A4%E0%A5%87%20%E0%A4%B9%E0%A5%88%E0%A4%82%20','A'),
 ('76','%E0%A4%95%E0%A5%87%E0%A4%B5%E0%A4%B2%20II%20%E0%A4%94%E0%A4%B0%20III%20%E0%A4%85%E0%A4%A8%E0%A5%81%E0%A4%B8%E0%A4%B0%E0%A4%A3%20%E0%A4%95%E0%A4%B0%E0%A4%A4%E0%A5%87%20%E0%A4%B9%E0%A5%88%E0%A4%82%20','B'),
 ('76','%E0%A4%95%E0%A5%87%E0%A4%B5%E0%A4%B2%20I%20%E0%A4%94%E0%A4%B0%20IV%20%E0%A4%85%E0%A4%A8%E0%A5%81%E0%A4%B8%E0%A4%B0%E0%A4%A3%20%E0%A4%95%E0%A4%B0%E0%A4%A4%E0%A5%87%20%E0%A4%B9%E0%A5%88%E0%A4%82','C'),
 ('77','%E0%A4%95%E0%A5%87%E0%A4%B5%E0%A4%B2%20%E0%A4%AF%E0%A4%BE%20%E0%A4%A4%E0%A5%8B%20I%20%E0%A4%AF%E0%A4%BE%20III%20%E0%A4%85%E0%A4%A8%E0%A5%81%E0%A4%B8%E0%A4%B0%E0%A4%A3%20%E0%A4%95%E0%A4%B0%E0%A4%A4%E0%A4%BE%20%E0%A4%B9%E0%A5%88%E0%A4%82%20','D'),
 ('77','%E0%A4%95%E0%A5%87%E0%A4%B5%E0%A4%B2%20%E0%A4%AF%E0%A4%BE%20%E0%A4%A4%E0%A5%8B%20I%20%E0%A4%AF%E0%A4%BE%20III%20%E0%A4%B5%20II%20%E0%A4%85%E0%A4%A8%E0%A5%81%E0%A4%B8%E0%A4%B0%E0%A4%A3%20%E0%A4%95%E0%A4%B0%E0%A4%A4%E0%A5%87%20%E0%A4%B9%E0%A5%88%E0%A4%82','E'),
 ('77','%E0%A4%95%E0%A5%87%E0%A4%B5%E0%A4%B2%20I%20%E0%A4%85%E0%A4%A8%E0%A5%81%E0%A4%B8%E0%A4%B0%E0%A4%A3%20%E0%A4%95%E0%A4%B0%E0%A4%A4%E0%A4%BE%20%E0%A4%B9%E0%A5%88%E0%A4%82%20','A'),
 ('77','%E0%A4%95%E0%A5%87%E0%A4%B5%E0%A4%B2%20II%20%E0%A4%85%E0%A4%A8%E0%A5%81%E0%A4%B8%E0%A4%B0%E0%A4%A3%20%E0%A4%95%E0%A4%B0%E0%A4%A4%E0%A4%BE%20%E0%A4%B9%E0%A5%88%E0%A4%82%20','B'),
 ('77','%E0%A4%95%E0%A5%87%E0%A4%B5%E0%A4%B2%20III%20%E0%A4%85%E0%A4%A8%E0%A5%81%E0%A4%B8%E0%A4%B0%E0%A4%A3%20%E0%A4%95%E0%A4%B0%E0%A4%A4%E0%A4%BE%20%E0%A4%B9%E0%A5%88%E0%A4%82%20','C'),
 ('78','%E0%A4%95%E0%A5%87%E0%A4%B5%E0%A4%B2%20II%2C%20III%20%E0%A4%94%E0%A4%B0%20IV%20%E0%A4%85%E0%A4%A8%E0%A5%81%E0%A4%B8%E0%A4%B0%E0%A4%A3%20%E0%A4%95%E0%A4%B0%E0%A4%A4%E0%A5%87%20%E0%A4%B9%E0%A5%88%E0%A4%82%20','D'),
 ('78','%E0%A4%87%E0%A4%A8%E0%A4%AE%E0%A5%87%E0%A4%82%20%E0%A4%B8%E0%A5%87%20%E0%A4%95%E0%A5%8B%E0%A4%88%20%E0%A4%A8%E0%A4%B9%E0%A5%80%E0%A4%82','E'),
 ('78','%E0%A4%95%E0%A5%87%E0%A4%B5%E0%A4%B2%20I%20%E0%A4%94%E0%A4%B0%20II%20%E0%A4%85%E0%A4%A8%E0%A5%81%E0%A4%B8%E0%A4%B0%E0%A4%A3%20%E0%A4%95%E0%A4%B0%E0%A4%A4%E0%A5%87%20%E0%A4%B9%E0%A5%88%E0%A4%82%20','A'),
 ('78','%E0%A4%95%E0%A5%87%E0%A4%B5%E0%A4%B2%20I%20%E0%A4%94%E0%A4%B0%20III%20%E0%A4%85%E0%A4%A8%E0%A5%81%E0%A4%B8%E0%A4%B0%E0%A4%A3%20%E0%A4%95%E0%A4%B0%E0%A4%A4%E0%A5%87%20%E0%A4%B9%E0%A5%88%E0%A4%82%20','B'),
 ('78','%E0%A4%95%E0%A5%87%E0%A4%B5%E0%A4%B2%20I%2C%20II%20%E0%A4%94%E0%A4%B0%20III%20%E0%A4%85%E0%A4%A8%E0%A5%81%E0%A4%B8%E0%A4%B0%E0%A4%A3%20%E0%A4%95%E0%A4%B0%E0%A4%A4%E0%A5%87%20%E0%A4%B9%E0%A5%88%E0%A4%82','C'),
 ('79','%E0%A4%95%E0%A5%87%E0%A4%B5%E0%A4%B2%20II%2C%20III%20%E0%A4%94%E0%A4%B0%20IV%20%E0%A4%85%E0%A4%A8%E0%A5%81%E0%A4%B8%E0%A4%B0%E0%A4%A3%20%E0%A4%95%E0%A4%B0%E0%A4%A4%E0%A5%87%20%E0%A4%B9%E0%A5%88%E0%A4%82','D'),
 ('79','%E0%A4%87%E0%A4%A8%E0%A4%AE%E0%A5%87%E0%A4%82%20%E0%A4%B8%E0%A5%87%20%E0%A4%95%E0%A5%8B%E0%A4%88%20%E0%A4%A8%E0%A4%B9%E0%A5%80%E0%A4%82','E'),
 ('79','%E0%A4%95%E0%A5%87%E0%A4%B5%E0%A4%B2%20I%20%E0%A4%94%E0%A4%B0%20III%20%E0%A4%85%E0%A4%A8%E0%A5%81%E0%A4%B8%E0%A4%B0%E0%A4%A3%20%E0%A4%95%E0%A4%B0%E0%A4%A4%E0%A5%87%20%E0%A4%B9%E0%A5%88%E0%A4%82%20','A'),
 ('79','%E0%A4%95%E0%A5%87%E0%A4%B5%E0%A4%B2%20I%2C%20II%20%E0%A4%94%E0%A4%B0%20III%20%E0%A4%85%E0%A4%A8%E0%A5%81%E0%A4%B8%E0%A4%B0%E0%A4%A3%20%E0%A4%95%E0%A4%B0%E0%A4%A4%E0%A5%87%20%E0%A4%B9%E0%A5%88%E0%A4%82%20','B'),
 ('79','%E0%A4%95%E0%A5%87%E0%A4%B5%E0%A4%B2%20III%20%E0%A4%94%E0%A4%B0%20IV%20%E0%A4%85%E0%A4%A8%E0%A5%81%E0%A4%B8%E0%A4%B0%E0%A4%A3%20%E0%A4%95%E0%A4%B0%E0%A4%A4%E0%A5%87%20%E0%A4%B9%E0%A5%88%E0%A4%82%20','C'),
 ('80','%E0%A4%95%E0%A5%87%E0%A4%B5%E0%A4%B2%20III%20%E0%A4%85%E0%A4%A8%E0%A5%81%E0%A4%B8%E0%A4%B0%E0%A4%A3%20%E0%A4%95%E0%A4%B0%E0%A4%A4%E0%A4%BE%20%E0%A4%B9%E0%A5%88%E0%A4%82%20','D'),
 ('80','%E0%A4%95%E0%A5%87%E0%A4%B5%E0%A4%B2%20IV%20%E0%A4%85%E0%A4%A8%E0%A5%81%E0%A4%B8%E0%A4%B0%E0%A4%A3%20%E0%A4%95%E0%A4%B0%E0%A4%A4%E0%A4%BE%20%E0%A4%B9%E0%A5%88%E0%A4%82','E'),
 ('80','%E0%A4%95%E0%A5%8B%E0%A4%88%20%E0%A4%85%E0%A4%A8%E0%A5%81%E0%A4%B8%E0%A4%BE%E0%A4%B0%E0%A4%A3%20%E0%A4%A8%E0%A4%B9%E0%A5%80%E0%A4%82%20%E0%A4%95%E0%A4%B0%E0%A4%A4%E0%A4%BE%20%E0%A4%B9%E0%A5%88%20','A'),
 ('80','%E0%A4%95%E0%A5%87%E0%A4%B5%E0%A4%B2%20I%20%E0%A4%85%E0%A4%A8%E0%A5%81%E0%A4%B8%E0%A4%B0%E0%A4%A3%20%E0%A4%95%E0%A4%B0%E0%A4%A4%E0%A4%BE%20%E0%A4%B9%E0%A5%88%E0%A4%82%20','B'),
 ('80','%E0%A4%95%E0%A5%87%E0%A4%B5%E0%A4%B2%20II%20%E0%A4%85%E0%A4%A8%E0%A5%81%E0%A4%B8%E0%A4%B0%E0%A4%A3%20%E0%A4%95%E0%A4%B0%E0%A4%A4%E0%A4%BE%20%E0%A4%B9%E0%A5%88%E0%A4%82%20','C'),
 ('81','jkkjj','A'),
 ('81','jkkj','B'),
 ('82','jkjkj','A'),
 ('82','kjjkj','B'),
 ('83','a','A'),
 ('84','a','A'),
 ('85','kk','A'),
 ('85','l','B'),
 ('86','kk','A'),
 ('86','kk','B'),
 ('87','kk','A'),
 ('88','a','A'),
 ('89','k','A'),
 ('90','ll','A'),
 ('91','a','A'),
 ('92','a','A'),
 ('93','a','A'),
 ('94','a','A'),
 ('95','a','A'),
 ('96','a','A'),
 ('97','a','A'),
 ('98','a','A'),
 ('99','a','A'),
 ('100','a','A'),
 ('101','a','A'),
 ('102','a','A'),
 ('103','a','A'),
 ('104','a','A'),
 ('105','a','A'),
 ('106','a','A'),
 ('1','Cannot%20be%20determined%20','D'),
 ('1','%20None%20of%20these','E'),
 ('1','Voice%2015%20win%2075%2039%20store%20gap%2026%20JHHNN','A'),
 ('1','Voice%20win%2075%2015%2039%20store%20gap%2026%20NNNOOO','B'),
 ('1','15%2075%20win%20voice%20store%20gap%2026','C'),
 ('2','VI ','D'),
 ('2','None of these','E'),
 ('2','VIII  OK OK P','A'),
 ('2','IX ','B'),
 ('2','VII ','C'),
 ('3','à¤à¤¸à¤¾ à¤•à¥‹à¤ˆ à¤šà¤°à¤£ à¤¨à¤¹à¥€à¤‚ à¤¹à¥‹à¤—à¤¾','D'),
 ('3','à¤‡à¤¨à¤®à¥‡à¤‚ à¤¸à¥‡ à¤•à¥‹à¤ˆ à¤¨à¤¹à¥€à¤‚ ','E'),
 ('3','water 85 now 67 full glass 15 37 ','A'),
 ('3','water 85 67 glass full 15 37 ','B'),
 ('3','water 85 67 glass 37 full 15 ','C'),
 ('4','Seven%20','D'),
 ('4','None%20of%20these','E'),
 ('4','Four%20','A'),
 ('4','Five%20','B'),
 ('4','Six','C'),
 ('5','Three','D'),
 ('5','None%20of%20these','E'),
 ('5','Four','A'),
 ('5','Five','B'),
 ('5','Six','C'),
 ('6','%E0%A4%A8%20%E0%A4%B8%E0%A4%BE%20%E0%A4%A8%E0%A4%BF%E0%A4%B7%E0%A5%8D%E0%A4%9A%E0%A4%BF%E0%A4%A4%20%E0%A4%B0%E0%A5%82%E0%A4%AA%20%E0%A4%B8%E0%A5%87%20%E0%A4%87%E0%A4%A8%E0%A4%AA%E0%A5%81%E0%A4%9F%20%E0%A4%B9%E0%A5%88%3F','D'),
 ('6','%E0%A4%A8%20%E0%A4%B8%E0%A4%BE%20%E0%A4%A8%E0%A4%BF%E0%A4%B7%E0%A5%8D%E0%A4%9A%E0%A4%BF%E0%A4%A4%20','E'),
 ('6','voice%2015%20win%2075%2039%20store%20gap%2026%20%20','A'),
 ('6','voice%20win%2075%2015%2039%20store%20gap%2026%20','B'),
 ('6','15%2075%20win%20voice%20gap%2026','C'),
 ('7','VI%20','D'),
 ('7','%E0%A4%87%E0%A4%A8%E0%A4%AE%E0%A5%87%E0%A4%82%20%E0%A4%B8%E0%A5%87%20%E0%A4%95%E0%A5%8B%E0%A4%88%20%E0%A4%A8%E0%A4%B9%E0%A5%80%E0%A4%82%20','E'),
 ('7','VIII%20','A'),
 ('7','IX%20','B'),
 ('7','VII%20','C'),
 ('8','%E0%A4%90%E0%A4%B8%E0%A4%BE%20%E0%A4%95%E0%A5%8B%E0%A4%88%20%E0%A4%9A%E0%A4%B0%E0%A4%A3%20%E0%A4%A8%E0%A4%B9%E0%A5%80%E0%A4%82%20%E0%A4%B9%E0%A5%8B%E0%A4%97%E0%A4%BE','D'),
 ('8','%E0%A4%87%E0%A4%A8%E0%A4%AE%E0%A5%87%E0%A4%82%20%E0%A4%B8%E0%A5%87%20%E0%A4%95%E0%A5%8B%E0%A4%88%20%E0%A4%A8%E0%A4%B9%E0%A5%80%E0%A4%82%20','E'),
 ('8','water%2085%20now%2067%20full%20glass%2015%2037%20','A'),
 ('8','water%2085%2067%20glass%20full%2015%2037%20','B'),
 ('8','water%2085%2067%20glass%2037%20full%2015%20','C'),
 ('9','%E0%A4%B8%E0%A4%BE%E0%A4%A4%20','D'),
 ('9','%E0%A4%87%E0%A4%A8%E0%A4%AE%E0%A5%87%E0%A4%82%20%E0%A4%B8%E0%A5%87%20%E0%A4%95%E0%A5%8B%E0%A4%88%20%E0%A4%A8%E0%A4%B9%E0%A5%80%E0%A4%82%20%E0%A4%B9%E0%A5%88%E0%A4%83','E'),
 ('9','%E0%A4%9A%E0%A4%BE%E0%A4%B0%20%20','A'),
 ('9','%E0%A4%AA%E0%A4%BE%E0%A4%81%E0%A4%9A%20','B'),
 ('9','%E0%A4%9B%E0%A4%B9%20','C'),
 ('10','%E0%A4%A4%E0%A5%80%E0%A4%A8%20','D'),
 ('10','%E0%A4%87%E0%A4%A8%E0%A4%AE%E0%A5%87%E0%A4%82%20%E0%A4%B8%E0%A5%87%20%E0%A4%95%E0%A5%8B%E0%A4%88%20%E0%A4%A8%E0%A4%B9%E0%A5%80%E0%A4%82%20%E0%A4%B9%E0%A5%88','E'),
 ('10','%E0%A4%9A%E0%A4%BE%E0%A4%B0%20%20','A'),
 ('10','%E0%A4%AA%E0%A4%BE%E0%A4%81%E0%A4%9A%20','B'),
 ('10','%E0%A4%9B%E0%A4%B9%20','C'),
 ('11','Only II, III and IV follow','D'),
 ('11','None of these Ok Done','E'),
 ('11','Only ','A'),
 ('11','Only I and III follow','B'),
 ('11','Only I, II and III follow ','C'),
 ('12','Only%20II%2C%20III%20and%20IV%20follow','D'),
 ('12','None%20of%20these','E'),
 ('12','Only%20I%20and%20III%20follow','A'),
 ('12','Only%20I%2C%20II%20and%20III%20follow','B'),
 ('12','Only%20III%20and%20IV%20follow','C'),
 ('13','Only%20II%2C%20III%20and%20IV%20follow%20','D'),
 ('13','None%20of%20these','E'),
 ('13','Only%20I%20and%20III%20follow','A'),
 ('13','Only%20II%20and%20III%20follow%20','B'),
 ('13','Only%20I%20and%20IV%20follow%20','C'),
 ('14','Only%20either%20I%20or%20III%20follows%20','D'),
 ('14','Only%20either%20I%20or%20III%20and%20II%20follows','E'),
 ('14','Only%20I%20follows%20','A'),
 ('14','%20Only%20II%20follows%20','B'),
 ('14','Only%20III%20follows%20','C'),
 ('15','Only%20III%20follows','D'),
 ('15','Only%20IV%20follows','E'),
 ('15','None%20follows','A'),
 ('15','Only%20I%20follows','B'),
 ('15','Only%20II%20follows','C'),
 ('16','%E0%A4%95%E0%A5%87%E0%A4%B5%E0%A4%B2%20II%2C%20III%20%E0%A4%94%E0%A4%B0%20IV%20%E0%A4%85%E0%A4%A8%E0%A5%81%E0%A4%B8%E0%A4%B0%E0%A4%A3%20%E0%A4%95%E0%A4%B0%E0%A4%A4%E0%A5%87%20%E0%A4%B9%E0%A5%88%E0%A4%82%20','D'),
 ('16','%E0%A4%87%E0%A4%A8%E0%A4%AE%E0%A5%87%E0%A4%82%20%E0%A4%B8%E0%A5%87%20%E0%A4%95%E0%A5%8B%E0%A4%88%20%E0%A4%A8%E0%A4%B9%E0%A5%80%E0%A4%82','E'),
 ('16','%E0%A4%95%E0%A5%87%E0%A4%B5%E0%A4%B2%20I%20%E0%A4%94%E0%A4%B0%20II%20%E0%A4%85%E0%A4%A8%E0%A5%81%E0%A4%B8%E0%A4%B0%E0%A4%A3%20%E0%A4%95%E0%A4%B0%E0%A4%A4%E0%A5%87%20%E0%A4%B9%E0%A5%88%E0%A4%82%20','A'),
 ('16','%E0%A4%95%E0%A5%87%E0%A4%B5%E0%A4%B2%20I%20%E0%A4%94%E0%A4%B0%20III%20%E0%A4%85%E0%A4%A8%E0%A5%81%E0%A4%B8%E0%A4%B0%E0%A4%A3%20%E0%A4%95%E0%A4%B0%E0%A4%A4%E0%A5%87%20%E0%A4%B9%E0%A5%88%E0%A4%82%20','B'),
 ('16','%E0%A4%95%E0%A5%87%E0%A4%B5%E0%A4%B2%20I%2C%20II%20%E0%A4%94%E0%A4%B0%20III%20%E0%A4%85%E0%A4%A8%E0%A5%81%E0%A4%B8%E0%A4%B0%E0%A4%A3%20%E0%A4%95%E0%A4%B0%E0%A4%A4%E0%A5%87%20%E0%A4%B9%E0%A5%88%E0%A4%82%20','C'),
 ('17','%E0%A4%95%E0%A5%87%E0%A4%B5%E0%A4%B2%20II%2C%20III%20%E0%A4%94%E0%A4%B0%20IV%20%E0%A4%85%E0%A4%A8%E0%A5%81%E0%A4%B8%E0%A4%B0%E0%A4%A3%20%E0%A4%95%E0%A4%B0%E0%A4%A4%E0%A5%87%20%E0%A4%B9%E0%A5%88%E0%A4%82%20','D'),
 ('17','%E0%A4%87%E0%A4%A8%E0%A4%AE%E0%A5%87%E0%A4%82%20%E0%A4%B8%E0%A5%87%20%E0%A4%95%E0%A5%8B%E0%A4%88%20%E0%A4%A8%E0%A4%B9%E0%A5%80%E0%A4%82','E'),
 ('17','%E0%A4%95%E0%A5%87%E0%A4%B5%E0%A4%B2%20I%20%E0%A4%94%E0%A4%B0%20III%20%E0%A4%85%E0%A4%A8%E0%A5%81%E0%A4%B8%E0%A4%B0%E0%A4%A3%20%E0%A4%95%E0%A4%B0%E0%A4%A4%E0%A5%87%20%E0%A4%B9%E0%A5%88%E0%A4%82%20','A'),
 ('17','%E0%A4%95%E0%A5%87%E0%A4%B5%E0%A4%B2%20I%2C%20II%20%E0%A4%94%E0%A4%B0%20III%20%E0%A4%85%E0%A4%A8%E0%A5%81%E0%A4%B8%E0%A4%B0%E0%A4%A3%20%E0%A4%95%E0%A4%B0%E0%A4%A4%E0%A5%87%20%E0%A4%B9%E0%A5%88%E0%A4%82%20','B'),
 ('17','%E0%A4%95%E0%A5%87%E0%A4%B5%E0%A4%B2%20III%20%E0%A4%94%E0%A4%B0%20IV%20%E0%A4%85%E0%A4%A8%E0%A5%81%E0%A4%B8%E0%A4%B0%E0%A4%A3%20%E0%A4%95%E0%A4%B0%E0%A4%A4%E0%A5%87%20%E0%A4%B9%E0%A5%88%E0%A4%82%20','C'),
 ('18','%E0%A4%95%E0%A5%87%E0%A4%B5%E0%A4%B2%20II%2C%20III%20%E0%A4%94%E0%A4%B0%20IV%20%E0%A4%85%E0%A4%A8%E0%A5%81%E0%A4%B8%E0%A4%B0%E0%A4%A3%20%E0%A4%95%E0%A4%B0%E0%A4%A4%E0%A5%87%20%E0%A4%B9%E0%A5%88%E0%A4%82%20','D'),
 ('18','%E0%A4%87%E0%A4%A8%E0%A4%AE%E0%A5%87%E0%A4%82%20%E0%A4%B8%E0%A5%87%20%E0%A4%95%E0%A5%8B%E0%A4%88%20%E0%A4%A8%E0%A4%B9%E0%A5%80%E0%A4%82','E'),
 ('18','%E0%A4%95%E0%A5%87%E0%A4%B5%E0%A4%B2%20I%20%E0%A4%94%E0%A4%B0%20III%20%E0%A4%85%E0%A4%A8%E0%A5%81%E0%A4%B8%E0%A4%B0%E0%A4%A3%20%E0%A4%95%E0%A4%B0%E0%A4%A4%E0%A5%87%20%E0%A4%B9%E0%A5%88%E0%A4%82%20','A'),
 ('18','%E0%A4%95%E0%A5%87%E0%A4%B5%E0%A4%B2%20II%20%E0%A4%94%E0%A4%B0%20III%20%E0%A4%85%E0%A4%A8%E0%A5%81%E0%A4%B8%E0%A4%B0%E0%A4%A3%20%E0%A4%95%E0%A4%B0%E0%A4%A4%E0%A5%87%20%E0%A4%B9%E0%A5%88%E0%A4%82%20','B'),
 ('18','%E0%A4%95%E0%A5%87%E0%A4%B5%E0%A4%B2%20I%20%E0%A4%94%E0%A4%B0%20IV%20%E0%A4%85%E0%A4%A8%E0%A5%81%E0%A4%B8%E0%A4%B0%E0%A4%A3%20%E0%A4%95%E0%A4%B0%E0%A4%A4%E0%A5%87%20%E0%A4%B9%E0%A5%88%E0%A4%82%20','C'),
 ('19','%E0%A4%95%E0%A5%87%E0%A4%B5%E0%A4%B2%20%E0%A4%AF%E0%A4%BE%20%E0%A4%A4%E0%A5%8B%20I%20%E0%A4%AF%E0%A4%BE%20III%20%E0%A4%85%E0%A4%A8%E0%A5%81%E0%A4%B8%E0%A4%B0%E0%A4%A3%20%E0%A4%95%E0%A4%B0%E0%A4%A4%E0%A4%BE%20%E0%A4%B9%E0%A5%88%E0%A4%82%20','D'),
 ('19','%E0%A4%95%E0%A5%87%E0%A4%B5%E0%A4%B2%20%E0%A4%AF%E0%A4%BE%20%E0%A4%A4%E0%A5%8B%20I%20%E0%A4%AF%E0%A4%BE%20III%20%E0%A4%B5%20II%20%E0%A4%85%E0%A4%A8%E0%A5%81%E0%A4%B8%E0%A4%B0%E0%A4%A3%20%E0%A4%95%E0%A4%B0%E0%A4%A4%E0%A5%87%20%E0%A4%B9%E0%A5%88%E0%A4%82','E'),
 ('19','%E0%A4%95%E0%A5%87%E0%A4%B5%E0%A4%B2%20I%20%E0%A4%85%E0%A4%A8%E0%A5%81%E0%A4%B8%E0%A4%B0%E0%A4%A3%20%E0%A4%95%E0%A4%B0%E0%A4%A4%E0%A4%BE%20%E0%A4%B9%E0%A5%88%E0%A4%82%20','A'),
 ('19','%E0%A4%95%E0%A5%87%E0%A4%B5%E0%A4%B2%20II%20%E0%A4%85%E0%A4%A8%E0%A5%81%E0%A4%B8%E0%A4%B0%E0%A4%A3%20%E0%A4%95%E0%A4%B0%E0%A4%A4%E0%A4%BE%20%E0%A4%B9%E0%A5%88%E0%A4%82%20','B'),
 ('19','%E0%A4%95%E0%A5%87%E0%A4%B5%E0%A4%B2%20III%20%E0%A4%85%E0%A4%A8%E0%A5%81%E0%A4%B8%E0%A4%B0%E0%A4%A3%20%E0%A4%95%E0%A4%B0%E0%A4%A4%E0%A4%BE%20%E0%A4%B9%E0%A5%88%E0%A4%82%20','C'),
 ('20','%E0%A4%95%E0%A5%87%E0%A4%B5%E0%A4%B2%20III%20%E0%A4%85%E0%A4%A8%E0%A5%81%E0%A4%B8%E0%A4%B0%E0%A4%A3%20%E0%A4%95%E0%A4%B0%E0%A4%A4%E0%A4%BE%20%E0%A4%B9%E0%A5%88%E0%A4%82%20','D'),
 ('20','%E0%A4%95%E0%A5%87%E0%A4%B5%E0%A4%B2%20IV%20%E0%A4%85%E0%A4%A8%E0%A5%81%E0%A4%B8%E0%A4%B0%E0%A4%A3%20%E0%A4%95%E0%A4%B0%E0%A4%A4%E0%A4%BE%20%E0%A4%B9%E0%A5%88%E0%A4%82','E'),
 ('20','%E0%A4%95%E0%A5%8B%E0%A4%88%20%E0%A4%85%E0%A4%A8%E0%A5%81%E0%A4%B8%E0%A4%BE%E0%A4%B0%E0%A4%A3%20%E0%A4%A8%E0%A4%B9%E0%A5%80%E0%A4%82%20%E0%A4%95%E0%A4%B0%E0%A4%A4%E0%A4%BE%20%E0%A4%B9%E0%A5%88%20','A'),
 ('20','%E0%A4%95%E0%A5%87%E0%A4%B5%E0%A4%B2%20I%20%E0%A4%85%E0%A4%A8%E0%A5%81%E0%A4%B8%E0%A4%B0%E0%A4%A3%20%E0%A4%95%E0%A4%B0%E0%A4%A4%E0%A4%BE%20%E0%A4%B9%E0%A5%88%E0%A4%82%20','B'),
 ('20','%E0%A4%95%E0%A5%87%E0%A4%B5%E0%A4%B2%20II%20%E0%A4%85%E0%A4%A8%E0%A5%81%E0%A4%B8%E0%A4%B0%E0%A4%A3%20%E0%A4%95%E0%A4%B0%E0%A4%A4%E0%A4%BE%20%E0%A4%B9%E0%A5%88%E0%A4%82%20','C'),
 ('21','117%20%3A%20103%20','D'),
 ('21','None%20of%20these','E'),
 ('21','119%20%3A%20104%20','A'),
 ('21','102%20%3A%20115%20','B'),
 ('21','104%20%3A%20115%20','C'),
 ('22','115','D'),
 ('22','None%20of%20these','E'),
 ('22','76.33','A'),
 ('22','124','B'),
 ('22','83.33%20','C'),
 ('23','14%2C800%20%E0%A4%B0%E0%A5%81%E0%A4%AA%E0%A4%8F%20','D'),
 ('23','%E0%A4%87%E0%A4%A8%E0%A4%AE%E0%A5%87%E0%A4%82%20%E0%A4%B8%E0%A5%87%20%E0%A4%95%E0%A5%8B%E0%A4%88%20%E0%A4%A8%E0%A4%B9%E0%A5%80%E0%A4%82%20','E'),
 ('23','119%3A%20104%20%20','A'),
 ('23','15%2C700%20%E0%A4%B0%E0%A5%81%E0%A4%AA%E0%A4%8F%20','B'),
 ('23','15%2C200%20%E0%A4%B0%E0%A5%81%E0%A4%AA%E0%A4%8F%20','C'),
 ('24','115%20','D'),
 ('24','%E0%A4%87%E0%A4%A8%E0%A4%AE%E0%A5%87%E0%A4%82%20%E0%A4%B8%E0%A5%87%20%E0%A4%95%E0%A5%8B%E0%A4%88%20%E0%A4%A8%E0%A4%B9%E0%A5%80%E0%A4%82%20','E'),
 ('24','76.33%20','A'),
 ('24','124','B'),
 ('24','83.33%20','C'),
 ('25','kjkj','D'),
 ('25','kj','E'),
 ('25','kj','A'),
 ('25','jk','B'),
 ('25','kj','C'),
 ('26','lk','D'),
 ('26','kl','E'),
 ('26','lkkllk','A'),
 ('26','k','B'),
 ('26','lklk','C'),
 ('27','Encouragement%20','D'),
 ('27','None%20of%20these','E'),
 ('27','Shock','A'),
 ('27','Fear','B'),
 ('27','Anxiety%20','C'),
 ('28','The%20public%20is%20ready%20to%20invest%20in%20these%20banks%20because%20of%20the%20knowledge%20that%20these%20banks%20get%20strong%20support%20from%20the%20Government%20','D'),
 ('28','%20None%20of%20these','E'),
 ('28','Indian%20national%20banks%20do%20not%20have%20any%20commitments%20in%20troubled%20foreign%20markets%2C%20','A'),
 ('28','These%20banks%20can%20never%20face%20financial%20crisis%20because%20of%20their%20sheer%20size%20','B'),
 ('28','These%20banks%20are%20ready%20to%20give%20loans%20at%20a%20very%20low%20rate%20of%20interest%20','C'),
 ('29','Anxiety%20','D'),
 ('29','None%20of%20these','E'),
 ('29','Shock%20','A'),
 ('29','Fear%20','B'),
 ('29','%20Encouragement%20','C'),
 ('30','The%20public%20is%20ready%20to%20invest%20in%20these%20banks%20because%20of%20the%20knowledge%20that%20these%20banks%20get%20strong%20support%20from%20the%20Government%20','D'),
 ('30','None%20of%20these','E'),
 ('30','Indian%20national%20banks%20do%20not%20have%20any%20commitments%20in%20troubled%20foreign%20markets%2C%20','A'),
 ('30','These%20banks%20can%20never%20face%20financial%20crisis%20because%20of%20their%20sheer%20size%20','B'),
 ('30','These%20banks%20are%20ready%20to%20give%20loans%20at%20a%20very%20low%20rate%20of%20interest%20','C'),
 ('31','Anxiety','D'),
 ('31','None%20of%20these','E'),
 ('31','Shock','A'),
 ('31','Fear','B'),
 ('31','Encouragement%20','C'),
 ('32','Recession%20is%20bringing%20down%20the%20prices%20of%20essential%20commodities%20','D'),
 ('32','None%20of%20these','E'),
 ('32','Worldwide%2C%20companies%20have%20realized%20that%20India%20is%20a%20strong%20power%20to%20reckon%20with%20','A'),
 ('32','India%20is%20surging%20ahead%20of%20the%20other%20companies%20throughout%20the%20world%20%20','B'),
 ('32','After%20the%20recession%20is%20over%20international%20companies%20will%20turn%20to%20India%20for%20investment%20%20','C'),
 ('33','Only%20(A)%20and%20(B)%20','D'),
 ('33','Only%20(B)%20and%20(C)%20','E'),
 ('33','Only%20(A)','A'),
 ('33','Only%20(B)','B'),
 ('33','%20Only%20(C)%20','C'),
 ('34','The%20public%20is%20ready%20to%20invest%20in%20these%20banks%20because%20of%20the%20knowledge%20that%20these%20banks%20get%20strong%20support%20from%20the%20Government%20','D'),
 ('34','%20None%20of%20these','E'),
 ('34','Indian%20national%20banks%20do%20not%20have%20any%20commitments%20in%20troubled%20foreign%20markets%2C%20','A'),
 ('34','These%20banks%20can%20never%20face%20financial%20crisis%20because%20of%20their%20sheer%20size%20','B'),
 ('34','These%20banks%20are%20ready%20to%20give%20loans%20at%20a%20very%20low%20rate%20of%20interest%20','C'),
 ('35','The%20cost%20cutting%20carried%20out%20by%20all%20the%20companies','D'),
 ('35','None%20of%20these','E'),
 ('35','The%20economy%20coming%20back%20on%20the%20fast%20track%20','A'),
 ('35','The%20slowing%20down%20of%20the%20economy%20','B'),
 ('35','Increased%20hiring%20in%20Indian%20financial%20sector%20in%20times%20of%20economic%20slowdown%20','C'),
 ('36','Anxiety','D'),
 ('36','None%20of%20these','E'),
 ('36','Shock','A'),
 ('36','Fear','B'),
 ('36','Encouragement%20','C'),
 ('37','Recession%20is%20bringing%20down%20the%20prices%20of%20essential%20commodities%20','D'),
 ('37','None%20of%20these','E'),
 ('37','Worldwide%2C%20companies%20have%20realized%20that%20India%20is%20a%20strong%20power%20to%20reckon%20with%20','A'),
 ('37','%20India%20is%20surging%20ahead%20of%20the%20other%20companies%20throughout%20the%20world%20%20','B'),
 ('37','After%20the%20recession%20is%20over%20international%20companies%20will%20turn%20to%20India%20for%20investment%20%20','C'),
 ('38','Only%20(A)%20and%20(B)','D'),
 ('38','Only%20(B)%20and%20(C)%20','E'),
 ('38','Only%20(A)','A'),
 ('38','Only%20(B)%20','B'),
 ('38','Only%20(C)','C'),
 ('39','The%20public%20is%20ready%20to%20invest%20in%20these%20banks%20because%20of%20the%20knowledge%20that%20these%20banks%20get%20strong%20support%20from%20the%20Government%20','D'),
 ('39','None%20of%20these','E'),
 ('39','Indian%20national%20banks%20do%20not%20have%20any%20commitments%20in%20troubled%20foreign%20markets.','A'),
 ('39','These%20banks%20can%20never%20face%20financial%20crisis%20because%20of%20their%20sheer%20size','B'),
 ('39','These%20banks%20are%20ready%20to%20give%20loans%20at%20a%20very%20low%20rate%20of%20interest%20','C'),
 ('40','The%20cost%20cutting%20carried%20out%20by%20all%20the%20companies','D'),
 ('40','None%20of%20these','E'),
 ('40','The%20economy%20coming%20back%20on%20the%20fast%20track%20','A'),
 ('40','The%20slowing%20down%20of%20the%20economy%20','B'),
 ('40','Increased%20hiring%20in%20Indian%20financial%20sector%20in%20times%20of%20economic%20slowdown','C'),
 ('41','Cannot%20be%20determined%20','D'),
 ('41','None%20of%20these','E'),
 ('41','Voice%2015%20win%2075%2039%20store%20gap%2026','A'),
 ('41','Voice%20win%2075%2015%2039%20store%20gap%2026','B'),
 ('41','15%2075%20win%20voice%20store%20gap%2026','C'),
 ('42','There%20will%20be%20no%20such%20step','D'),
 ('42','None%20of%20these','E'),
 ('42','Water%2085%20now%2067%20full%20glass%2015%2037','A'),
 ('42','Water%2085%20now%2067%20glass%20full%2015%2037','B'),
 ('42','Water%2085%20now%2067%20glass%2037%20pull%2015','C'),
 ('43','VI','D'),
 ('43','None%20of%20these','E'),
 ('43','%20VIII','A'),
 ('43','IX%20','B'),
 ('43','VII','C'),
 ('44','Three','D'),
 ('44','None%20of%20these','E'),
 ('44','Four','A'),
 ('44','Five','B'),
 ('44','Six','C'),
 ('45','Seven%20','D'),
 ('45','None%20of%20these','E'),
 ('45','Four%20','A'),
 ('45','Five%20','B'),
 ('45','Six','C'),
 ('46','%E0%A4%90%E0%A4%B8%E0%A4%BE%20%E0%A4%95%E0%A5%8B%E0%A4%88%20%E0%A4%9A%E0%A4%B0%E0%A4%A3%20%E0%A4%A8%E0%A4%B9%E0%A5%80%E0%A4%82%20%E0%A4%B9%E0%A5%8B%E0%A4%97%E0%A4%BE','D'),
 ('46','%E0%A4%87%E0%A4%A8%E0%A4%AE%E0%A5%87%E0%A4%82%20%E0%A4%B8%E0%A5%87%20%E0%A4%95%E0%A5%8B%E0%A4%88%20%E0%A4%A8%E0%A4%B9%E0%A5%80%E0%A4%82','E'),
 ('46','Voice%2015%20win%2075%2039%20store%20gap%2026%20%20','A'),
 ('46','Voice%20win%2075%2015%2039%20store%20gap%2026%20','B'),
 ('46','15%2075%20win%20voice%20gap%2026','C'),
 ('47','%E0%A4%90%E0%A4%B8%E0%A4%BE%20%E0%A4%95%E0%A5%8B%E0%A4%88%20%E0%A4%9A%E0%A4%B0%E0%A4%A3%20%E0%A4%A8%E0%A4%B9%E0%A5%80%E0%A4%82%20%E0%A4%B9%E0%A5%8B%E0%A4%97%E0%A4%BE','D'),
 ('47','%E0%A4%87%E0%A4%A8%E0%A4%AE%E0%A5%87%E0%A4%82%20%E0%A4%B8%E0%A5%87%20%E0%A4%95%E0%A5%8B%E0%A4%88%20%E0%A4%A8%E0%A4%B9%E0%A5%80%E0%A4%82%20','E'),
 ('47','water%2085%20now%2067%20full%20glass%2015%2037%20','A'),
 ('47','water%2085%2067%20glass%20full%2015%2037%20','B'),
 ('47','water%2085%2067%20glass%2037%20full%2015%20','C'),
 ('48','VI%20','D'),
 ('48','%E0%A4%87%E0%A4%A8%E0%A4%AE%E0%A5%87%E0%A4%82%20%E0%A4%B8%E0%A5%87%20%E0%A4%95%E0%A5%8B%E0%A4%88%20%E0%A4%A8%E0%A4%B9%E0%A5%80%E0%A4%82','E'),
 ('48','VIII%20','A'),
 ('48','IX%20','B'),
 ('48','VII%20','C'),
 ('49','%E0%A4%A4%E0%A5%80%E0%A4%A8%20','D'),
 ('49','%E0%A4%87%E0%A4%A8%E0%A4%AE%E0%A5%87%E0%A4%82%20%E0%A4%B8%E0%A5%87%20%E0%A4%95%E0%A5%8B%E0%A4%88%20%E0%A4%A8%E0%A4%B9%E0%A5%80%E0%A4%82%20%E0%A4%B9%E0%A5%88','E'),
 ('49','%E0%A4%9A%E0%A4%BE%E0%A4%B0%20%20','A'),
 ('49','%E0%A4%AA%E0%A4%BE%E0%A4%81%E0%A4%9A%20','B'),
 ('49','%E0%A4%9B%E0%A4%B9%20','C'),
 ('50','%E0%A4%B8%E0%A4%BE%E0%A4%A4%20','D'),
 ('50','%E0%A4%87%E0%A4%A8%E0%A4%AE%E0%A5%87%E0%A4%82%20%E0%A4%B8%E0%A5%87%20%E0%A4%95%E0%A5%8B%E0%A4%88%20%E0%A4%A8%E0%A4%B9%E0%A5%80%E0%A4%82%20%E0%A4%B9%E0%A5%88%E0%A4%83','E'),
 ('50','%E0%A4%9A%E0%A4%BE%E0%A4%B0%20%20','A'),
 ('50','%E0%A4%AA%E0%A4%BE%E0%A4%81%E0%A4%9A%20','B'),
 ('50','%E0%A4%9B%E0%A4%B9%20','C'),
 ('51','Three','D'),
 ('51','More%20than%20three','E'),
 ('51','None','A'),
 ('51','One','B'),
 ('51','Two','C'),
 ('52','%25%4053','D'),
 ('52','None%20of%20these','E'),
 ('52','%25653','A'),
 ('52','%25%4063','B'),
 ('52','%255%403','C'),
 ('53','B','D'),
 ('53','None%20of%20these','E'),
 ('53','R','A'),
 ('53','T','B'),
 ('53','A','C'),
 ('54','Three','D'),
 ('54','More%20than%20three','E'),
 ('54','None','A'),
 ('54','One','B'),
 ('54','Two','C'),
 ('55','Cannot%20be%20determined','D'),
 ('55','None%20of%20these%20%20','E'),
 ('55','95%20metres%20','A'),
 ('55','50%20metres','B'),
 ('55','70%20metres','C'),
 ('56','UWS','D'),
 ('56','None%20of%20these','E'),
 ('56','STW','A'),
 ('56','WUS','B'),
 ('56','SWU','C'),
 ('57','28','D'),
 ('57','None%20of%20these','E'),
 ('57','%E2%80%93%2022','A'),
 ('57','%E2%80%93%20168','B'),
 ('57','22','C'),
 ('58','TNRKMVG','D'),
 ('58','None%20of%20these','E'),
 ('58','VPTKKTE%20','A'),
 ('58','VPTKETK%09','B'),
 ('58','TPVKKTE','C'),
 ('59','Data%20inadequate','D'),
 ('59','None%20of%20these','E'),
 ('59','Ja','A'),
 ('59','Na','B'),
 ('59','Pa','C'),
 ('60','Three','D'),
 ('60','More%20than%20three','E'),
 ('60','None','A'),
 ('60','One','B'),
 ('60','Two','C'),
 ('61','%E0%A4%A4%E0%A5%80%E0%A4%A8','D'),
 ('61','%E0%A4%A4%E0%A5%80%E0%A4%A8%20%E0%A4%B8%E0%A5%87%20%E0%A4%85%E0%A4%A7%E0%A4%BF%E0%A4%95','E'),
 ('61','%E0%A4%95%E0%A5%8B%E0%A4%88%20%E0%A4%A8%E0%A4%B9%E0%A5%80%E0%A4%82%20%20','A'),
 ('61','%E0%A4%8F%E0%A4%95%20','B'),
 ('61','%E0%A4%A6%E0%A5%8B','C'),
 ('62','%25%4053','D'),
 ('62','%E0%A4%87%E0%A4%A8%E0%A4%AE%E0%A5%87%E0%A4%82%20%E0%A4%B8%E0%A5%87%20%E0%A4%95%E0%A5%8B%E0%A4%88%20%E0%A4%A8%E0%A4%B9%E0%A5%80%E0%A4%82','E'),
 ('62','%25653','A'),
 ('62','%25%4063','B'),
 ('62','%255%403','C'),
 ('63','B','D'),
 ('63','%E0%A4%87%E0%A4%A8%E0%A4%AE%E0%A5%87%E0%A4%82%20%E0%A4%B8%E0%A5%87%20%E0%A4%95%E0%A5%8B%E0%A4%88%20%E0%A4%A8%E0%A4%B9%E0%A5%80%E0%A4%82','E'),
 ('63','R','A'),
 ('63','T','B'),
 ('63','A','C'),
 ('64','%E0%A4%A4%E0%A5%80%E0%A4%A8','D'),
 ('64','%E0%A4%A4%E0%A5%80%E0%A4%A8%20%E0%A4%B8%E0%A5%87%20%E0%A4%85%E0%A4%A7%E0%A4%BF%E0%A4%95','E'),
 ('64','%E0%A4%95%E0%A5%8B%E0%A4%88%20%E0%A4%A8%E0%A4%B9%E0%A5%80%E0%A4%82','A'),
 ('64','%E0%A4%8F%E0%A4%95','B'),
 ('64','%E0%A4%A6%E0%A5%8B','C'),
 ('65','%E0%A4%A8%E0%A4%BF%E0%A4%B0%E0%A5%8D%E0%A4%A7%E0%A4%BE%E0%A4%B0%E0%A4%BF%E0%A4%A4%20%E0%A4%A8%E0%A4%B9%E0%A5%80%E0%A4%82%20%E0%A4%95%E0%A4%BF%E0%A4%AF%E0%A4%BE%20%E0%A4%9C%E0%A4%BE%20%E0%A4%B8%E0%A4%95%E0%A4%A4%E0%A4%BE%20','D'),
 ('65','%E0%A4%87%E0%A4%A8%E0%A4%AE%E0%A5%87%E0%A4%82%20%E0%A4%B8%E0%A5%87%20%E0%A4%95%E0%A5%8B%E0%A4%88%20%E0%A4%A8%E0%A4%B9%E0%A5%80%E0%A4%82','E'),
 ('65','95%20%E0%A4%AE%E0%A5%80%E0%A4%9F%E0%A4%B0%20%20%20','A'),
 ('65','50%20%E0%A4%AE%E0%A5%80%E0%A4%9F%E0%A4%B0','B'),
 ('65','70%20%E0%A4%AE%E0%A5%80%E0%A4%9F%E0%A4%B0','C'),
 ('66','UWS','D'),
 ('66','%E0%A4%87%E0%A4%A8%E0%A4%AE%E0%A5%87%E0%A4%82%20%E0%A4%B8%E0%A5%87%20%E0%A4%95%E0%A5%8B%E0%A4%88%20%E0%A4%A8%E0%A4%B9%E0%A5%80%E0%A4%82','E'),
 ('66','STW','A'),
 ('66','WUS','B'),
 ('66','SWU','C'),
 ('67','28','D'),
 ('67','%E0%A4%87%E0%A4%A8%E0%A4%AE%E0%A5%87%E0%A4%82%20%E0%A4%B8%E0%A5%87%20%E0%A4%95%E0%A5%8B%E0%A4%88%20%E0%A4%A8%E0%A4%B9%E0%A5%80%E0%A4%82','E'),
 ('67','-22%20','A'),
 ('67','-168','B'),
 ('67','22','C'),
 ('68','TNRKMVG%20','D'),
 ('68','%E0%A4%87%E0%A4%A8%E0%A4%AE%E0%A5%87%E0%A4%82%20%E0%A4%B8%E0%A5%87%20%E0%A4%95%E0%A5%8B%E0%A4%88%20%E0%A4%A8%E0%A4%B9%E0%A5%80%E0%A4%82','E'),
 ('68','VPTKKTE','A'),
 ('68','VPTKETK','B'),
 ('68','TPVKKTE','C'),
 ('69','%E0%A4%A1%E0%A4%BE%E0%A4%9F%E0%A4%BE%20%E0%A4%85%E0%A4%AA%E0%A4%B0%E0%A5%8D%E0%A4%AF%E0%A4%BE%E0%A4%AA%E0%A5%8D%E0%A4%A4%20%20','D'),
 ('69','%E0%A4%87%E0%A4%A8%E0%A4%AE%E0%A5%87%E0%A4%82%20%E0%A4%B8%E0%A5%87%20%E0%A4%95%E0%A5%8B%E0%A4%88%20%E0%A4%A8%E0%A4%B9%E0%A5%80%E0%A4%82','E'),
 ('69','ja','A'),
 ('69','na','B'),
 ('69','pa','C'),
 ('70','%E0%A4%A4%E0%A5%80%E0%A4%A8','D'),
 ('70','%E0%A4%A4%E0%A5%80%E0%A4%A8%20%E0%A4%B8%E0%A5%87%20%E0%A4%85%E0%A4%A7%E0%A4%BF%E0%A4%95','E'),
 ('70','%E0%A4%95%E0%A5%8B%E0%A4%88%20%E0%A4%A8%E0%A4%B9%E0%A5%80%E0%A4%82','A'),
 ('70','%E0%A4%8F%E0%A4%95','B'),
 ('70','%E0%A4%A6%E0%A5%8B','C'),
 ('71','Only%20II%2C%20III%20and%20IV%20follow%20','D'),
 ('71','None%20of%20these','E'),
 ('71','Only%20I%20and%20III%20follow','A'),
 ('71','Only%20II%20and%20III%20follow','B'),
 ('71','Only%20I%20and%20IV%20follow%20','C'),
 ('72','Only%20either%20I%20or%20III%20follows%20','D'),
 ('72','Only%20either%20I%20or%20III%20and%20II%20follows','E'),
 ('72','Only%20I%20follows%20','A'),
 ('72','Only%20II%20follows','B'),
 ('72','Only%20III%20follows%20','C'),
 ('73','%20Only%20II%2C%20III%20and%20IV%20follow','D'),
 ('73','None%20of%20these','E'),
 ('73','Only%20I%20and%20II%20follow','A'),
 ('73','Only%20I%20and%20III%20follow','B'),
 ('73','Only%20I%2C%20II%20and%20III%20follow%20','C'),
 ('74','Only%20II%2C%20III%20and%20IV%20follow','D'),
 ('74','None%20of%20these','E'),
 ('74','Only%20I%20and%20III%20follow','A'),
 ('74','Only%20I%2C%20II%20and%20III%20follow','B'),
 ('74','Only%20III%20and%20IV%20follow','C'),
 ('75','Only%20III%20follows','D'),
 ('75','Only%20IV%20follows','E'),
 ('75','None%20follows','A'),
 ('75','Only%20I%20follows','B'),
 ('75','Only%20II%20follows','C'),
 ('76','%E0%A4%95%E0%A5%87%E0%A4%B5%E0%A4%B2%20II%2C%20III%20%E0%A4%94%E0%A4%B0%20IV%20%E0%A4%85%E0%A4%A8%E0%A5%81%E0%A4%B8%E0%A4%B0%E0%A4%A3%20%E0%A4%95%E0%A4%B0%E0%A4%A4%E0%A5%87%20%E0%A4%B9%E0%A5%88%E0%A4%82','D'),
 ('76','%E0%A4%87%E0%A4%A8%E0%A4%AE%E0%A5%87%E0%A4%82%20%E0%A4%B8%E0%A5%87%20%E0%A4%95%E0%A5%8B%E0%A4%88%20%E0%A4%A8%E0%A4%B9%E0%A5%80%E0%A4%82','E'),
 ('76','%E0%A4%95%E0%A5%87%E0%A4%B5%E0%A4%B2%20I%20%E0%A4%94%E0%A4%B0%20III%20%E0%A4%85%E0%A4%A8%E0%A5%81%E0%A4%B8%E0%A4%B0%E0%A4%A3%20%E0%A4%95%E0%A4%B0%E0%A4%A4%E0%A5%87%20%E0%A4%B9%E0%A5%88%E0%A4%82%20','A'),
 ('76','%E0%A4%95%E0%A5%87%E0%A4%B5%E0%A4%B2%20II%20%E0%A4%94%E0%A4%B0%20III%20%E0%A4%85%E0%A4%A8%E0%A5%81%E0%A4%B8%E0%A4%B0%E0%A4%A3%20%E0%A4%95%E0%A4%B0%E0%A4%A4%E0%A5%87%20%E0%A4%B9%E0%A5%88%E0%A4%82%20','B'),
 ('76','%E0%A4%95%E0%A5%87%E0%A4%B5%E0%A4%B2%20I%20%E0%A4%94%E0%A4%B0%20IV%20%E0%A4%85%E0%A4%A8%E0%A5%81%E0%A4%B8%E0%A4%B0%E0%A4%A3%20%E0%A4%95%E0%A4%B0%E0%A4%A4%E0%A5%87%20%E0%A4%B9%E0%A5%88%E0%A4%82','C'),
 ('77','%E0%A4%95%E0%A5%87%E0%A4%B5%E0%A4%B2%20%E0%A4%AF%E0%A4%BE%20%E0%A4%A4%E0%A5%8B%20I%20%E0%A4%AF%E0%A4%BE%20III%20%E0%A4%85%E0%A4%A8%E0%A5%81%E0%A4%B8%E0%A4%B0%E0%A4%A3%20%E0%A4%95%E0%A4%B0%E0%A4%A4%E0%A4%BE%20%E0%A4%B9%E0%A5%88%E0%A4%82%20','D'),
 ('77','%E0%A4%95%E0%A5%87%E0%A4%B5%E0%A4%B2%20%E0%A4%AF%E0%A4%BE%20%E0%A4%A4%E0%A5%8B%20I%20%E0%A4%AF%E0%A4%BE%20III%20%E0%A4%B5%20II%20%E0%A4%85%E0%A4%A8%E0%A5%81%E0%A4%B8%E0%A4%B0%E0%A4%A3%20%E0%A4%95%E0%A4%B0%E0%A4%A4%E0%A5%87%20%E0%A4%B9%E0%A5%88%E0%A4%82','E'),
 ('77','%E0%A4%95%E0%A5%87%E0%A4%B5%E0%A4%B2%20I%20%E0%A4%85%E0%A4%A8%E0%A5%81%E0%A4%B8%E0%A4%B0%E0%A4%A3%20%E0%A4%95%E0%A4%B0%E0%A4%A4%E0%A4%BE%20%E0%A4%B9%E0%A5%88%E0%A4%82%20','A'),
 ('77','%E0%A4%95%E0%A5%87%E0%A4%B5%E0%A4%B2%20II%20%E0%A4%85%E0%A4%A8%E0%A5%81%E0%A4%B8%E0%A4%B0%E0%A4%A3%20%E0%A4%95%E0%A4%B0%E0%A4%A4%E0%A4%BE%20%E0%A4%B9%E0%A5%88%E0%A4%82%20','B'),
 ('77','%E0%A4%95%E0%A5%87%E0%A4%B5%E0%A4%B2%20III%20%E0%A4%85%E0%A4%A8%E0%A5%81%E0%A4%B8%E0%A4%B0%E0%A4%A3%20%E0%A4%95%E0%A4%B0%E0%A4%A4%E0%A4%BE%20%E0%A4%B9%E0%A5%88%E0%A4%82%20','C'),
 ('78','%E0%A4%95%E0%A5%87%E0%A4%B5%E0%A4%B2%20II%2C%20III%20%E0%A4%94%E0%A4%B0%20IV%20%E0%A4%85%E0%A4%A8%E0%A5%81%E0%A4%B8%E0%A4%B0%E0%A4%A3%20%E0%A4%95%E0%A4%B0%E0%A4%A4%E0%A5%87%20%E0%A4%B9%E0%A5%88%E0%A4%82%20','D'),
 ('78','%E0%A4%87%E0%A4%A8%E0%A4%AE%E0%A5%87%E0%A4%82%20%E0%A4%B8%E0%A5%87%20%E0%A4%95%E0%A5%8B%E0%A4%88%20%E0%A4%A8%E0%A4%B9%E0%A5%80%E0%A4%82','E'),
 ('78','%E0%A4%95%E0%A5%87%E0%A4%B5%E0%A4%B2%20I%20%E0%A4%94%E0%A4%B0%20II%20%E0%A4%85%E0%A4%A8%E0%A5%81%E0%A4%B8%E0%A4%B0%E0%A4%A3%20%E0%A4%95%E0%A4%B0%E0%A4%A4%E0%A5%87%20%E0%A4%B9%E0%A5%88%E0%A4%82%20','A'),
 ('78','%E0%A4%95%E0%A5%87%E0%A4%B5%E0%A4%B2%20I%20%E0%A4%94%E0%A4%B0%20III%20%E0%A4%85%E0%A4%A8%E0%A5%81%E0%A4%B8%E0%A4%B0%E0%A4%A3%20%E0%A4%95%E0%A4%B0%E0%A4%A4%E0%A5%87%20%E0%A4%B9%E0%A5%88%E0%A4%82%20','B'),
 ('78','%E0%A4%95%E0%A5%87%E0%A4%B5%E0%A4%B2%20I%2C%20II%20%E0%A4%94%E0%A4%B0%20III%20%E0%A4%85%E0%A4%A8%E0%A5%81%E0%A4%B8%E0%A4%B0%E0%A4%A3%20%E0%A4%95%E0%A4%B0%E0%A4%A4%E0%A5%87%20%E0%A4%B9%E0%A5%88%E0%A4%82','C'),
 ('79','%E0%A4%95%E0%A5%87%E0%A4%B5%E0%A4%B2%20II%2C%20III%20%E0%A4%94%E0%A4%B0%20IV%20%E0%A4%85%E0%A4%A8%E0%A5%81%E0%A4%B8%E0%A4%B0%E0%A4%A3%20%E0%A4%95%E0%A4%B0%E0%A4%A4%E0%A5%87%20%E0%A4%B9%E0%A5%88%E0%A4%82','D'),
 ('79','%E0%A4%87%E0%A4%A8%E0%A4%AE%E0%A5%87%E0%A4%82%20%E0%A4%B8%E0%A5%87%20%E0%A4%95%E0%A5%8B%E0%A4%88%20%E0%A4%A8%E0%A4%B9%E0%A5%80%E0%A4%82','E'),
 ('79','%E0%A4%95%E0%A5%87%E0%A4%B5%E0%A4%B2%20I%20%E0%A4%94%E0%A4%B0%20III%20%E0%A4%85%E0%A4%A8%E0%A5%81%E0%A4%B8%E0%A4%B0%E0%A4%A3%20%E0%A4%95%E0%A4%B0%E0%A4%A4%E0%A5%87%20%E0%A4%B9%E0%A5%88%E0%A4%82%20','A'),
 ('79','%E0%A4%95%E0%A5%87%E0%A4%B5%E0%A4%B2%20I%2C%20II%20%E0%A4%94%E0%A4%B0%20III%20%E0%A4%85%E0%A4%A8%E0%A5%81%E0%A4%B8%E0%A4%B0%E0%A4%A3%20%E0%A4%95%E0%A4%B0%E0%A4%A4%E0%A5%87%20%E0%A4%B9%E0%A5%88%E0%A4%82%20','B'),
 ('79','%E0%A4%95%E0%A5%87%E0%A4%B5%E0%A4%B2%20III%20%E0%A4%94%E0%A4%B0%20IV%20%E0%A4%85%E0%A4%A8%E0%A5%81%E0%A4%B8%E0%A4%B0%E0%A4%A3%20%E0%A4%95%E0%A4%B0%E0%A4%A4%E0%A5%87%20%E0%A4%B9%E0%A5%88%E0%A4%82%20','C'),
 ('80','%E0%A4%95%E0%A5%87%E0%A4%B5%E0%A4%B2%20III%20%E0%A4%85%E0%A4%A8%E0%A5%81%E0%A4%B8%E0%A4%B0%E0%A4%A3%20%E0%A4%95%E0%A4%B0%E0%A4%A4%E0%A4%BE%20%E0%A4%B9%E0%A5%88%E0%A4%82%20','D'),
 ('80','%E0%A4%95%E0%A5%87%E0%A4%B5%E0%A4%B2%20IV%20%E0%A4%85%E0%A4%A8%E0%A5%81%E0%A4%B8%E0%A4%B0%E0%A4%A3%20%E0%A4%95%E0%A4%B0%E0%A4%A4%E0%A4%BE%20%E0%A4%B9%E0%A5%88%E0%A4%82','E'),
 ('80','%E0%A4%95%E0%A5%8B%E0%A4%88%20%E0%A4%85%E0%A4%A8%E0%A5%81%E0%A4%B8%E0%A4%BE%E0%A4%B0%E0%A4%A3%20%E0%A4%A8%E0%A4%B9%E0%A5%80%E0%A4%82%20%E0%A4%95%E0%A4%B0%E0%A4%A4%E0%A4%BE%20%E0%A4%B9%E0%A5%88%20','A'),
 ('80','%E0%A4%95%E0%A5%87%E0%A4%B5%E0%A4%B2%20I%20%E0%A4%85%E0%A4%A8%E0%A5%81%E0%A4%B8%E0%A4%B0%E0%A4%A3%20%E0%A4%95%E0%A4%B0%E0%A4%A4%E0%A4%BE%20%E0%A4%B9%E0%A5%88%E0%A4%82%20','B'),
 ('80','%E0%A4%95%E0%A5%87%E0%A4%B5%E0%A4%B2%20II%20%E0%A4%85%E0%A4%A8%E0%A5%81%E0%A4%B8%E0%A4%B0%E0%A4%A3%20%E0%A4%95%E0%A4%B0%E0%A4%A4%E0%A4%BE%20%E0%A4%B9%E0%A5%88%E0%A4%82%20','C'),
 ('81','jkkjj','A'),
 ('81','jkkj','B'),
 ('82','jkjkj','A'),
 ('82','kjjkj','B'),
 ('83','a','A'),
 ('84','a','A'),
 ('85','kk','A'),
 ('85','l','B'),
 ('86','kk','A'),
 ('86','kk','B'),
 ('87','kk','A'),
 ('88','a','A'),
 ('89','k','A'),
 ('90','ll','A'),
 ('91','a','A'),
 ('92','a','A'),
 ('93','a','A'),
 ('94','a','A'),
 ('95','a','A'),
 ('96','a','A'),
 ('97','a','A'),
 ('98','a','A'),
 ('99','a','A'),
 ('100','a','A'),
 ('101','a','A'),
 ('102','a','A'),
 ('103','a','A'),
 ('104','a','A'),
 ('105','a','A'),
 ('106','a','A'),
 ('1','Cannot%20be%20determined%20','D'),
 ('1','%20None%20of%20these','E'),
 ('1','Voice%2015%20win%2075%2039%20store%20gap%2026%20JHHNN','A'),
 ('1','Voice%20win%2075%2015%2039%20store%20gap%2026%20NNNOOO','B'),
 ('1','15%2075%20win%20voice%20store%20gap%2026','C'),
 ('2','VI ','D'),
 ('2','None of these','E'),
 ('2','VIII  OK OK P','A'),
 ('2','IX ','B'),
 ('2','VII ','C'),
 ('3','à¤à¤¸à¤¾ à¤•à¥‹à¤ˆ à¤šà¤°à¤£ à¤¨à¤¹à¥€à¤‚ à¤¹à¥‹à¤—à¤¾','D'),
 ('3','à¤‡à¤¨à¤®à¥‡à¤‚ à¤¸à¥‡ à¤•à¥‹à¤ˆ à¤¨à¤¹à¥€à¤‚ ','E'),
 ('3','water 85 now 67 full glass 15 37 ','A'),
 ('3','water 85 67 glass full 15 37 ','B'),
 ('3','water 85 67 glass 37 full 15 ','C'),
 ('4','Seven%20','D'),
 ('4','None%20of%20these','E'),
 ('4','Four%20','A'),
 ('4','Five%20','B'),
 ('4','Six','C'),
 ('5','Three','D'),
 ('5','None%20of%20these','E'),
 ('5','Four','A'),
 ('5','Five','B'),
 ('5','Six','C'),
 ('6','%E0%A4%A8%20%E0%A4%B8%E0%A4%BE%20%E0%A4%A8%E0%A4%BF%E0%A4%B7%E0%A5%8D%E0%A4%9A%E0%A4%BF%E0%A4%A4%20%E0%A4%B0%E0%A5%82%E0%A4%AA%20%E0%A4%B8%E0%A5%87%20%E0%A4%87%E0%A4%A8%E0%A4%AA%E0%A5%81%E0%A4%9F%20%E0%A4%B9%E0%A5%88%3F','D'),
 ('6','%E0%A4%A8%20%E0%A4%B8%E0%A4%BE%20%E0%A4%A8%E0%A4%BF%E0%A4%B7%E0%A5%8D%E0%A4%9A%E0%A4%BF%E0%A4%A4%20','E');
INSERT INTO `option_bank` (`question_bank_id`,`option_detail`,`option_name`) VALUES 
 ('6','voice%2015%20win%2075%2039%20store%20gap%2026%20%20','A'),
 ('6','voice%20win%2075%2015%2039%20store%20gap%2026%20','B'),
 ('6','15%2075%20win%20voice%20gap%2026','C'),
 ('7','VI%20','D'),
 ('7','%E0%A4%87%E0%A4%A8%E0%A4%AE%E0%A5%87%E0%A4%82%20%E0%A4%B8%E0%A5%87%20%E0%A4%95%E0%A5%8B%E0%A4%88%20%E0%A4%A8%E0%A4%B9%E0%A5%80%E0%A4%82%20','E'),
 ('7','VIII%20','A'),
 ('7','IX%20','B'),
 ('7','VII%20','C'),
 ('8','%E0%A4%90%E0%A4%B8%E0%A4%BE%20%E0%A4%95%E0%A5%8B%E0%A4%88%20%E0%A4%9A%E0%A4%B0%E0%A4%A3%20%E0%A4%A8%E0%A4%B9%E0%A5%80%E0%A4%82%20%E0%A4%B9%E0%A5%8B%E0%A4%97%E0%A4%BE','D'),
 ('8','%E0%A4%87%E0%A4%A8%E0%A4%AE%E0%A5%87%E0%A4%82%20%E0%A4%B8%E0%A5%87%20%E0%A4%95%E0%A5%8B%E0%A4%88%20%E0%A4%A8%E0%A4%B9%E0%A5%80%E0%A4%82%20','E'),
 ('8','water%2085%20now%2067%20full%20glass%2015%2037%20','A'),
 ('8','water%2085%2067%20glass%20full%2015%2037%20','B'),
 ('8','water%2085%2067%20glass%2037%20full%2015%20','C'),
 ('9','%E0%A4%B8%E0%A4%BE%E0%A4%A4%20','D'),
 ('9','%E0%A4%87%E0%A4%A8%E0%A4%AE%E0%A5%87%E0%A4%82%20%E0%A4%B8%E0%A5%87%20%E0%A4%95%E0%A5%8B%E0%A4%88%20%E0%A4%A8%E0%A4%B9%E0%A5%80%E0%A4%82%20%E0%A4%B9%E0%A5%88%E0%A4%83','E'),
 ('9','%E0%A4%9A%E0%A4%BE%E0%A4%B0%20%20','A'),
 ('9','%E0%A4%AA%E0%A4%BE%E0%A4%81%E0%A4%9A%20','B'),
 ('9','%E0%A4%9B%E0%A4%B9%20','C'),
 ('10','%E0%A4%A4%E0%A5%80%E0%A4%A8%20','D'),
 ('10','%E0%A4%87%E0%A4%A8%E0%A4%AE%E0%A5%87%E0%A4%82%20%E0%A4%B8%E0%A5%87%20%E0%A4%95%E0%A5%8B%E0%A4%88%20%E0%A4%A8%E0%A4%B9%E0%A5%80%E0%A4%82%20%E0%A4%B9%E0%A5%88','E'),
 ('10','%E0%A4%9A%E0%A4%BE%E0%A4%B0%20%20','A'),
 ('10','%E0%A4%AA%E0%A4%BE%E0%A4%81%E0%A4%9A%20','B'),
 ('10','%E0%A4%9B%E0%A4%B9%20','C'),
 ('11','Only II, III and IV follow','D'),
 ('11','None of these Ok Done','E'),
 ('11','Only ','A'),
 ('11','Only I and III follow','B'),
 ('11','Only I, II and III follow ','C'),
 ('12','Only%20II%2C%20III%20and%20IV%20follow','D'),
 ('12','None%20of%20these','E'),
 ('12','Only%20I%20and%20III%20follow','A'),
 ('12','Only%20I%2C%20II%20and%20III%20follow','B'),
 ('12','Only%20III%20and%20IV%20follow','C'),
 ('13','Only%20II%2C%20III%20and%20IV%20follow%20','D'),
 ('13','None%20of%20these','E'),
 ('13','Only%20I%20and%20III%20follow','A'),
 ('13','Only%20II%20and%20III%20follow%20','B'),
 ('13','Only%20I%20and%20IV%20follow%20','C'),
 ('14','Only%20either%20I%20or%20III%20follows%20','D'),
 ('14','Only%20either%20I%20or%20III%20and%20II%20follows','E'),
 ('14','Only%20I%20follows%20','A'),
 ('14','%20Only%20II%20follows%20','B'),
 ('14','Only%20III%20follows%20','C'),
 ('15','Only%20III%20follows','D'),
 ('15','Only%20IV%20follows','E'),
 ('15','None%20follows','A'),
 ('15','Only%20I%20follows','B'),
 ('15','Only%20II%20follows','C'),
 ('16','%E0%A4%95%E0%A5%87%E0%A4%B5%E0%A4%B2%20II%2C%20III%20%E0%A4%94%E0%A4%B0%20IV%20%E0%A4%85%E0%A4%A8%E0%A5%81%E0%A4%B8%E0%A4%B0%E0%A4%A3%20%E0%A4%95%E0%A4%B0%E0%A4%A4%E0%A5%87%20%E0%A4%B9%E0%A5%88%E0%A4%82%20','D'),
 ('16','%E0%A4%87%E0%A4%A8%E0%A4%AE%E0%A5%87%E0%A4%82%20%E0%A4%B8%E0%A5%87%20%E0%A4%95%E0%A5%8B%E0%A4%88%20%E0%A4%A8%E0%A4%B9%E0%A5%80%E0%A4%82','E'),
 ('16','%E0%A4%95%E0%A5%87%E0%A4%B5%E0%A4%B2%20I%20%E0%A4%94%E0%A4%B0%20II%20%E0%A4%85%E0%A4%A8%E0%A5%81%E0%A4%B8%E0%A4%B0%E0%A4%A3%20%E0%A4%95%E0%A4%B0%E0%A4%A4%E0%A5%87%20%E0%A4%B9%E0%A5%88%E0%A4%82%20','A'),
 ('16','%E0%A4%95%E0%A5%87%E0%A4%B5%E0%A4%B2%20I%20%E0%A4%94%E0%A4%B0%20III%20%E0%A4%85%E0%A4%A8%E0%A5%81%E0%A4%B8%E0%A4%B0%E0%A4%A3%20%E0%A4%95%E0%A4%B0%E0%A4%A4%E0%A5%87%20%E0%A4%B9%E0%A5%88%E0%A4%82%20','B'),
 ('16','%E0%A4%95%E0%A5%87%E0%A4%B5%E0%A4%B2%20I%2C%20II%20%E0%A4%94%E0%A4%B0%20III%20%E0%A4%85%E0%A4%A8%E0%A5%81%E0%A4%B8%E0%A4%B0%E0%A4%A3%20%E0%A4%95%E0%A4%B0%E0%A4%A4%E0%A5%87%20%E0%A4%B9%E0%A5%88%E0%A4%82%20','C'),
 ('17','%E0%A4%95%E0%A5%87%E0%A4%B5%E0%A4%B2%20II%2C%20III%20%E0%A4%94%E0%A4%B0%20IV%20%E0%A4%85%E0%A4%A8%E0%A5%81%E0%A4%B8%E0%A4%B0%E0%A4%A3%20%E0%A4%95%E0%A4%B0%E0%A4%A4%E0%A5%87%20%E0%A4%B9%E0%A5%88%E0%A4%82%20','D'),
 ('17','%E0%A4%87%E0%A4%A8%E0%A4%AE%E0%A5%87%E0%A4%82%20%E0%A4%B8%E0%A5%87%20%E0%A4%95%E0%A5%8B%E0%A4%88%20%E0%A4%A8%E0%A4%B9%E0%A5%80%E0%A4%82','E'),
 ('17','%E0%A4%95%E0%A5%87%E0%A4%B5%E0%A4%B2%20I%20%E0%A4%94%E0%A4%B0%20III%20%E0%A4%85%E0%A4%A8%E0%A5%81%E0%A4%B8%E0%A4%B0%E0%A4%A3%20%E0%A4%95%E0%A4%B0%E0%A4%A4%E0%A5%87%20%E0%A4%B9%E0%A5%88%E0%A4%82%20','A'),
 ('17','%E0%A4%95%E0%A5%87%E0%A4%B5%E0%A4%B2%20I%2C%20II%20%E0%A4%94%E0%A4%B0%20III%20%E0%A4%85%E0%A4%A8%E0%A5%81%E0%A4%B8%E0%A4%B0%E0%A4%A3%20%E0%A4%95%E0%A4%B0%E0%A4%A4%E0%A5%87%20%E0%A4%B9%E0%A5%88%E0%A4%82%20','B'),
 ('17','%E0%A4%95%E0%A5%87%E0%A4%B5%E0%A4%B2%20III%20%E0%A4%94%E0%A4%B0%20IV%20%E0%A4%85%E0%A4%A8%E0%A5%81%E0%A4%B8%E0%A4%B0%E0%A4%A3%20%E0%A4%95%E0%A4%B0%E0%A4%A4%E0%A5%87%20%E0%A4%B9%E0%A5%88%E0%A4%82%20','C'),
 ('18','%E0%A4%95%E0%A5%87%E0%A4%B5%E0%A4%B2%20II%2C%20III%20%E0%A4%94%E0%A4%B0%20IV%20%E0%A4%85%E0%A4%A8%E0%A5%81%E0%A4%B8%E0%A4%B0%E0%A4%A3%20%E0%A4%95%E0%A4%B0%E0%A4%A4%E0%A5%87%20%E0%A4%B9%E0%A5%88%E0%A4%82%20','D'),
 ('18','%E0%A4%87%E0%A4%A8%E0%A4%AE%E0%A5%87%E0%A4%82%20%E0%A4%B8%E0%A5%87%20%E0%A4%95%E0%A5%8B%E0%A4%88%20%E0%A4%A8%E0%A4%B9%E0%A5%80%E0%A4%82','E'),
 ('18','%E0%A4%95%E0%A5%87%E0%A4%B5%E0%A4%B2%20I%20%E0%A4%94%E0%A4%B0%20III%20%E0%A4%85%E0%A4%A8%E0%A5%81%E0%A4%B8%E0%A4%B0%E0%A4%A3%20%E0%A4%95%E0%A4%B0%E0%A4%A4%E0%A5%87%20%E0%A4%B9%E0%A5%88%E0%A4%82%20','A'),
 ('18','%E0%A4%95%E0%A5%87%E0%A4%B5%E0%A4%B2%20II%20%E0%A4%94%E0%A4%B0%20III%20%E0%A4%85%E0%A4%A8%E0%A5%81%E0%A4%B8%E0%A4%B0%E0%A4%A3%20%E0%A4%95%E0%A4%B0%E0%A4%A4%E0%A5%87%20%E0%A4%B9%E0%A5%88%E0%A4%82%20','B'),
 ('18','%E0%A4%95%E0%A5%87%E0%A4%B5%E0%A4%B2%20I%20%E0%A4%94%E0%A4%B0%20IV%20%E0%A4%85%E0%A4%A8%E0%A5%81%E0%A4%B8%E0%A4%B0%E0%A4%A3%20%E0%A4%95%E0%A4%B0%E0%A4%A4%E0%A5%87%20%E0%A4%B9%E0%A5%88%E0%A4%82%20','C'),
 ('19','%E0%A4%95%E0%A5%87%E0%A4%B5%E0%A4%B2%20%E0%A4%AF%E0%A4%BE%20%E0%A4%A4%E0%A5%8B%20I%20%E0%A4%AF%E0%A4%BE%20III%20%E0%A4%85%E0%A4%A8%E0%A5%81%E0%A4%B8%E0%A4%B0%E0%A4%A3%20%E0%A4%95%E0%A4%B0%E0%A4%A4%E0%A4%BE%20%E0%A4%B9%E0%A5%88%E0%A4%82%20','D'),
 ('19','%E0%A4%95%E0%A5%87%E0%A4%B5%E0%A4%B2%20%E0%A4%AF%E0%A4%BE%20%E0%A4%A4%E0%A5%8B%20I%20%E0%A4%AF%E0%A4%BE%20III%20%E0%A4%B5%20II%20%E0%A4%85%E0%A4%A8%E0%A5%81%E0%A4%B8%E0%A4%B0%E0%A4%A3%20%E0%A4%95%E0%A4%B0%E0%A4%A4%E0%A5%87%20%E0%A4%B9%E0%A5%88%E0%A4%82','E'),
 ('19','%E0%A4%95%E0%A5%87%E0%A4%B5%E0%A4%B2%20I%20%E0%A4%85%E0%A4%A8%E0%A5%81%E0%A4%B8%E0%A4%B0%E0%A4%A3%20%E0%A4%95%E0%A4%B0%E0%A4%A4%E0%A4%BE%20%E0%A4%B9%E0%A5%88%E0%A4%82%20','A'),
 ('19','%E0%A4%95%E0%A5%87%E0%A4%B5%E0%A4%B2%20II%20%E0%A4%85%E0%A4%A8%E0%A5%81%E0%A4%B8%E0%A4%B0%E0%A4%A3%20%E0%A4%95%E0%A4%B0%E0%A4%A4%E0%A4%BE%20%E0%A4%B9%E0%A5%88%E0%A4%82%20','B'),
 ('19','%E0%A4%95%E0%A5%87%E0%A4%B5%E0%A4%B2%20III%20%E0%A4%85%E0%A4%A8%E0%A5%81%E0%A4%B8%E0%A4%B0%E0%A4%A3%20%E0%A4%95%E0%A4%B0%E0%A4%A4%E0%A4%BE%20%E0%A4%B9%E0%A5%88%E0%A4%82%20','C'),
 ('20','%E0%A4%95%E0%A5%87%E0%A4%B5%E0%A4%B2%20III%20%E0%A4%85%E0%A4%A8%E0%A5%81%E0%A4%B8%E0%A4%B0%E0%A4%A3%20%E0%A4%95%E0%A4%B0%E0%A4%A4%E0%A4%BE%20%E0%A4%B9%E0%A5%88%E0%A4%82%20','D'),
 ('20','%E0%A4%95%E0%A5%87%E0%A4%B5%E0%A4%B2%20IV%20%E0%A4%85%E0%A4%A8%E0%A5%81%E0%A4%B8%E0%A4%B0%E0%A4%A3%20%E0%A4%95%E0%A4%B0%E0%A4%A4%E0%A4%BE%20%E0%A4%B9%E0%A5%88%E0%A4%82','E'),
 ('20','%E0%A4%95%E0%A5%8B%E0%A4%88%20%E0%A4%85%E0%A4%A8%E0%A5%81%E0%A4%B8%E0%A4%BE%E0%A4%B0%E0%A4%A3%20%E0%A4%A8%E0%A4%B9%E0%A5%80%E0%A4%82%20%E0%A4%95%E0%A4%B0%E0%A4%A4%E0%A4%BE%20%E0%A4%B9%E0%A5%88%20','A'),
 ('20','%E0%A4%95%E0%A5%87%E0%A4%B5%E0%A4%B2%20I%20%E0%A4%85%E0%A4%A8%E0%A5%81%E0%A4%B8%E0%A4%B0%E0%A4%A3%20%E0%A4%95%E0%A4%B0%E0%A4%A4%E0%A4%BE%20%E0%A4%B9%E0%A5%88%E0%A4%82%20','B'),
 ('20','%E0%A4%95%E0%A5%87%E0%A4%B5%E0%A4%B2%20II%20%E0%A4%85%E0%A4%A8%E0%A5%81%E0%A4%B8%E0%A4%B0%E0%A4%A3%20%E0%A4%95%E0%A4%B0%E0%A4%A4%E0%A4%BE%20%E0%A4%B9%E0%A5%88%E0%A4%82%20','C'),
 ('21','117%20%3A%20103%20','D'),
 ('21','None%20of%20these','E'),
 ('21','119%20%3A%20104%20','A'),
 ('21','102%20%3A%20115%20','B'),
 ('21','104%20%3A%20115%20','C'),
 ('22','115','D'),
 ('22','None%20of%20these','E'),
 ('22','76.33','A'),
 ('22','124','B'),
 ('22','83.33%20','C'),
 ('23','14%2C800%20%E0%A4%B0%E0%A5%81%E0%A4%AA%E0%A4%8F%20','D'),
 ('23','%E0%A4%87%E0%A4%A8%E0%A4%AE%E0%A5%87%E0%A4%82%20%E0%A4%B8%E0%A5%87%20%E0%A4%95%E0%A5%8B%E0%A4%88%20%E0%A4%A8%E0%A4%B9%E0%A5%80%E0%A4%82%20','E'),
 ('23','119%3A%20104%20%20','A'),
 ('23','15%2C700%20%E0%A4%B0%E0%A5%81%E0%A4%AA%E0%A4%8F%20','B'),
 ('23','15%2C200%20%E0%A4%B0%E0%A5%81%E0%A4%AA%E0%A4%8F%20','C'),
 ('24','115%20','D'),
 ('24','%E0%A4%87%E0%A4%A8%E0%A4%AE%E0%A5%87%E0%A4%82%20%E0%A4%B8%E0%A5%87%20%E0%A4%95%E0%A5%8B%E0%A4%88%20%E0%A4%A8%E0%A4%B9%E0%A5%80%E0%A4%82%20','E'),
 ('24','76.33%20','A'),
 ('24','124','B'),
 ('24','83.33%20','C'),
 ('25','kjkj','D'),
 ('25','kj','E'),
 ('25','kj','A'),
 ('25','jk','B'),
 ('25','kj','C'),
 ('26','lk','D'),
 ('26','kl','E'),
 ('26','lkkllk','A'),
 ('26','k','B'),
 ('26','lklk','C'),
 ('27','Encouragement%20','D'),
 ('27','None%20of%20these','E'),
 ('27','Shock','A'),
 ('27','Fear','B'),
 ('27','Anxiety%20','C'),
 ('28','The%20public%20is%20ready%20to%20invest%20in%20these%20banks%20because%20of%20the%20knowledge%20that%20these%20banks%20get%20strong%20support%20from%20the%20Government%20','D'),
 ('28','%20None%20of%20these','E'),
 ('28','Indian%20national%20banks%20do%20not%20have%20any%20commitments%20in%20troubled%20foreign%20markets%2C%20','A'),
 ('28','These%20banks%20can%20never%20face%20financial%20crisis%20because%20of%20their%20sheer%20size%20','B'),
 ('28','These%20banks%20are%20ready%20to%20give%20loans%20at%20a%20very%20low%20rate%20of%20interest%20','C'),
 ('29','Anxiety%20','D'),
 ('29','None%20of%20these','E'),
 ('29','Shock%20','A'),
 ('29','Fear%20','B'),
 ('29','%20Encouragement%20','C'),
 ('30','The%20public%20is%20ready%20to%20invest%20in%20these%20banks%20because%20of%20the%20knowledge%20that%20these%20banks%20get%20strong%20support%20from%20the%20Government%20','D'),
 ('30','None%20of%20these','E'),
 ('30','Indian%20national%20banks%20do%20not%20have%20any%20commitments%20in%20troubled%20foreign%20markets%2C%20','A'),
 ('30','These%20banks%20can%20never%20face%20financial%20crisis%20because%20of%20their%20sheer%20size%20','B'),
 ('30','These%20banks%20are%20ready%20to%20give%20loans%20at%20a%20very%20low%20rate%20of%20interest%20','C'),
 ('31','Anxiety','D'),
 ('31','None%20of%20these','E'),
 ('31','Shock','A'),
 ('31','Fear','B'),
 ('31','Encouragement%20','C'),
 ('32','Recession%20is%20bringing%20down%20the%20prices%20of%20essential%20commodities%20','D'),
 ('32','None%20of%20these','E'),
 ('32','Worldwide%2C%20companies%20have%20realized%20that%20India%20is%20a%20strong%20power%20to%20reckon%20with%20','A'),
 ('32','India%20is%20surging%20ahead%20of%20the%20other%20companies%20throughout%20the%20world%20%20','B'),
 ('32','After%20the%20recession%20is%20over%20international%20companies%20will%20turn%20to%20India%20for%20investment%20%20','C'),
 ('33','Only%20(A)%20and%20(B)%20','D'),
 ('33','Only%20(B)%20and%20(C)%20','E'),
 ('33','Only%20(A)','A'),
 ('33','Only%20(B)','B'),
 ('33','%20Only%20(C)%20','C'),
 ('34','The%20public%20is%20ready%20to%20invest%20in%20these%20banks%20because%20of%20the%20knowledge%20that%20these%20banks%20get%20strong%20support%20from%20the%20Government%20','D'),
 ('34','%20None%20of%20these','E'),
 ('34','Indian%20national%20banks%20do%20not%20have%20any%20commitments%20in%20troubled%20foreign%20markets%2C%20','A'),
 ('34','These%20banks%20can%20never%20face%20financial%20crisis%20because%20of%20their%20sheer%20size%20','B'),
 ('34','These%20banks%20are%20ready%20to%20give%20loans%20at%20a%20very%20low%20rate%20of%20interest%20','C'),
 ('35','The%20cost%20cutting%20carried%20out%20by%20all%20the%20companies','D'),
 ('35','None%20of%20these','E'),
 ('35','The%20economy%20coming%20back%20on%20the%20fast%20track%20','A'),
 ('35','The%20slowing%20down%20of%20the%20economy%20','B'),
 ('35','Increased%20hiring%20in%20Indian%20financial%20sector%20in%20times%20of%20economic%20slowdown%20','C'),
 ('36','Anxiety','D'),
 ('36','None%20of%20these','E'),
 ('36','Shock','A'),
 ('36','Fear','B'),
 ('36','Encouragement%20','C'),
 ('37','Recession%20is%20bringing%20down%20the%20prices%20of%20essential%20commodities%20','D'),
 ('37','None%20of%20these','E'),
 ('37','Worldwide%2C%20companies%20have%20realized%20that%20India%20is%20a%20strong%20power%20to%20reckon%20with%20','A'),
 ('37','%20India%20is%20surging%20ahead%20of%20the%20other%20companies%20throughout%20the%20world%20%20','B'),
 ('37','After%20the%20recession%20is%20over%20international%20companies%20will%20turn%20to%20India%20for%20investment%20%20','C'),
 ('38','Only%20(A)%20and%20(B)','D'),
 ('38','Only%20(B)%20and%20(C)%20','E'),
 ('38','Only%20(A)','A'),
 ('38','Only%20(B)%20','B'),
 ('38','Only%20(C)','C'),
 ('39','The%20public%20is%20ready%20to%20invest%20in%20these%20banks%20because%20of%20the%20knowledge%20that%20these%20banks%20get%20strong%20support%20from%20the%20Government%20','D'),
 ('39','None%20of%20these','E'),
 ('39','Indian%20national%20banks%20do%20not%20have%20any%20commitments%20in%20troubled%20foreign%20markets.','A'),
 ('39','These%20banks%20can%20never%20face%20financial%20crisis%20because%20of%20their%20sheer%20size','B'),
 ('39','These%20banks%20are%20ready%20to%20give%20loans%20at%20a%20very%20low%20rate%20of%20interest%20','C'),
 ('40','The%20cost%20cutting%20carried%20out%20by%20all%20the%20companies','D'),
 ('40','None%20of%20these','E'),
 ('40','The%20economy%20coming%20back%20on%20the%20fast%20track%20','A'),
 ('40','The%20slowing%20down%20of%20the%20economy%20','B'),
 ('40','Increased%20hiring%20in%20Indian%20financial%20sector%20in%20times%20of%20economic%20slowdown','C'),
 ('41','Cannot%20be%20determined%20','D'),
 ('41','None%20of%20these','E'),
 ('41','Voice%2015%20win%2075%2039%20store%20gap%2026','A'),
 ('41','Voice%20win%2075%2015%2039%20store%20gap%2026','B'),
 ('41','15%2075%20win%20voice%20store%20gap%2026','C'),
 ('42','There%20will%20be%20no%20such%20step','D'),
 ('42','None%20of%20these','E'),
 ('42','Water%2085%20now%2067%20full%20glass%2015%2037','A'),
 ('42','Water%2085%20now%2067%20glass%20full%2015%2037','B'),
 ('42','Water%2085%20now%2067%20glass%2037%20pull%2015','C'),
 ('43','VI','D'),
 ('43','None%20of%20these','E'),
 ('43','%20VIII','A'),
 ('43','IX%20','B'),
 ('43','VII','C'),
 ('44','Three','D'),
 ('44','None%20of%20these','E'),
 ('44','Four','A'),
 ('44','Five','B'),
 ('44','Six','C'),
 ('45','Seven%20','D'),
 ('45','None%20of%20these','E'),
 ('45','Four%20','A'),
 ('45','Five%20','B'),
 ('45','Six','C'),
 ('46','%E0%A4%90%E0%A4%B8%E0%A4%BE%20%E0%A4%95%E0%A5%8B%E0%A4%88%20%E0%A4%9A%E0%A4%B0%E0%A4%A3%20%E0%A4%A8%E0%A4%B9%E0%A5%80%E0%A4%82%20%E0%A4%B9%E0%A5%8B%E0%A4%97%E0%A4%BE','D'),
 ('46','%E0%A4%87%E0%A4%A8%E0%A4%AE%E0%A5%87%E0%A4%82%20%E0%A4%B8%E0%A5%87%20%E0%A4%95%E0%A5%8B%E0%A4%88%20%E0%A4%A8%E0%A4%B9%E0%A5%80%E0%A4%82','E'),
 ('46','Voice%2015%20win%2075%2039%20store%20gap%2026%20%20','A'),
 ('46','Voice%20win%2075%2015%2039%20store%20gap%2026%20','B'),
 ('46','15%2075%20win%20voice%20gap%2026','C'),
 ('47','%E0%A4%90%E0%A4%B8%E0%A4%BE%20%E0%A4%95%E0%A5%8B%E0%A4%88%20%E0%A4%9A%E0%A4%B0%E0%A4%A3%20%E0%A4%A8%E0%A4%B9%E0%A5%80%E0%A4%82%20%E0%A4%B9%E0%A5%8B%E0%A4%97%E0%A4%BE','D'),
 ('47','%E0%A4%87%E0%A4%A8%E0%A4%AE%E0%A5%87%E0%A4%82%20%E0%A4%B8%E0%A5%87%20%E0%A4%95%E0%A5%8B%E0%A4%88%20%E0%A4%A8%E0%A4%B9%E0%A5%80%E0%A4%82%20','E'),
 ('47','water%2085%20now%2067%20full%20glass%2015%2037%20','A'),
 ('47','water%2085%2067%20glass%20full%2015%2037%20','B'),
 ('47','water%2085%2067%20glass%2037%20full%2015%20','C'),
 ('48','VI%20','D'),
 ('48','%E0%A4%87%E0%A4%A8%E0%A4%AE%E0%A5%87%E0%A4%82%20%E0%A4%B8%E0%A5%87%20%E0%A4%95%E0%A5%8B%E0%A4%88%20%E0%A4%A8%E0%A4%B9%E0%A5%80%E0%A4%82','E'),
 ('48','VIII%20','A'),
 ('48','IX%20','B'),
 ('48','VII%20','C'),
 ('49','%E0%A4%A4%E0%A5%80%E0%A4%A8%20','D'),
 ('49','%E0%A4%87%E0%A4%A8%E0%A4%AE%E0%A5%87%E0%A4%82%20%E0%A4%B8%E0%A5%87%20%E0%A4%95%E0%A5%8B%E0%A4%88%20%E0%A4%A8%E0%A4%B9%E0%A5%80%E0%A4%82%20%E0%A4%B9%E0%A5%88','E'),
 ('49','%E0%A4%9A%E0%A4%BE%E0%A4%B0%20%20','A'),
 ('49','%E0%A4%AA%E0%A4%BE%E0%A4%81%E0%A4%9A%20','B'),
 ('49','%E0%A4%9B%E0%A4%B9%20','C'),
 ('50','%E0%A4%B8%E0%A4%BE%E0%A4%A4%20','D'),
 ('50','%E0%A4%87%E0%A4%A8%E0%A4%AE%E0%A5%87%E0%A4%82%20%E0%A4%B8%E0%A5%87%20%E0%A4%95%E0%A5%8B%E0%A4%88%20%E0%A4%A8%E0%A4%B9%E0%A5%80%E0%A4%82%20%E0%A4%B9%E0%A5%88%E0%A4%83','E'),
 ('50','%E0%A4%9A%E0%A4%BE%E0%A4%B0%20%20','A'),
 ('50','%E0%A4%AA%E0%A4%BE%E0%A4%81%E0%A4%9A%20','B'),
 ('50','%E0%A4%9B%E0%A4%B9%20','C'),
 ('51','Three','D'),
 ('51','More%20than%20three','E'),
 ('51','None','A'),
 ('51','One','B'),
 ('51','Two','C'),
 ('52','%25%4053','D'),
 ('52','None%20of%20these','E'),
 ('52','%25653','A'),
 ('52','%25%4063','B'),
 ('52','%255%403','C'),
 ('53','B','D'),
 ('53','None%20of%20these','E'),
 ('53','R','A'),
 ('53','T','B'),
 ('53','A','C'),
 ('54','Three','D'),
 ('54','More%20than%20three','E'),
 ('54','None','A'),
 ('54','One','B'),
 ('54','Two','C'),
 ('55','Cannot%20be%20determined','D'),
 ('55','None%20of%20these%20%20','E'),
 ('55','95%20metres%20','A'),
 ('55','50%20metres','B'),
 ('55','70%20metres','C'),
 ('56','UWS','D'),
 ('56','None%20of%20these','E'),
 ('56','STW','A'),
 ('56','WUS','B'),
 ('56','SWU','C'),
 ('57','28','D'),
 ('57','None%20of%20these','E'),
 ('57','%E2%80%93%2022','A'),
 ('57','%E2%80%93%20168','B'),
 ('57','22','C'),
 ('58','TNRKMVG','D'),
 ('58','None%20of%20these','E'),
 ('58','VPTKKTE%20','A'),
 ('58','VPTKETK%09','B'),
 ('58','TPVKKTE','C'),
 ('59','Data%20inadequate','D'),
 ('59','None%20of%20these','E'),
 ('59','Ja','A'),
 ('59','Na','B'),
 ('59','Pa','C'),
 ('60','Three','D'),
 ('60','More%20than%20three','E'),
 ('60','None','A'),
 ('60','One','B'),
 ('60','Two','C'),
 ('61','%E0%A4%A4%E0%A5%80%E0%A4%A8','D'),
 ('61','%E0%A4%A4%E0%A5%80%E0%A4%A8%20%E0%A4%B8%E0%A5%87%20%E0%A4%85%E0%A4%A7%E0%A4%BF%E0%A4%95','E'),
 ('61','%E0%A4%95%E0%A5%8B%E0%A4%88%20%E0%A4%A8%E0%A4%B9%E0%A5%80%E0%A4%82%20%20','A'),
 ('61','%E0%A4%8F%E0%A4%95%20','B'),
 ('61','%E0%A4%A6%E0%A5%8B','C'),
 ('62','%25%4053','D'),
 ('62','%E0%A4%87%E0%A4%A8%E0%A4%AE%E0%A5%87%E0%A4%82%20%E0%A4%B8%E0%A5%87%20%E0%A4%95%E0%A5%8B%E0%A4%88%20%E0%A4%A8%E0%A4%B9%E0%A5%80%E0%A4%82','E'),
 ('62','%25653','A'),
 ('62','%25%4063','B'),
 ('62','%255%403','C'),
 ('63','B','D'),
 ('63','%E0%A4%87%E0%A4%A8%E0%A4%AE%E0%A5%87%E0%A4%82%20%E0%A4%B8%E0%A5%87%20%E0%A4%95%E0%A5%8B%E0%A4%88%20%E0%A4%A8%E0%A4%B9%E0%A5%80%E0%A4%82','E'),
 ('63','R','A'),
 ('63','T','B'),
 ('63','A','C'),
 ('64','%E0%A4%A4%E0%A5%80%E0%A4%A8','D'),
 ('64','%E0%A4%A4%E0%A5%80%E0%A4%A8%20%E0%A4%B8%E0%A5%87%20%E0%A4%85%E0%A4%A7%E0%A4%BF%E0%A4%95','E'),
 ('64','%E0%A4%95%E0%A5%8B%E0%A4%88%20%E0%A4%A8%E0%A4%B9%E0%A5%80%E0%A4%82','A'),
 ('64','%E0%A4%8F%E0%A4%95','B'),
 ('64','%E0%A4%A6%E0%A5%8B','C'),
 ('65','%E0%A4%A8%E0%A4%BF%E0%A4%B0%E0%A5%8D%E0%A4%A7%E0%A4%BE%E0%A4%B0%E0%A4%BF%E0%A4%A4%20%E0%A4%A8%E0%A4%B9%E0%A5%80%E0%A4%82%20%E0%A4%95%E0%A4%BF%E0%A4%AF%E0%A4%BE%20%E0%A4%9C%E0%A4%BE%20%E0%A4%B8%E0%A4%95%E0%A4%A4%E0%A4%BE%20','D'),
 ('65','%E0%A4%87%E0%A4%A8%E0%A4%AE%E0%A5%87%E0%A4%82%20%E0%A4%B8%E0%A5%87%20%E0%A4%95%E0%A5%8B%E0%A4%88%20%E0%A4%A8%E0%A4%B9%E0%A5%80%E0%A4%82','E'),
 ('65','95%20%E0%A4%AE%E0%A5%80%E0%A4%9F%E0%A4%B0%20%20%20','A'),
 ('65','50%20%E0%A4%AE%E0%A5%80%E0%A4%9F%E0%A4%B0','B'),
 ('65','70%20%E0%A4%AE%E0%A5%80%E0%A4%9F%E0%A4%B0','C'),
 ('66','UWS','D'),
 ('66','%E0%A4%87%E0%A4%A8%E0%A4%AE%E0%A5%87%E0%A4%82%20%E0%A4%B8%E0%A5%87%20%E0%A4%95%E0%A5%8B%E0%A4%88%20%E0%A4%A8%E0%A4%B9%E0%A5%80%E0%A4%82','E'),
 ('66','STW','A'),
 ('66','WUS','B'),
 ('66','SWU','C'),
 ('67','28','D'),
 ('67','%E0%A4%87%E0%A4%A8%E0%A4%AE%E0%A5%87%E0%A4%82%20%E0%A4%B8%E0%A5%87%20%E0%A4%95%E0%A5%8B%E0%A4%88%20%E0%A4%A8%E0%A4%B9%E0%A5%80%E0%A4%82','E'),
 ('67','-22%20','A'),
 ('67','-168','B'),
 ('67','22','C'),
 ('68','TNRKMVG%20','D'),
 ('68','%E0%A4%87%E0%A4%A8%E0%A4%AE%E0%A5%87%E0%A4%82%20%E0%A4%B8%E0%A5%87%20%E0%A4%95%E0%A5%8B%E0%A4%88%20%E0%A4%A8%E0%A4%B9%E0%A5%80%E0%A4%82','E'),
 ('68','VPTKKTE','A'),
 ('68','VPTKETK','B'),
 ('68','TPVKKTE','C'),
 ('69','%E0%A4%A1%E0%A4%BE%E0%A4%9F%E0%A4%BE%20%E0%A4%85%E0%A4%AA%E0%A4%B0%E0%A5%8D%E0%A4%AF%E0%A4%BE%E0%A4%AA%E0%A5%8D%E0%A4%A4%20%20','D'),
 ('69','%E0%A4%87%E0%A4%A8%E0%A4%AE%E0%A5%87%E0%A4%82%20%E0%A4%B8%E0%A5%87%20%E0%A4%95%E0%A5%8B%E0%A4%88%20%E0%A4%A8%E0%A4%B9%E0%A5%80%E0%A4%82','E'),
 ('69','ja','A'),
 ('69','na','B'),
 ('69','pa','C'),
 ('70','%E0%A4%A4%E0%A5%80%E0%A4%A8','D'),
 ('70','%E0%A4%A4%E0%A5%80%E0%A4%A8%20%E0%A4%B8%E0%A5%87%20%E0%A4%85%E0%A4%A7%E0%A4%BF%E0%A4%95','E'),
 ('70','%E0%A4%95%E0%A5%8B%E0%A4%88%20%E0%A4%A8%E0%A4%B9%E0%A5%80%E0%A4%82','A'),
 ('70','%E0%A4%8F%E0%A4%95','B'),
 ('70','%E0%A4%A6%E0%A5%8B','C'),
 ('71','Only%20II%2C%20III%20and%20IV%20follow%20','D'),
 ('71','None%20of%20these','E'),
 ('71','Only%20I%20and%20III%20follow','A'),
 ('71','Only%20II%20and%20III%20follow','B'),
 ('71','Only%20I%20and%20IV%20follow%20','C'),
 ('72','Only%20either%20I%20or%20III%20follows%20','D'),
 ('72','Only%20either%20I%20or%20III%20and%20II%20follows','E'),
 ('72','Only%20I%20follows%20','A'),
 ('72','Only%20II%20follows','B'),
 ('72','Only%20III%20follows%20','C'),
 ('73','%20Only%20II%2C%20III%20and%20IV%20follow','D'),
 ('73','None%20of%20these','E'),
 ('73','Only%20I%20and%20II%20follow','A'),
 ('73','Only%20I%20and%20III%20follow','B'),
 ('73','Only%20I%2C%20II%20and%20III%20follow%20','C'),
 ('74','Only%20II%2C%20III%20and%20IV%20follow','D'),
 ('74','None%20of%20these','E'),
 ('74','Only%20I%20and%20III%20follow','A'),
 ('74','Only%20I%2C%20II%20and%20III%20follow','B'),
 ('74','Only%20III%20and%20IV%20follow','C'),
 ('75','Only%20III%20follows','D'),
 ('75','Only%20IV%20follows','E'),
 ('75','None%20follows','A'),
 ('75','Only%20I%20follows','B'),
 ('75','Only%20II%20follows','C'),
 ('76','%E0%A4%95%E0%A5%87%E0%A4%B5%E0%A4%B2%20II%2C%20III%20%E0%A4%94%E0%A4%B0%20IV%20%E0%A4%85%E0%A4%A8%E0%A5%81%E0%A4%B8%E0%A4%B0%E0%A4%A3%20%E0%A4%95%E0%A4%B0%E0%A4%A4%E0%A5%87%20%E0%A4%B9%E0%A5%88%E0%A4%82','D'),
 ('76','%E0%A4%87%E0%A4%A8%E0%A4%AE%E0%A5%87%E0%A4%82%20%E0%A4%B8%E0%A5%87%20%E0%A4%95%E0%A5%8B%E0%A4%88%20%E0%A4%A8%E0%A4%B9%E0%A5%80%E0%A4%82','E'),
 ('76','%E0%A4%95%E0%A5%87%E0%A4%B5%E0%A4%B2%20I%20%E0%A4%94%E0%A4%B0%20III%20%E0%A4%85%E0%A4%A8%E0%A5%81%E0%A4%B8%E0%A4%B0%E0%A4%A3%20%E0%A4%95%E0%A4%B0%E0%A4%A4%E0%A5%87%20%E0%A4%B9%E0%A5%88%E0%A4%82%20','A'),
 ('76','%E0%A4%95%E0%A5%87%E0%A4%B5%E0%A4%B2%20II%20%E0%A4%94%E0%A4%B0%20III%20%E0%A4%85%E0%A4%A8%E0%A5%81%E0%A4%B8%E0%A4%B0%E0%A4%A3%20%E0%A4%95%E0%A4%B0%E0%A4%A4%E0%A5%87%20%E0%A4%B9%E0%A5%88%E0%A4%82%20','B'),
 ('76','%E0%A4%95%E0%A5%87%E0%A4%B5%E0%A4%B2%20I%20%E0%A4%94%E0%A4%B0%20IV%20%E0%A4%85%E0%A4%A8%E0%A5%81%E0%A4%B8%E0%A4%B0%E0%A4%A3%20%E0%A4%95%E0%A4%B0%E0%A4%A4%E0%A5%87%20%E0%A4%B9%E0%A5%88%E0%A4%82','C'),
 ('77','%E0%A4%95%E0%A5%87%E0%A4%B5%E0%A4%B2%20%E0%A4%AF%E0%A4%BE%20%E0%A4%A4%E0%A5%8B%20I%20%E0%A4%AF%E0%A4%BE%20III%20%E0%A4%85%E0%A4%A8%E0%A5%81%E0%A4%B8%E0%A4%B0%E0%A4%A3%20%E0%A4%95%E0%A4%B0%E0%A4%A4%E0%A4%BE%20%E0%A4%B9%E0%A5%88%E0%A4%82%20','D'),
 ('77','%E0%A4%95%E0%A5%87%E0%A4%B5%E0%A4%B2%20%E0%A4%AF%E0%A4%BE%20%E0%A4%A4%E0%A5%8B%20I%20%E0%A4%AF%E0%A4%BE%20III%20%E0%A4%B5%20II%20%E0%A4%85%E0%A4%A8%E0%A5%81%E0%A4%B8%E0%A4%B0%E0%A4%A3%20%E0%A4%95%E0%A4%B0%E0%A4%A4%E0%A5%87%20%E0%A4%B9%E0%A5%88%E0%A4%82','E'),
 ('77','%E0%A4%95%E0%A5%87%E0%A4%B5%E0%A4%B2%20I%20%E0%A4%85%E0%A4%A8%E0%A5%81%E0%A4%B8%E0%A4%B0%E0%A4%A3%20%E0%A4%95%E0%A4%B0%E0%A4%A4%E0%A4%BE%20%E0%A4%B9%E0%A5%88%E0%A4%82%20','A'),
 ('77','%E0%A4%95%E0%A5%87%E0%A4%B5%E0%A4%B2%20II%20%E0%A4%85%E0%A4%A8%E0%A5%81%E0%A4%B8%E0%A4%B0%E0%A4%A3%20%E0%A4%95%E0%A4%B0%E0%A4%A4%E0%A4%BE%20%E0%A4%B9%E0%A5%88%E0%A4%82%20','B'),
 ('77','%E0%A4%95%E0%A5%87%E0%A4%B5%E0%A4%B2%20III%20%E0%A4%85%E0%A4%A8%E0%A5%81%E0%A4%B8%E0%A4%B0%E0%A4%A3%20%E0%A4%95%E0%A4%B0%E0%A4%A4%E0%A4%BE%20%E0%A4%B9%E0%A5%88%E0%A4%82%20','C'),
 ('78','%E0%A4%95%E0%A5%87%E0%A4%B5%E0%A4%B2%20II%2C%20III%20%E0%A4%94%E0%A4%B0%20IV%20%E0%A4%85%E0%A4%A8%E0%A5%81%E0%A4%B8%E0%A4%B0%E0%A4%A3%20%E0%A4%95%E0%A4%B0%E0%A4%A4%E0%A5%87%20%E0%A4%B9%E0%A5%88%E0%A4%82%20','D'),
 ('78','%E0%A4%87%E0%A4%A8%E0%A4%AE%E0%A5%87%E0%A4%82%20%E0%A4%B8%E0%A5%87%20%E0%A4%95%E0%A5%8B%E0%A4%88%20%E0%A4%A8%E0%A4%B9%E0%A5%80%E0%A4%82','E'),
 ('78','%E0%A4%95%E0%A5%87%E0%A4%B5%E0%A4%B2%20I%20%E0%A4%94%E0%A4%B0%20II%20%E0%A4%85%E0%A4%A8%E0%A5%81%E0%A4%B8%E0%A4%B0%E0%A4%A3%20%E0%A4%95%E0%A4%B0%E0%A4%A4%E0%A5%87%20%E0%A4%B9%E0%A5%88%E0%A4%82%20','A'),
 ('78','%E0%A4%95%E0%A5%87%E0%A4%B5%E0%A4%B2%20I%20%E0%A4%94%E0%A4%B0%20III%20%E0%A4%85%E0%A4%A8%E0%A5%81%E0%A4%B8%E0%A4%B0%E0%A4%A3%20%E0%A4%95%E0%A4%B0%E0%A4%A4%E0%A5%87%20%E0%A4%B9%E0%A5%88%E0%A4%82%20','B'),
 ('78','%E0%A4%95%E0%A5%87%E0%A4%B5%E0%A4%B2%20I%2C%20II%20%E0%A4%94%E0%A4%B0%20III%20%E0%A4%85%E0%A4%A8%E0%A5%81%E0%A4%B8%E0%A4%B0%E0%A4%A3%20%E0%A4%95%E0%A4%B0%E0%A4%A4%E0%A5%87%20%E0%A4%B9%E0%A5%88%E0%A4%82','C'),
 ('79','%E0%A4%95%E0%A5%87%E0%A4%B5%E0%A4%B2%20II%2C%20III%20%E0%A4%94%E0%A4%B0%20IV%20%E0%A4%85%E0%A4%A8%E0%A5%81%E0%A4%B8%E0%A4%B0%E0%A4%A3%20%E0%A4%95%E0%A4%B0%E0%A4%A4%E0%A5%87%20%E0%A4%B9%E0%A5%88%E0%A4%82','D'),
 ('79','%E0%A4%87%E0%A4%A8%E0%A4%AE%E0%A5%87%E0%A4%82%20%E0%A4%B8%E0%A5%87%20%E0%A4%95%E0%A5%8B%E0%A4%88%20%E0%A4%A8%E0%A4%B9%E0%A5%80%E0%A4%82','E'),
 ('79','%E0%A4%95%E0%A5%87%E0%A4%B5%E0%A4%B2%20I%20%E0%A4%94%E0%A4%B0%20III%20%E0%A4%85%E0%A4%A8%E0%A5%81%E0%A4%B8%E0%A4%B0%E0%A4%A3%20%E0%A4%95%E0%A4%B0%E0%A4%A4%E0%A5%87%20%E0%A4%B9%E0%A5%88%E0%A4%82%20','A'),
 ('79','%E0%A4%95%E0%A5%87%E0%A4%B5%E0%A4%B2%20I%2C%20II%20%E0%A4%94%E0%A4%B0%20III%20%E0%A4%85%E0%A4%A8%E0%A5%81%E0%A4%B8%E0%A4%B0%E0%A4%A3%20%E0%A4%95%E0%A4%B0%E0%A4%A4%E0%A5%87%20%E0%A4%B9%E0%A5%88%E0%A4%82%20','B'),
 ('79','%E0%A4%95%E0%A5%87%E0%A4%B5%E0%A4%B2%20III%20%E0%A4%94%E0%A4%B0%20IV%20%E0%A4%85%E0%A4%A8%E0%A5%81%E0%A4%B8%E0%A4%B0%E0%A4%A3%20%E0%A4%95%E0%A4%B0%E0%A4%A4%E0%A5%87%20%E0%A4%B9%E0%A5%88%E0%A4%82%20','C'),
 ('80','%E0%A4%95%E0%A5%87%E0%A4%B5%E0%A4%B2%20III%20%E0%A4%85%E0%A4%A8%E0%A5%81%E0%A4%B8%E0%A4%B0%E0%A4%A3%20%E0%A4%95%E0%A4%B0%E0%A4%A4%E0%A4%BE%20%E0%A4%B9%E0%A5%88%E0%A4%82%20','D'),
 ('80','%E0%A4%95%E0%A5%87%E0%A4%B5%E0%A4%B2%20IV%20%E0%A4%85%E0%A4%A8%E0%A5%81%E0%A4%B8%E0%A4%B0%E0%A4%A3%20%E0%A4%95%E0%A4%B0%E0%A4%A4%E0%A4%BE%20%E0%A4%B9%E0%A5%88%E0%A4%82','E'),
 ('80','%E0%A4%95%E0%A5%8B%E0%A4%88%20%E0%A4%85%E0%A4%A8%E0%A5%81%E0%A4%B8%E0%A4%BE%E0%A4%B0%E0%A4%A3%20%E0%A4%A8%E0%A4%B9%E0%A5%80%E0%A4%82%20%E0%A4%95%E0%A4%B0%E0%A4%A4%E0%A4%BE%20%E0%A4%B9%E0%A5%88%20','A'),
 ('80','%E0%A4%95%E0%A5%87%E0%A4%B5%E0%A4%B2%20I%20%E0%A4%85%E0%A4%A8%E0%A5%81%E0%A4%B8%E0%A4%B0%E0%A4%A3%20%E0%A4%95%E0%A4%B0%E0%A4%A4%E0%A4%BE%20%E0%A4%B9%E0%A5%88%E0%A4%82%20','B'),
 ('80','%E0%A4%95%E0%A5%87%E0%A4%B5%E0%A4%B2%20II%20%E0%A4%85%E0%A4%A8%E0%A5%81%E0%A4%B8%E0%A4%B0%E0%A4%A3%20%E0%A4%95%E0%A4%B0%E0%A4%A4%E0%A4%BE%20%E0%A4%B9%E0%A5%88%E0%A4%82%20','C'),
 ('81','jkkjj','A'),
 ('81','jkkj','B'),
 ('82','jkjkj','A'),
 ('82','kjjkj','B'),
 ('83','a','A'),
 ('84','a','A'),
 ('85','kk','A'),
 ('85','l','B'),
 ('86','kk','A'),
 ('86','kk','B'),
 ('87','kk','A'),
 ('88','a','A'),
 ('89','k','A'),
 ('90','ll','A'),
 ('91','a','A'),
 ('92','a','A'),
 ('93','a','A'),
 ('94','a','A'),
 ('95','a','A'),
 ('96','a','A'),
 ('97','a','A'),
 ('98','a','A'),
 ('99','a','A'),
 ('100','a','A'),
 ('101','a','A'),
 ('102','a','A'),
 ('103','a','A'),
 ('104','a','A'),
 ('105','a','A'),
 ('106','a','A'),
 ('1','Cannot%20be%20determined%20','D'),
 ('1','%20None%20of%20these','E'),
 ('1','Voice%2015%20win%2075%2039%20store%20gap%2026%20JHHNN','A'),
 ('1','Voice%20win%2075%2015%2039%20store%20gap%2026%20NNNOOO','B'),
 ('1','15%2075%20win%20voice%20store%20gap%2026','C'),
 ('2','VI ','D'),
 ('2','None of these','E'),
 ('2','VIII  OK OK P','A'),
 ('2','IX ','B'),
 ('2','VII ','C'),
 ('3','à¤à¤¸à¤¾ à¤•à¥‹à¤ˆ à¤šà¤°à¤£ à¤¨à¤¹à¥€à¤‚ à¤¹à¥‹à¤—à¤¾','D'),
 ('3','à¤‡à¤¨à¤®à¥‡à¤‚ à¤¸à¥‡ à¤•à¥‹à¤ˆ à¤¨à¤¹à¥€à¤‚ ','E'),
 ('3','water 85 now 67 full glass 15 37 ','A'),
 ('3','water 85 67 glass full 15 37 ','B'),
 ('3','water 85 67 glass 37 full 15 ','C'),
 ('4','Seven%20','D'),
 ('4','None%20of%20these','E'),
 ('4','Four%20','A'),
 ('4','Five%20','B'),
 ('4','Six','C'),
 ('5','Three','D'),
 ('5','None%20of%20these','E'),
 ('5','Four','A'),
 ('5','Five','B'),
 ('5','Six','C'),
 ('6','%E0%A4%A8%20%E0%A4%B8%E0%A4%BE%20%E0%A4%A8%E0%A4%BF%E0%A4%B7%E0%A5%8D%E0%A4%9A%E0%A4%BF%E0%A4%A4%20%E0%A4%B0%E0%A5%82%E0%A4%AA%20%E0%A4%B8%E0%A5%87%20%E0%A4%87%E0%A4%A8%E0%A4%AA%E0%A5%81%E0%A4%9F%20%E0%A4%B9%E0%A5%88%3F','D'),
 ('6','%E0%A4%A8%20%E0%A4%B8%E0%A4%BE%20%E0%A4%A8%E0%A4%BF%E0%A4%B7%E0%A5%8D%E0%A4%9A%E0%A4%BF%E0%A4%A4%20','E'),
 ('6','voice%2015%20win%2075%2039%20store%20gap%2026%20%20','A'),
 ('6','voice%20win%2075%2015%2039%20store%20gap%2026%20','B'),
 ('6','15%2075%20win%20voice%20gap%2026','C'),
 ('7','VI%20','D'),
 ('7','%E0%A4%87%E0%A4%A8%E0%A4%AE%E0%A5%87%E0%A4%82%20%E0%A4%B8%E0%A5%87%20%E0%A4%95%E0%A5%8B%E0%A4%88%20%E0%A4%A8%E0%A4%B9%E0%A5%80%E0%A4%82%20','E'),
 ('7','VIII%20','A'),
 ('7','IX%20','B'),
 ('7','VII%20','C'),
 ('8','%E0%A4%90%E0%A4%B8%E0%A4%BE%20%E0%A4%95%E0%A5%8B%E0%A4%88%20%E0%A4%9A%E0%A4%B0%E0%A4%A3%20%E0%A4%A8%E0%A4%B9%E0%A5%80%E0%A4%82%20%E0%A4%B9%E0%A5%8B%E0%A4%97%E0%A4%BE','D'),
 ('8','%E0%A4%87%E0%A4%A8%E0%A4%AE%E0%A5%87%E0%A4%82%20%E0%A4%B8%E0%A5%87%20%E0%A4%95%E0%A5%8B%E0%A4%88%20%E0%A4%A8%E0%A4%B9%E0%A5%80%E0%A4%82%20','E'),
 ('8','water%2085%20now%2067%20full%20glass%2015%2037%20','A'),
 ('8','water%2085%2067%20glass%20full%2015%2037%20','B'),
 ('8','water%2085%2067%20glass%2037%20full%2015%20','C'),
 ('9','%E0%A4%B8%E0%A4%BE%E0%A4%A4%20','D'),
 ('9','%E0%A4%87%E0%A4%A8%E0%A4%AE%E0%A5%87%E0%A4%82%20%E0%A4%B8%E0%A5%87%20%E0%A4%95%E0%A5%8B%E0%A4%88%20%E0%A4%A8%E0%A4%B9%E0%A5%80%E0%A4%82%20%E0%A4%B9%E0%A5%88%E0%A4%83','E'),
 ('9','%E0%A4%9A%E0%A4%BE%E0%A4%B0%20%20','A'),
 ('9','%E0%A4%AA%E0%A4%BE%E0%A4%81%E0%A4%9A%20','B'),
 ('9','%E0%A4%9B%E0%A4%B9%20','C'),
 ('10','%E0%A4%A4%E0%A5%80%E0%A4%A8%20','D'),
 ('10','%E0%A4%87%E0%A4%A8%E0%A4%AE%E0%A5%87%E0%A4%82%20%E0%A4%B8%E0%A5%87%20%E0%A4%95%E0%A5%8B%E0%A4%88%20%E0%A4%A8%E0%A4%B9%E0%A5%80%E0%A4%82%20%E0%A4%B9%E0%A5%88','E'),
 ('10','%E0%A4%9A%E0%A4%BE%E0%A4%B0%20%20','A'),
 ('10','%E0%A4%AA%E0%A4%BE%E0%A4%81%E0%A4%9A%20','B'),
 ('10','%E0%A4%9B%E0%A4%B9%20','C'),
 ('11','Only II, III and IV follow','D'),
 ('11','None of these Ok Done','E'),
 ('11','Only ','A'),
 ('11','Only I and III follow','B'),
 ('11','Only I, II and III follow ','C'),
 ('12','Only%20II%2C%20III%20and%20IV%20follow','D'),
 ('12','None%20of%20these','E'),
 ('12','Only%20I%20and%20III%20follow','A'),
 ('12','Only%20I%2C%20II%20and%20III%20follow','B'),
 ('12','Only%20III%20and%20IV%20follow','C'),
 ('13','Only%20II%2C%20III%20and%20IV%20follow%20','D'),
 ('13','None%20of%20these','E'),
 ('13','Only%20I%20and%20III%20follow','A'),
 ('13','Only%20II%20and%20III%20follow%20','B'),
 ('13','Only%20I%20and%20IV%20follow%20','C'),
 ('14','Only%20either%20I%20or%20III%20follows%20','D'),
 ('14','Only%20either%20I%20or%20III%20and%20II%20follows','E'),
 ('14','Only%20I%20follows%20','A'),
 ('14','%20Only%20II%20follows%20','B'),
 ('14','Only%20III%20follows%20','C'),
 ('15','Only%20III%20follows','D'),
 ('15','Only%20IV%20follows','E'),
 ('15','None%20follows','A'),
 ('15','Only%20I%20follows','B'),
 ('15','Only%20II%20follows','C'),
 ('16','%E0%A4%95%E0%A5%87%E0%A4%B5%E0%A4%B2%20II%2C%20III%20%E0%A4%94%E0%A4%B0%20IV%20%E0%A4%85%E0%A4%A8%E0%A5%81%E0%A4%B8%E0%A4%B0%E0%A4%A3%20%E0%A4%95%E0%A4%B0%E0%A4%A4%E0%A5%87%20%E0%A4%B9%E0%A5%88%E0%A4%82%20','D'),
 ('16','%E0%A4%87%E0%A4%A8%E0%A4%AE%E0%A5%87%E0%A4%82%20%E0%A4%B8%E0%A5%87%20%E0%A4%95%E0%A5%8B%E0%A4%88%20%E0%A4%A8%E0%A4%B9%E0%A5%80%E0%A4%82','E'),
 ('16','%E0%A4%95%E0%A5%87%E0%A4%B5%E0%A4%B2%20I%20%E0%A4%94%E0%A4%B0%20II%20%E0%A4%85%E0%A4%A8%E0%A5%81%E0%A4%B8%E0%A4%B0%E0%A4%A3%20%E0%A4%95%E0%A4%B0%E0%A4%A4%E0%A5%87%20%E0%A4%B9%E0%A5%88%E0%A4%82%20','A'),
 ('16','%E0%A4%95%E0%A5%87%E0%A4%B5%E0%A4%B2%20I%20%E0%A4%94%E0%A4%B0%20III%20%E0%A4%85%E0%A4%A8%E0%A5%81%E0%A4%B8%E0%A4%B0%E0%A4%A3%20%E0%A4%95%E0%A4%B0%E0%A4%A4%E0%A5%87%20%E0%A4%B9%E0%A5%88%E0%A4%82%20','B'),
 ('16','%E0%A4%95%E0%A5%87%E0%A4%B5%E0%A4%B2%20I%2C%20II%20%E0%A4%94%E0%A4%B0%20III%20%E0%A4%85%E0%A4%A8%E0%A5%81%E0%A4%B8%E0%A4%B0%E0%A4%A3%20%E0%A4%95%E0%A4%B0%E0%A4%A4%E0%A5%87%20%E0%A4%B9%E0%A5%88%E0%A4%82%20','C'),
 ('17','%E0%A4%95%E0%A5%87%E0%A4%B5%E0%A4%B2%20II%2C%20III%20%E0%A4%94%E0%A4%B0%20IV%20%E0%A4%85%E0%A4%A8%E0%A5%81%E0%A4%B8%E0%A4%B0%E0%A4%A3%20%E0%A4%95%E0%A4%B0%E0%A4%A4%E0%A5%87%20%E0%A4%B9%E0%A5%88%E0%A4%82%20','D'),
 ('17','%E0%A4%87%E0%A4%A8%E0%A4%AE%E0%A5%87%E0%A4%82%20%E0%A4%B8%E0%A5%87%20%E0%A4%95%E0%A5%8B%E0%A4%88%20%E0%A4%A8%E0%A4%B9%E0%A5%80%E0%A4%82','E'),
 ('17','%E0%A4%95%E0%A5%87%E0%A4%B5%E0%A4%B2%20I%20%E0%A4%94%E0%A4%B0%20III%20%E0%A4%85%E0%A4%A8%E0%A5%81%E0%A4%B8%E0%A4%B0%E0%A4%A3%20%E0%A4%95%E0%A4%B0%E0%A4%A4%E0%A5%87%20%E0%A4%B9%E0%A5%88%E0%A4%82%20','A'),
 ('17','%E0%A4%95%E0%A5%87%E0%A4%B5%E0%A4%B2%20I%2C%20II%20%E0%A4%94%E0%A4%B0%20III%20%E0%A4%85%E0%A4%A8%E0%A5%81%E0%A4%B8%E0%A4%B0%E0%A4%A3%20%E0%A4%95%E0%A4%B0%E0%A4%A4%E0%A5%87%20%E0%A4%B9%E0%A5%88%E0%A4%82%20','B'),
 ('17','%E0%A4%95%E0%A5%87%E0%A4%B5%E0%A4%B2%20III%20%E0%A4%94%E0%A4%B0%20IV%20%E0%A4%85%E0%A4%A8%E0%A5%81%E0%A4%B8%E0%A4%B0%E0%A4%A3%20%E0%A4%95%E0%A4%B0%E0%A4%A4%E0%A5%87%20%E0%A4%B9%E0%A5%88%E0%A4%82%20','C'),
 ('18','%E0%A4%95%E0%A5%87%E0%A4%B5%E0%A4%B2%20II%2C%20III%20%E0%A4%94%E0%A4%B0%20IV%20%E0%A4%85%E0%A4%A8%E0%A5%81%E0%A4%B8%E0%A4%B0%E0%A4%A3%20%E0%A4%95%E0%A4%B0%E0%A4%A4%E0%A5%87%20%E0%A4%B9%E0%A5%88%E0%A4%82%20','D'),
 ('18','%E0%A4%87%E0%A4%A8%E0%A4%AE%E0%A5%87%E0%A4%82%20%E0%A4%B8%E0%A5%87%20%E0%A4%95%E0%A5%8B%E0%A4%88%20%E0%A4%A8%E0%A4%B9%E0%A5%80%E0%A4%82','E'),
 ('18','%E0%A4%95%E0%A5%87%E0%A4%B5%E0%A4%B2%20I%20%E0%A4%94%E0%A4%B0%20III%20%E0%A4%85%E0%A4%A8%E0%A5%81%E0%A4%B8%E0%A4%B0%E0%A4%A3%20%E0%A4%95%E0%A4%B0%E0%A4%A4%E0%A5%87%20%E0%A4%B9%E0%A5%88%E0%A4%82%20','A'),
 ('18','%E0%A4%95%E0%A5%87%E0%A4%B5%E0%A4%B2%20II%20%E0%A4%94%E0%A4%B0%20III%20%E0%A4%85%E0%A4%A8%E0%A5%81%E0%A4%B8%E0%A4%B0%E0%A4%A3%20%E0%A4%95%E0%A4%B0%E0%A4%A4%E0%A5%87%20%E0%A4%B9%E0%A5%88%E0%A4%82%20','B'),
 ('18','%E0%A4%95%E0%A5%87%E0%A4%B5%E0%A4%B2%20I%20%E0%A4%94%E0%A4%B0%20IV%20%E0%A4%85%E0%A4%A8%E0%A5%81%E0%A4%B8%E0%A4%B0%E0%A4%A3%20%E0%A4%95%E0%A4%B0%E0%A4%A4%E0%A5%87%20%E0%A4%B9%E0%A5%88%E0%A4%82%20','C'),
 ('19','%E0%A4%95%E0%A5%87%E0%A4%B5%E0%A4%B2%20%E0%A4%AF%E0%A4%BE%20%E0%A4%A4%E0%A5%8B%20I%20%E0%A4%AF%E0%A4%BE%20III%20%E0%A4%85%E0%A4%A8%E0%A5%81%E0%A4%B8%E0%A4%B0%E0%A4%A3%20%E0%A4%95%E0%A4%B0%E0%A4%A4%E0%A4%BE%20%E0%A4%B9%E0%A5%88%E0%A4%82%20','D'),
 ('19','%E0%A4%95%E0%A5%87%E0%A4%B5%E0%A4%B2%20%E0%A4%AF%E0%A4%BE%20%E0%A4%A4%E0%A5%8B%20I%20%E0%A4%AF%E0%A4%BE%20III%20%E0%A4%B5%20II%20%E0%A4%85%E0%A4%A8%E0%A5%81%E0%A4%B8%E0%A4%B0%E0%A4%A3%20%E0%A4%95%E0%A4%B0%E0%A4%A4%E0%A5%87%20%E0%A4%B9%E0%A5%88%E0%A4%82','E'),
 ('19','%E0%A4%95%E0%A5%87%E0%A4%B5%E0%A4%B2%20I%20%E0%A4%85%E0%A4%A8%E0%A5%81%E0%A4%B8%E0%A4%B0%E0%A4%A3%20%E0%A4%95%E0%A4%B0%E0%A4%A4%E0%A4%BE%20%E0%A4%B9%E0%A5%88%E0%A4%82%20','A'),
 ('19','%E0%A4%95%E0%A5%87%E0%A4%B5%E0%A4%B2%20II%20%E0%A4%85%E0%A4%A8%E0%A5%81%E0%A4%B8%E0%A4%B0%E0%A4%A3%20%E0%A4%95%E0%A4%B0%E0%A4%A4%E0%A4%BE%20%E0%A4%B9%E0%A5%88%E0%A4%82%20','B'),
 ('19','%E0%A4%95%E0%A5%87%E0%A4%B5%E0%A4%B2%20III%20%E0%A4%85%E0%A4%A8%E0%A5%81%E0%A4%B8%E0%A4%B0%E0%A4%A3%20%E0%A4%95%E0%A4%B0%E0%A4%A4%E0%A4%BE%20%E0%A4%B9%E0%A5%88%E0%A4%82%20','C'),
 ('20','%E0%A4%95%E0%A5%87%E0%A4%B5%E0%A4%B2%20III%20%E0%A4%85%E0%A4%A8%E0%A5%81%E0%A4%B8%E0%A4%B0%E0%A4%A3%20%E0%A4%95%E0%A4%B0%E0%A4%A4%E0%A4%BE%20%E0%A4%B9%E0%A5%88%E0%A4%82%20','D'),
 ('20','%E0%A4%95%E0%A5%87%E0%A4%B5%E0%A4%B2%20IV%20%E0%A4%85%E0%A4%A8%E0%A5%81%E0%A4%B8%E0%A4%B0%E0%A4%A3%20%E0%A4%95%E0%A4%B0%E0%A4%A4%E0%A4%BE%20%E0%A4%B9%E0%A5%88%E0%A4%82','E'),
 ('20','%E0%A4%95%E0%A5%8B%E0%A4%88%20%E0%A4%85%E0%A4%A8%E0%A5%81%E0%A4%B8%E0%A4%BE%E0%A4%B0%E0%A4%A3%20%E0%A4%A8%E0%A4%B9%E0%A5%80%E0%A4%82%20%E0%A4%95%E0%A4%B0%E0%A4%A4%E0%A4%BE%20%E0%A4%B9%E0%A5%88%20','A'),
 ('20','%E0%A4%95%E0%A5%87%E0%A4%B5%E0%A4%B2%20I%20%E0%A4%85%E0%A4%A8%E0%A5%81%E0%A4%B8%E0%A4%B0%E0%A4%A3%20%E0%A4%95%E0%A4%B0%E0%A4%A4%E0%A4%BE%20%E0%A4%B9%E0%A5%88%E0%A4%82%20','B'),
 ('20','%E0%A4%95%E0%A5%87%E0%A4%B5%E0%A4%B2%20II%20%E0%A4%85%E0%A4%A8%E0%A5%81%E0%A4%B8%E0%A4%B0%E0%A4%A3%20%E0%A4%95%E0%A4%B0%E0%A4%A4%E0%A4%BE%20%E0%A4%B9%E0%A5%88%E0%A4%82%20','C'),
 ('21','117%20%3A%20103%20','D'),
 ('21','None%20of%20these','E'),
 ('21','119%20%3A%20104%20','A'),
 ('21','102%20%3A%20115%20','B'),
 ('21','104%20%3A%20115%20','C'),
 ('22','115','D'),
 ('22','None%20of%20these','E'),
 ('22','76.33','A'),
 ('22','124','B'),
 ('22','83.33%20','C'),
 ('23','14%2C800%20%E0%A4%B0%E0%A5%81%E0%A4%AA%E0%A4%8F%20','D'),
 ('23','%E0%A4%87%E0%A4%A8%E0%A4%AE%E0%A5%87%E0%A4%82%20%E0%A4%B8%E0%A5%87%20%E0%A4%95%E0%A5%8B%E0%A4%88%20%E0%A4%A8%E0%A4%B9%E0%A5%80%E0%A4%82%20','E'),
 ('23','119%3A%20104%20%20','A'),
 ('23','15%2C700%20%E0%A4%B0%E0%A5%81%E0%A4%AA%E0%A4%8F%20','B'),
 ('23','15%2C200%20%E0%A4%B0%E0%A5%81%E0%A4%AA%E0%A4%8F%20','C'),
 ('24','115%20','D'),
 ('24','%E0%A4%87%E0%A4%A8%E0%A4%AE%E0%A5%87%E0%A4%82%20%E0%A4%B8%E0%A5%87%20%E0%A4%95%E0%A5%8B%E0%A4%88%20%E0%A4%A8%E0%A4%B9%E0%A5%80%E0%A4%82%20','E'),
 ('24','76.33%20','A'),
 ('24','124','B'),
 ('24','83.33%20','C'),
 ('25','kjkj','D'),
 ('25','kj','E'),
 ('25','kj','A'),
 ('25','jk','B'),
 ('25','kj','C'),
 ('26','lk','D'),
 ('26','kl','E'),
 ('26','lkkllk','A'),
 ('26','k','B'),
 ('26','lklk','C'),
 ('27','Encouragement%20','D'),
 ('27','None%20of%20these','E'),
 ('27','Shock','A'),
 ('27','Fear','B'),
 ('27','Anxiety%20','C'),
 ('28','The%20public%20is%20ready%20to%20invest%20in%20these%20banks%20because%20of%20the%20knowledge%20that%20these%20banks%20get%20strong%20support%20from%20the%20Government%20','D'),
 ('28','%20None%20of%20these','E'),
 ('28','Indian%20national%20banks%20do%20not%20have%20any%20commitments%20in%20troubled%20foreign%20markets%2C%20','A'),
 ('28','These%20banks%20can%20never%20face%20financial%20crisis%20because%20of%20their%20sheer%20size%20','B'),
 ('28','These%20banks%20are%20ready%20to%20give%20loans%20at%20a%20very%20low%20rate%20of%20interest%20','C'),
 ('29','Anxiety%20','D'),
 ('29','None%20of%20these','E'),
 ('29','Shock%20','A'),
 ('29','Fear%20','B'),
 ('29','%20Encouragement%20','C'),
 ('30','The%20public%20is%20ready%20to%20invest%20in%20these%20banks%20because%20of%20the%20knowledge%20that%20these%20banks%20get%20strong%20support%20from%20the%20Government%20','D'),
 ('30','None%20of%20these','E'),
 ('30','Indian%20national%20banks%20do%20not%20have%20any%20commitments%20in%20troubled%20foreign%20markets%2C%20','A'),
 ('30','These%20banks%20can%20never%20face%20financial%20crisis%20because%20of%20their%20sheer%20size%20','B'),
 ('30','These%20banks%20are%20ready%20to%20give%20loans%20at%20a%20very%20low%20rate%20of%20interest%20','C'),
 ('31','Anxiety','D'),
 ('31','None%20of%20these','E'),
 ('31','Shock','A'),
 ('31','Fear','B'),
 ('31','Encouragement%20','C'),
 ('32','Recession%20is%20bringing%20down%20the%20prices%20of%20essential%20commodities%20','D'),
 ('32','None%20of%20these','E'),
 ('32','Worldwide%2C%20companies%20have%20realized%20that%20India%20is%20a%20strong%20power%20to%20reckon%20with%20','A'),
 ('32','India%20is%20surging%20ahead%20of%20the%20other%20companies%20throughout%20the%20world%20%20','B'),
 ('32','After%20the%20recession%20is%20over%20international%20companies%20will%20turn%20to%20India%20for%20investment%20%20','C'),
 ('33','Only%20(A)%20and%20(B)%20','D'),
 ('33','Only%20(B)%20and%20(C)%20','E'),
 ('33','Only%20(A)','A'),
 ('33','Only%20(B)','B'),
 ('33','%20Only%20(C)%20','C'),
 ('34','The%20public%20is%20ready%20to%20invest%20in%20these%20banks%20because%20of%20the%20knowledge%20that%20these%20banks%20get%20strong%20support%20from%20the%20Government%20','D'),
 ('34','%20None%20of%20these','E'),
 ('34','Indian%20national%20banks%20do%20not%20have%20any%20commitments%20in%20troubled%20foreign%20markets%2C%20','A'),
 ('34','These%20banks%20can%20never%20face%20financial%20crisis%20because%20of%20their%20sheer%20size%20','B'),
 ('34','These%20banks%20are%20ready%20to%20give%20loans%20at%20a%20very%20low%20rate%20of%20interest%20','C'),
 ('35','The%20cost%20cutting%20carried%20out%20by%20all%20the%20companies','D'),
 ('35','None%20of%20these','E'),
 ('35','The%20economy%20coming%20back%20on%20the%20fast%20track%20','A'),
 ('35','The%20slowing%20down%20of%20the%20economy%20','B'),
 ('35','Increased%20hiring%20in%20Indian%20financial%20sector%20in%20times%20of%20economic%20slowdown%20','C'),
 ('36','Anxiety','D'),
 ('36','None%20of%20these','E'),
 ('36','Shock','A'),
 ('36','Fear','B'),
 ('36','Encouragement%20','C'),
 ('37','Recession%20is%20bringing%20down%20the%20prices%20of%20essential%20commodities%20','D'),
 ('37','None%20of%20these','E'),
 ('37','Worldwide%2C%20companies%20have%20realized%20that%20India%20is%20a%20strong%20power%20to%20reckon%20with%20','A'),
 ('37','%20India%20is%20surging%20ahead%20of%20the%20other%20companies%20throughout%20the%20world%20%20','B'),
 ('37','After%20the%20recession%20is%20over%20international%20companies%20will%20turn%20to%20India%20for%20investment%20%20','C'),
 ('38','Only%20(A)%20and%20(B)','D'),
 ('38','Only%20(B)%20and%20(C)%20','E'),
 ('38','Only%20(A)','A'),
 ('38','Only%20(B)%20','B'),
 ('38','Only%20(C)','C'),
 ('39','The%20public%20is%20ready%20to%20invest%20in%20these%20banks%20because%20of%20the%20knowledge%20that%20these%20banks%20get%20strong%20support%20from%20the%20Government%20','D'),
 ('39','None%20of%20these','E'),
 ('39','Indian%20national%20banks%20do%20not%20have%20any%20commitments%20in%20troubled%20foreign%20markets.','A'),
 ('39','These%20banks%20can%20never%20face%20financial%20crisis%20because%20of%20their%20sheer%20size','B'),
 ('39','These%20banks%20are%20ready%20to%20give%20loans%20at%20a%20very%20low%20rate%20of%20interest%20','C'),
 ('40','The%20cost%20cutting%20carried%20out%20by%20all%20the%20companies','D'),
 ('40','None%20of%20these','E'),
 ('40','The%20economy%20coming%20back%20on%20the%20fast%20track%20','A'),
 ('40','The%20slowing%20down%20of%20the%20economy%20','B'),
 ('40','Increased%20hiring%20in%20Indian%20financial%20sector%20in%20times%20of%20economic%20slowdown','C'),
 ('41','Cannot%20be%20determined%20','D'),
 ('41','None%20of%20these','E'),
 ('41','Voice%2015%20win%2075%2039%20store%20gap%2026','A'),
 ('41','Voice%20win%2075%2015%2039%20store%20gap%2026','B'),
 ('41','15%2075%20win%20voice%20store%20gap%2026','C'),
 ('42','There%20will%20be%20no%20such%20step','D'),
 ('42','None%20of%20these','E'),
 ('42','Water%2085%20now%2067%20full%20glass%2015%2037','A'),
 ('42','Water%2085%20now%2067%20glass%20full%2015%2037','B'),
 ('42','Water%2085%20now%2067%20glass%2037%20pull%2015','C'),
 ('43','VI','D'),
 ('43','None%20of%20these','E'),
 ('43','%20VIII','A'),
 ('43','IX%20','B'),
 ('43','VII','C'),
 ('44','Three','D'),
 ('44','None%20of%20these','E'),
 ('44','Four','A'),
 ('44','Five','B'),
 ('44','Six','C'),
 ('45','Seven%20','D'),
 ('45','None%20of%20these','E'),
 ('45','Four%20','A'),
 ('45','Five%20','B'),
 ('45','Six','C'),
 ('46','%E0%A4%90%E0%A4%B8%E0%A4%BE%20%E0%A4%95%E0%A5%8B%E0%A4%88%20%E0%A4%9A%E0%A4%B0%E0%A4%A3%20%E0%A4%A8%E0%A4%B9%E0%A5%80%E0%A4%82%20%E0%A4%B9%E0%A5%8B%E0%A4%97%E0%A4%BE','D'),
 ('46','%E0%A4%87%E0%A4%A8%E0%A4%AE%E0%A5%87%E0%A4%82%20%E0%A4%B8%E0%A5%87%20%E0%A4%95%E0%A5%8B%E0%A4%88%20%E0%A4%A8%E0%A4%B9%E0%A5%80%E0%A4%82','E'),
 ('46','Voice%2015%20win%2075%2039%20store%20gap%2026%20%20','A'),
 ('46','Voice%20win%2075%2015%2039%20store%20gap%2026%20','B'),
 ('46','15%2075%20win%20voice%20gap%2026','C'),
 ('47','%E0%A4%90%E0%A4%B8%E0%A4%BE%20%E0%A4%95%E0%A5%8B%E0%A4%88%20%E0%A4%9A%E0%A4%B0%E0%A4%A3%20%E0%A4%A8%E0%A4%B9%E0%A5%80%E0%A4%82%20%E0%A4%B9%E0%A5%8B%E0%A4%97%E0%A4%BE','D'),
 ('47','%E0%A4%87%E0%A4%A8%E0%A4%AE%E0%A5%87%E0%A4%82%20%E0%A4%B8%E0%A5%87%20%E0%A4%95%E0%A5%8B%E0%A4%88%20%E0%A4%A8%E0%A4%B9%E0%A5%80%E0%A4%82%20','E'),
 ('47','water%2085%20now%2067%20full%20glass%2015%2037%20','A'),
 ('47','water%2085%2067%20glass%20full%2015%2037%20','B'),
 ('47','water%2085%2067%20glass%2037%20full%2015%20','C'),
 ('48','VI%20','D'),
 ('48','%E0%A4%87%E0%A4%A8%E0%A4%AE%E0%A5%87%E0%A4%82%20%E0%A4%B8%E0%A5%87%20%E0%A4%95%E0%A5%8B%E0%A4%88%20%E0%A4%A8%E0%A4%B9%E0%A5%80%E0%A4%82','E'),
 ('48','VIII%20','A'),
 ('48','IX%20','B'),
 ('48','VII%20','C'),
 ('49','%E0%A4%A4%E0%A5%80%E0%A4%A8%20','D'),
 ('49','%E0%A4%87%E0%A4%A8%E0%A4%AE%E0%A5%87%E0%A4%82%20%E0%A4%B8%E0%A5%87%20%E0%A4%95%E0%A5%8B%E0%A4%88%20%E0%A4%A8%E0%A4%B9%E0%A5%80%E0%A4%82%20%E0%A4%B9%E0%A5%88','E'),
 ('49','%E0%A4%9A%E0%A4%BE%E0%A4%B0%20%20','A'),
 ('49','%E0%A4%AA%E0%A4%BE%E0%A4%81%E0%A4%9A%20','B'),
 ('49','%E0%A4%9B%E0%A4%B9%20','C'),
 ('50','%E0%A4%B8%E0%A4%BE%E0%A4%A4%20','D'),
 ('50','%E0%A4%87%E0%A4%A8%E0%A4%AE%E0%A5%87%E0%A4%82%20%E0%A4%B8%E0%A5%87%20%E0%A4%95%E0%A5%8B%E0%A4%88%20%E0%A4%A8%E0%A4%B9%E0%A5%80%E0%A4%82%20%E0%A4%B9%E0%A5%88%E0%A4%83','E'),
 ('50','%E0%A4%9A%E0%A4%BE%E0%A4%B0%20%20','A'),
 ('50','%E0%A4%AA%E0%A4%BE%E0%A4%81%E0%A4%9A%20','B'),
 ('50','%E0%A4%9B%E0%A4%B9%20','C'),
 ('51','Three','D'),
 ('51','More%20than%20three','E'),
 ('51','None','A'),
 ('51','One','B'),
 ('51','Two','C'),
 ('52','%25%4053','D'),
 ('52','None%20of%20these','E'),
 ('52','%25653','A'),
 ('52','%25%4063','B'),
 ('52','%255%403','C'),
 ('53','B','D'),
 ('53','None%20of%20these','E'),
 ('53','R','A'),
 ('53','T','B'),
 ('53','A','C'),
 ('54','Three','D'),
 ('54','More%20than%20three','E'),
 ('54','None','A'),
 ('54','One','B'),
 ('54','Two','C'),
 ('55','Cannot%20be%20determined','D'),
 ('55','None%20of%20these%20%20','E'),
 ('55','95%20metres%20','A'),
 ('55','50%20metres','B'),
 ('55','70%20metres','C'),
 ('56','UWS','D'),
 ('56','None%20of%20these','E'),
 ('56','STW','A'),
 ('56','WUS','B'),
 ('56','SWU','C'),
 ('57','28','D'),
 ('57','None%20of%20these','E'),
 ('57','%E2%80%93%2022','A'),
 ('57','%E2%80%93%20168','B'),
 ('57','22','C'),
 ('58','TNRKMVG','D'),
 ('58','None%20of%20these','E'),
 ('58','VPTKKTE%20','A'),
 ('58','VPTKETK%09','B'),
 ('58','TPVKKTE','C'),
 ('59','Data%20inadequate','D'),
 ('59','None%20of%20these','E'),
 ('59','Ja','A'),
 ('59','Na','B'),
 ('59','Pa','C'),
 ('60','Three','D'),
 ('60','More%20than%20three','E'),
 ('60','None','A'),
 ('60','One','B'),
 ('60','Two','C'),
 ('61','%E0%A4%A4%E0%A5%80%E0%A4%A8','D'),
 ('61','%E0%A4%A4%E0%A5%80%E0%A4%A8%20%E0%A4%B8%E0%A5%87%20%E0%A4%85%E0%A4%A7%E0%A4%BF%E0%A4%95','E'),
 ('61','%E0%A4%95%E0%A5%8B%E0%A4%88%20%E0%A4%A8%E0%A4%B9%E0%A5%80%E0%A4%82%20%20','A'),
 ('61','%E0%A4%8F%E0%A4%95%20','B'),
 ('61','%E0%A4%A6%E0%A5%8B','C'),
 ('62','%25%4053','D'),
 ('62','%E0%A4%87%E0%A4%A8%E0%A4%AE%E0%A5%87%E0%A4%82%20%E0%A4%B8%E0%A5%87%20%E0%A4%95%E0%A5%8B%E0%A4%88%20%E0%A4%A8%E0%A4%B9%E0%A5%80%E0%A4%82','E'),
 ('62','%25653','A'),
 ('62','%25%4063','B'),
 ('62','%255%403','C'),
 ('63','B','D'),
 ('63','%E0%A4%87%E0%A4%A8%E0%A4%AE%E0%A5%87%E0%A4%82%20%E0%A4%B8%E0%A5%87%20%E0%A4%95%E0%A5%8B%E0%A4%88%20%E0%A4%A8%E0%A4%B9%E0%A5%80%E0%A4%82','E'),
 ('63','R','A'),
 ('63','T','B'),
 ('63','A','C'),
 ('64','%E0%A4%A4%E0%A5%80%E0%A4%A8','D'),
 ('64','%E0%A4%A4%E0%A5%80%E0%A4%A8%20%E0%A4%B8%E0%A5%87%20%E0%A4%85%E0%A4%A7%E0%A4%BF%E0%A4%95','E'),
 ('64','%E0%A4%95%E0%A5%8B%E0%A4%88%20%E0%A4%A8%E0%A4%B9%E0%A5%80%E0%A4%82','A'),
 ('64','%E0%A4%8F%E0%A4%95','B'),
 ('64','%E0%A4%A6%E0%A5%8B','C'),
 ('65','%E0%A4%A8%E0%A4%BF%E0%A4%B0%E0%A5%8D%E0%A4%A7%E0%A4%BE%E0%A4%B0%E0%A4%BF%E0%A4%A4%20%E0%A4%A8%E0%A4%B9%E0%A5%80%E0%A4%82%20%E0%A4%95%E0%A4%BF%E0%A4%AF%E0%A4%BE%20%E0%A4%9C%E0%A4%BE%20%E0%A4%B8%E0%A4%95%E0%A4%A4%E0%A4%BE%20','D'),
 ('65','%E0%A4%87%E0%A4%A8%E0%A4%AE%E0%A5%87%E0%A4%82%20%E0%A4%B8%E0%A5%87%20%E0%A4%95%E0%A5%8B%E0%A4%88%20%E0%A4%A8%E0%A4%B9%E0%A5%80%E0%A4%82','E'),
 ('65','95%20%E0%A4%AE%E0%A5%80%E0%A4%9F%E0%A4%B0%20%20%20','A'),
 ('65','50%20%E0%A4%AE%E0%A5%80%E0%A4%9F%E0%A4%B0','B'),
 ('65','70%20%E0%A4%AE%E0%A5%80%E0%A4%9F%E0%A4%B0','C'),
 ('66','UWS','D'),
 ('66','%E0%A4%87%E0%A4%A8%E0%A4%AE%E0%A5%87%E0%A4%82%20%E0%A4%B8%E0%A5%87%20%E0%A4%95%E0%A5%8B%E0%A4%88%20%E0%A4%A8%E0%A4%B9%E0%A5%80%E0%A4%82','E'),
 ('66','STW','A'),
 ('66','WUS','B'),
 ('66','SWU','C'),
 ('67','28','D'),
 ('67','%E0%A4%87%E0%A4%A8%E0%A4%AE%E0%A5%87%E0%A4%82%20%E0%A4%B8%E0%A5%87%20%E0%A4%95%E0%A5%8B%E0%A4%88%20%E0%A4%A8%E0%A4%B9%E0%A5%80%E0%A4%82','E'),
 ('67','-22%20','A'),
 ('67','-168','B'),
 ('67','22','C'),
 ('68','TNRKMVG%20','D'),
 ('68','%E0%A4%87%E0%A4%A8%E0%A4%AE%E0%A5%87%E0%A4%82%20%E0%A4%B8%E0%A5%87%20%E0%A4%95%E0%A5%8B%E0%A4%88%20%E0%A4%A8%E0%A4%B9%E0%A5%80%E0%A4%82','E'),
 ('68','VPTKKTE','A'),
 ('68','VPTKETK','B'),
 ('68','TPVKKTE','C'),
 ('69','%E0%A4%A1%E0%A4%BE%E0%A4%9F%E0%A4%BE%20%E0%A4%85%E0%A4%AA%E0%A4%B0%E0%A5%8D%E0%A4%AF%E0%A4%BE%E0%A4%AA%E0%A5%8D%E0%A4%A4%20%20','D'),
 ('69','%E0%A4%87%E0%A4%A8%E0%A4%AE%E0%A5%87%E0%A4%82%20%E0%A4%B8%E0%A5%87%20%E0%A4%95%E0%A5%8B%E0%A4%88%20%E0%A4%A8%E0%A4%B9%E0%A5%80%E0%A4%82','E'),
 ('69','ja','A'),
 ('69','na','B'),
 ('69','pa','C'),
 ('70','%E0%A4%A4%E0%A5%80%E0%A4%A8','D'),
 ('70','%E0%A4%A4%E0%A5%80%E0%A4%A8%20%E0%A4%B8%E0%A5%87%20%E0%A4%85%E0%A4%A7%E0%A4%BF%E0%A4%95','E'),
 ('70','%E0%A4%95%E0%A5%8B%E0%A4%88%20%E0%A4%A8%E0%A4%B9%E0%A5%80%E0%A4%82','A'),
 ('70','%E0%A4%8F%E0%A4%95','B'),
 ('70','%E0%A4%A6%E0%A5%8B','C'),
 ('71','Only%20II%2C%20III%20and%20IV%20follow%20','D'),
 ('71','None%20of%20these','E'),
 ('71','Only%20I%20and%20III%20follow','A'),
 ('71','Only%20II%20and%20III%20follow','B'),
 ('71','Only%20I%20and%20IV%20follow%20','C'),
 ('72','Only%20either%20I%20or%20III%20follows%20','D'),
 ('72','Only%20either%20I%20or%20III%20and%20II%20follows','E'),
 ('72','Only%20I%20follows%20','A'),
 ('72','Only%20II%20follows','B'),
 ('72','Only%20III%20follows%20','C'),
 ('73','%20Only%20II%2C%20III%20and%20IV%20follow','D'),
 ('73','None%20of%20these','E'),
 ('73','Only%20I%20and%20II%20follow','A'),
 ('73','Only%20I%20and%20III%20follow','B'),
 ('73','Only%20I%2C%20II%20and%20III%20follow%20','C'),
 ('74','Only%20II%2C%20III%20and%20IV%20follow','D'),
 ('74','None%20of%20these','E'),
 ('74','Only%20I%20and%20III%20follow','A'),
 ('74','Only%20I%2C%20II%20and%20III%20follow','B'),
 ('74','Only%20III%20and%20IV%20follow','C'),
 ('75','Only%20III%20follows','D'),
 ('75','Only%20IV%20follows','E'),
 ('75','None%20follows','A'),
 ('75','Only%20I%20follows','B'),
 ('75','Only%20II%20follows','C'),
 ('76','%E0%A4%95%E0%A5%87%E0%A4%B5%E0%A4%B2%20II%2C%20III%20%E0%A4%94%E0%A4%B0%20IV%20%E0%A4%85%E0%A4%A8%E0%A5%81%E0%A4%B8%E0%A4%B0%E0%A4%A3%20%E0%A4%95%E0%A4%B0%E0%A4%A4%E0%A5%87%20%E0%A4%B9%E0%A5%88%E0%A4%82','D'),
 ('76','%E0%A4%87%E0%A4%A8%E0%A4%AE%E0%A5%87%E0%A4%82%20%E0%A4%B8%E0%A5%87%20%E0%A4%95%E0%A5%8B%E0%A4%88%20%E0%A4%A8%E0%A4%B9%E0%A5%80%E0%A4%82','E'),
 ('76','%E0%A4%95%E0%A5%87%E0%A4%B5%E0%A4%B2%20I%20%E0%A4%94%E0%A4%B0%20III%20%E0%A4%85%E0%A4%A8%E0%A5%81%E0%A4%B8%E0%A4%B0%E0%A4%A3%20%E0%A4%95%E0%A4%B0%E0%A4%A4%E0%A5%87%20%E0%A4%B9%E0%A5%88%E0%A4%82%20','A'),
 ('76','%E0%A4%95%E0%A5%87%E0%A4%B5%E0%A4%B2%20II%20%E0%A4%94%E0%A4%B0%20III%20%E0%A4%85%E0%A4%A8%E0%A5%81%E0%A4%B8%E0%A4%B0%E0%A4%A3%20%E0%A4%95%E0%A4%B0%E0%A4%A4%E0%A5%87%20%E0%A4%B9%E0%A5%88%E0%A4%82%20','B'),
 ('76','%E0%A4%95%E0%A5%87%E0%A4%B5%E0%A4%B2%20I%20%E0%A4%94%E0%A4%B0%20IV%20%E0%A4%85%E0%A4%A8%E0%A5%81%E0%A4%B8%E0%A4%B0%E0%A4%A3%20%E0%A4%95%E0%A4%B0%E0%A4%A4%E0%A5%87%20%E0%A4%B9%E0%A5%88%E0%A4%82','C'),
 ('77','%E0%A4%95%E0%A5%87%E0%A4%B5%E0%A4%B2%20%E0%A4%AF%E0%A4%BE%20%E0%A4%A4%E0%A5%8B%20I%20%E0%A4%AF%E0%A4%BE%20III%20%E0%A4%85%E0%A4%A8%E0%A5%81%E0%A4%B8%E0%A4%B0%E0%A4%A3%20%E0%A4%95%E0%A4%B0%E0%A4%A4%E0%A4%BE%20%E0%A4%B9%E0%A5%88%E0%A4%82%20','D'),
 ('77','%E0%A4%95%E0%A5%87%E0%A4%B5%E0%A4%B2%20%E0%A4%AF%E0%A4%BE%20%E0%A4%A4%E0%A5%8B%20I%20%E0%A4%AF%E0%A4%BE%20III%20%E0%A4%B5%20II%20%E0%A4%85%E0%A4%A8%E0%A5%81%E0%A4%B8%E0%A4%B0%E0%A4%A3%20%E0%A4%95%E0%A4%B0%E0%A4%A4%E0%A5%87%20%E0%A4%B9%E0%A5%88%E0%A4%82','E'),
 ('77','%E0%A4%95%E0%A5%87%E0%A4%B5%E0%A4%B2%20I%20%E0%A4%85%E0%A4%A8%E0%A5%81%E0%A4%B8%E0%A4%B0%E0%A4%A3%20%E0%A4%95%E0%A4%B0%E0%A4%A4%E0%A4%BE%20%E0%A4%B9%E0%A5%88%E0%A4%82%20','A'),
 ('77','%E0%A4%95%E0%A5%87%E0%A4%B5%E0%A4%B2%20II%20%E0%A4%85%E0%A4%A8%E0%A5%81%E0%A4%B8%E0%A4%B0%E0%A4%A3%20%E0%A4%95%E0%A4%B0%E0%A4%A4%E0%A4%BE%20%E0%A4%B9%E0%A5%88%E0%A4%82%20','B'),
 ('77','%E0%A4%95%E0%A5%87%E0%A4%B5%E0%A4%B2%20III%20%E0%A4%85%E0%A4%A8%E0%A5%81%E0%A4%B8%E0%A4%B0%E0%A4%A3%20%E0%A4%95%E0%A4%B0%E0%A4%A4%E0%A4%BE%20%E0%A4%B9%E0%A5%88%E0%A4%82%20','C'),
 ('78','%E0%A4%95%E0%A5%87%E0%A4%B5%E0%A4%B2%20II%2C%20III%20%E0%A4%94%E0%A4%B0%20IV%20%E0%A4%85%E0%A4%A8%E0%A5%81%E0%A4%B8%E0%A4%B0%E0%A4%A3%20%E0%A4%95%E0%A4%B0%E0%A4%A4%E0%A5%87%20%E0%A4%B9%E0%A5%88%E0%A4%82%20','D'),
 ('78','%E0%A4%87%E0%A4%A8%E0%A4%AE%E0%A5%87%E0%A4%82%20%E0%A4%B8%E0%A5%87%20%E0%A4%95%E0%A5%8B%E0%A4%88%20%E0%A4%A8%E0%A4%B9%E0%A5%80%E0%A4%82','E'),
 ('78','%E0%A4%95%E0%A5%87%E0%A4%B5%E0%A4%B2%20I%20%E0%A4%94%E0%A4%B0%20II%20%E0%A4%85%E0%A4%A8%E0%A5%81%E0%A4%B8%E0%A4%B0%E0%A4%A3%20%E0%A4%95%E0%A4%B0%E0%A4%A4%E0%A5%87%20%E0%A4%B9%E0%A5%88%E0%A4%82%20','A'),
 ('78','%E0%A4%95%E0%A5%87%E0%A4%B5%E0%A4%B2%20I%20%E0%A4%94%E0%A4%B0%20III%20%E0%A4%85%E0%A4%A8%E0%A5%81%E0%A4%B8%E0%A4%B0%E0%A4%A3%20%E0%A4%95%E0%A4%B0%E0%A4%A4%E0%A5%87%20%E0%A4%B9%E0%A5%88%E0%A4%82%20','B'),
 ('78','%E0%A4%95%E0%A5%87%E0%A4%B5%E0%A4%B2%20I%2C%20II%20%E0%A4%94%E0%A4%B0%20III%20%E0%A4%85%E0%A4%A8%E0%A5%81%E0%A4%B8%E0%A4%B0%E0%A4%A3%20%E0%A4%95%E0%A4%B0%E0%A4%A4%E0%A5%87%20%E0%A4%B9%E0%A5%88%E0%A4%82','C'),
 ('79','%E0%A4%95%E0%A5%87%E0%A4%B5%E0%A4%B2%20II%2C%20III%20%E0%A4%94%E0%A4%B0%20IV%20%E0%A4%85%E0%A4%A8%E0%A5%81%E0%A4%B8%E0%A4%B0%E0%A4%A3%20%E0%A4%95%E0%A4%B0%E0%A4%A4%E0%A5%87%20%E0%A4%B9%E0%A5%88%E0%A4%82','D'),
 ('79','%E0%A4%87%E0%A4%A8%E0%A4%AE%E0%A5%87%E0%A4%82%20%E0%A4%B8%E0%A5%87%20%E0%A4%95%E0%A5%8B%E0%A4%88%20%E0%A4%A8%E0%A4%B9%E0%A5%80%E0%A4%82','E'),
 ('79','%E0%A4%95%E0%A5%87%E0%A4%B5%E0%A4%B2%20I%20%E0%A4%94%E0%A4%B0%20III%20%E0%A4%85%E0%A4%A8%E0%A5%81%E0%A4%B8%E0%A4%B0%E0%A4%A3%20%E0%A4%95%E0%A4%B0%E0%A4%A4%E0%A5%87%20%E0%A4%B9%E0%A5%88%E0%A4%82%20','A'),
 ('79','%E0%A4%95%E0%A5%87%E0%A4%B5%E0%A4%B2%20I%2C%20II%20%E0%A4%94%E0%A4%B0%20III%20%E0%A4%85%E0%A4%A8%E0%A5%81%E0%A4%B8%E0%A4%B0%E0%A4%A3%20%E0%A4%95%E0%A4%B0%E0%A4%A4%E0%A5%87%20%E0%A4%B9%E0%A5%88%E0%A4%82%20','B'),
 ('79','%E0%A4%95%E0%A5%87%E0%A4%B5%E0%A4%B2%20III%20%E0%A4%94%E0%A4%B0%20IV%20%E0%A4%85%E0%A4%A8%E0%A5%81%E0%A4%B8%E0%A4%B0%E0%A4%A3%20%E0%A4%95%E0%A4%B0%E0%A4%A4%E0%A5%87%20%E0%A4%B9%E0%A5%88%E0%A4%82%20','C'),
 ('80','%E0%A4%95%E0%A5%87%E0%A4%B5%E0%A4%B2%20III%20%E0%A4%85%E0%A4%A8%E0%A5%81%E0%A4%B8%E0%A4%B0%E0%A4%A3%20%E0%A4%95%E0%A4%B0%E0%A4%A4%E0%A4%BE%20%E0%A4%B9%E0%A5%88%E0%A4%82%20','D'),
 ('80','%E0%A4%95%E0%A5%87%E0%A4%B5%E0%A4%B2%20IV%20%E0%A4%85%E0%A4%A8%E0%A5%81%E0%A4%B8%E0%A4%B0%E0%A4%A3%20%E0%A4%95%E0%A4%B0%E0%A4%A4%E0%A4%BE%20%E0%A4%B9%E0%A5%88%E0%A4%82','E'),
 ('80','%E0%A4%95%E0%A5%8B%E0%A4%88%20%E0%A4%85%E0%A4%A8%E0%A5%81%E0%A4%B8%E0%A4%BE%E0%A4%B0%E0%A4%A3%20%E0%A4%A8%E0%A4%B9%E0%A5%80%E0%A4%82%20%E0%A4%95%E0%A4%B0%E0%A4%A4%E0%A4%BE%20%E0%A4%B9%E0%A5%88%20','A'),
 ('80','%E0%A4%95%E0%A5%87%E0%A4%B5%E0%A4%B2%20I%20%E0%A4%85%E0%A4%A8%E0%A5%81%E0%A4%B8%E0%A4%B0%E0%A4%A3%20%E0%A4%95%E0%A4%B0%E0%A4%A4%E0%A4%BE%20%E0%A4%B9%E0%A5%88%E0%A4%82%20','B'),
 ('80','%E0%A4%95%E0%A5%87%E0%A4%B5%E0%A4%B2%20II%20%E0%A4%85%E0%A4%A8%E0%A5%81%E0%A4%B8%E0%A4%B0%E0%A4%A3%20%E0%A4%95%E0%A4%B0%E0%A4%A4%E0%A4%BE%20%E0%A4%B9%E0%A5%88%E0%A4%82%20','C'),
 ('81','jkkjj','A'),
 ('81','jkkj','B'),
 ('82','jkjkj','A'),
 ('82','kjjkj','B'),
 ('83','a','A'),
 ('84','a','A'),
 ('85','kk','A'),
 ('85','l','B'),
 ('86','kk','A'),
 ('86','kk','B'),
 ('87','kk','A'),
 ('88','a','A'),
 ('89','k','A'),
 ('90','ll','A'),
 ('91','a','A'),
 ('92','a','A'),
 ('93','a','A'),
 ('94','a','A'),
 ('95','a','A'),
 ('96','a','A'),
 ('97','a','A'),
 ('98','a','A'),
 ('99','a','A'),
 ('100','a','A'),
 ('101','a','A'),
 ('102','a','A'),
 ('103','a','A'),
 ('104','a','A'),
 ('105','a','A'),
 ('106','a','A');
/*!40000 ALTER TABLE `option_bank` ENABLE KEYS */;


--
-- Definition of table `question_bank`
--

DROP TABLE IF EXISTS `question_bank`;
CREATE TABLE `question_bank` (
  `question_bank_id` int(10) unsigned NOT NULL auto_increment,
  `question` varchar(50000) default NULL,
  `answer` varchar(5000) default NULL,
  PRIMARY KEY  (`question_bank_id`)
) ENGINE=InnoDB DEFAULT CHARSET=latin1;

--
-- Dumping data for table `question_bank`
--

/*!40000 ALTER TABLE `question_bank` DISABLE KEYS */;
INSERT INTO `question_bank` (`question_bank_id`,`question`,`answer`) VALUES 
 (1,'%3Cp%3EFour%20of%20the%20following%20five%20are%20alike%20in%20a%20certain%20way%20and%20so%20form%20a%20group.%20Which%20is%20the%20one%20that%20does%20not%20belong%20to%20that%20group%3F%3C%2Fp%3E%0A','C'),
 (2,'%3Cp%3E%E0%A4%A8%E0%A4%BF%E0%A4%AE%E0%A5%8D%E0%A4%A8%E0%A4%B2%E0%A4%BF%E0%A4%96%E0%A4%BF%E0%A4%A4%20%E0%A4%AA%E0%A4%BE%E0%A4%81%E0%A4%9A%20%E0%A4%AE%E0%A5%87%E0%A4%82%20%E0%A4%B8%E0%A5%87%20%E0%A4%9A%E0%A4%BE%E0%A4%B0%20%E0%A4%95%E0%A4%BF%E0%A4%B8%E0%A5%80%20%E0%A4%AA%E0%A5%8D%E0%A4%B0%E0%A4%95%E0%A4%BE%E0%A4%B0%20%E0%A4%B8%E0%A5%87%20%E0%A4%8F%E0%A4%95%20%E0%A4%B8%E0%A4%AE%E0%A4%BE%E0%A4%A8%20%E0%A4%B9%E0%A5%88%E0%A4%82%20%E0%A4%A4%E0%A4%A5%E0%A4%BE%20%E0%A4%B5%E0%A5%87%20%E0%A4%85%E0%A4%AA%E0%A4%A8%E0%A4%BE%20%E0%A4%B8%E0%A4%AE%E0%A5%82%E0%A4%B9%20%E0%A4%AC%E0%A4%A8%E0%A4%BE%E0%A4%A4%E0%A5%87%20%E0%A4%B9%E0%A5%88%E0%A4%82%E0%A5%A4%20%E0%A4%B5%E0%A4%B9%20%E0%A4%8F%E0%A4%95%20%E0%A4%95%E0%A5%8C%E0%A4%A8%20%E0%A4%B8%E0%A4%BE%20%E0%A4%B9%E0%A5%88%20%E0%A4%9C%E0%A5%8B%20%E0%A4%87%E0%A4%B8%20%E0%A4%B8%E0%A4%AE%E0%A5%82%E0%A4%B9%20%E0%A4%AE%E0%A5%87%E0%A4%82%20%E0%A4%B6%E0%A4%BE%E0%A4%AE%E0%A4%BF%E0%A4%B2%20%E0%A4%A8%E0%A4%B9%E0%A5%80%E0%A4%82%20%E0%A4%B9%E0%A5%8B%E0%A4%A4%E0%A4%BE%20%E0%A4%B9%E0%A5%88%3F%3C%2Fp%3E%0A','C'),
 (3,'%3Cp%3EWhich%20of%20the%20following%20can%20be%20interred%20from%20the%20passage%3F%3C%2Fp%3E%0A','D'),
 (4,'%3Cp%3EWhy%20has%20Grameen%20made%20a%20second%20attempt%20to%20launch%20itself%20in%20the%20United%20States%3F%3C%2Fp%3E%0A','C'),
 (5,'%3Cp%3EWhich%20of%20the%20following%20is%20%3Cstrong%3Emost%3C%2Fstrong%3E%20%3Cstrong%3Eopposite%3C%2Fstrong%3E%20in%20meaning%20to%20the%20word%20%26ldquo%3B%3Cstrong%3ECOLOSSAL%3C%2Fstrong%3E%26rdquo%3B%20as%20used%20in%20the%20passage%3F%3C%2Fp%3E%0A','D'),
 (6,'%3Cp%3EWhat%20has%20adversely%20affected%20the%20success%20of%20microfinance%20institutions%20in%20the%20United%20Sates%3F%3C%2Fp%3E%0A','A'),
 (7,'%3Cp%3EWhy%20was%20Grameen%20America%26rsquo%3Bs%20initial%20U.%20S.%20initiative%20a%20flop%3F%3C%2Fp%3E%0A%0A%3Cp%3E(A)%20Lack%20of%20proper%20training%20to%20Grameen%20America%20personnel.%3C%2Fp%3E%0A%0A%3Cp%3E(B)%20Grameen%26rsquo%3Bs%20refusal%20to%20adapt%20their%20system%20to%20meet%20the%20needs%20of%20the%20American%20poor.%3C%2Fp%3E%0A%0A%3Cp%3E(C)%20It%20ended%20up%20given%20loans%20at%20half%20their%20customary%20rates%20of%20interest.%3C%2Fp%3E%0A','A'),
 (8,'%3Cp%3EWhat%20is%20the%20central%20theme%20of%20the%20passage%3F%3C%2Fp%3E%0A','C'),
 (9,'%3Cp%3EWhich%20of%20the%20following%20can%20be%20said%20about%20Grameen%3F%3C%2Fp%3E%0A%0A%3Cp%3E(A)%20Its%20success%20in%20developing%20countries%20will%20ensure%20its%20success%20in%20developed%20countries%3C%2Fp%3E%0A%0A%3Cp%3E(B)%20It%20ensures%20that%20the%20poor%20in%20developing%20countries%20enjoy%20a%20subsistence%20standard%20of%20living%3C%2Fp%3E%0A%0A%3Cp%3E(C)%20It%20has%20demonstrated%20that%20the%20poor%20are%20far%20more%20likely%20to%20repay%20loans%20than%20the%20affluent.%3C%2Fp%3E%0A','E'),
 (10,'%3Cp%3EAccording%20to%20the%20author%20what%20has%20enhanced%20the%20likelihood%20of%20success%20for%20Grameen%20America%20at%20present%3F%3C%2Fp%3E%0A','E'),
 (11,'%3Cp%3EWhich%20of%20the%20following%20is%20%3Cstrong%3Emost%3C%2Fstrong%3E%20%3Cstrong%3Esimilar%3C%2Fstrong%3E%20in%20meaning%20to%20the%20word%20%26ldquo%3B%3Cstrong%3EELUDED%3C%2Fstrong%3E%26rdquo%3B%20as%20used%20in%20the%20passage%3F%3C%2Fp%3E%0A','A'),
 (12,'%3Cp%3EWhich%20of%20the%20following%20is%20a%20benefit%20of%20the%20Grameen%20system%20of%20microfinance%3F%3C%2Fp%3E%0A','E'),
 (13,'%3Cp%3EWhich%20of%20the%20following%20can%20be%20interred%20from%20the%20passage%3F%3C%2Fp%3E%0A','D'),
 (14,'%3Cp%3EWhy%20has%20Grameen%20made%20a%20second%20attempt%20to%20launch%20itself%20in%20the%20United%20States%3F%3C%2Fp%3E%0A','C'),
 (15,'%3Cp%3EWhich%20of%20the%20following%20is%20%3Cstrong%3Emost%3C%2Fstrong%3E%20%3Cstrong%3Eopposite%3C%2Fstrong%3E%20in%20meaning%20to%20the%20word%20%26ldquo%3B%3Cstrong%3ECOLOSSAL%3C%2Fstrong%3E%26rdquo%3B%20as%20used%20in%20the%20passage%3F%3C%2Fp%3E%0A','D'),
 (16,'%3Cp%3EWhat%20has%20adversely%20affected%20the%20success%20of%20microfinance%20institutions%20in%20the%20United%20Sates%3F%3C%2Fp%3E%0A','A'),
 (17,'%3Cp%3EWhy%20was%20Grameen%20America%26rsquo%3Bs%20initial%20U.%20S.%20initiative%20a%20flop%3F%3C%2Fp%3E%0A%0A%3Cp%3E(A)%20Lack%20of%20proper%20training%20to%20Grameen%20America%20personnel.%3C%2Fp%3E%0A%0A%3Cp%3E(B)%20Grameen%26rsquo%3Bs%20refusal%20to%20adapt%20their%20system%20to%20meet%20the%20needs%20of%20the%20American%20poor.%3C%2Fp%3E%0A%0A%3Cp%3E(C)%20It%20ended%20up%20given%20loans%20at%20half%20their%20customary%20rates%20of%20interest.%3C%2Fp%3E%0A','A'),
 (18,'%3Cp%3EWhat%20is%20the%20central%20theme%20of%20the%20passage%3F%3C%2Fp%3E%0A','C'),
 (19,'%3Cp%3EWhich%20of%20the%20following%20can%20be%20said%20about%20Grameen%3F%3C%2Fp%3E%0A%0A%3Cp%3E(A)%20Its%20success%20in%20developing%20countries%20will%20ensure%20its%20success%20in%20developed%20countries%3C%2Fp%3E%0A%0A%3Cp%3E(B)%20It%20ensures%20that%20the%20poor%20in%20developing%20countries%20enjoy%20a%20subsistence%20standard%20of%20living%3C%2Fp%3E%0A%0A%3Cp%3E(C)%20It%20has%20demonstrated%20that%20the%20poor%20are%20far%20more%20likely%20to%20repay%20loans%20than%20the%20affluent.%3C%2Fp%3E%0A','E'),
 (20,'%3Cp%3EAccording%20to%20the%20author%20what%20has%20enhanced%20the%20likelihood%20of%20success%20for%20Grameen%20America%20at%20present%3F%3C%2Fp%3E%0A','E'),
 (21,'%3Cp%3EWhich%20of%20the%20following%20is%20%3Cstrong%3Emost%3C%2Fstrong%3E%20%3Cstrong%3Esimilar%3C%2Fstrong%3E%20in%20meaning%20to%20the%20word%20%26ldquo%3B%3Cstrong%3EELUDED%3C%2Fstrong%3E%26rdquo%3B%20as%20used%20in%20the%20passage%3F%3C%2Fp%3E%0A','A'),
 (22,'%3Cp%3EWhich%20of%20the%20following%20is%20a%20benefit%20of%20the%20Grameen%20system%20of%20microfinance%3F%3C%2Fp%3E%0A','E'),
 (23,'%3Cp%3EIn%20row%20of%20forty%20children%2C%20R%20is%20eleventh%20from%20the%20right%20end%20and%20there%20are%20fifteen%20children%20between%20R%20and%20M.%20What%20is%20M%26rsquo%3Bs%20position%20from%20the%20left%20end%20of%20the%20row%3F%3C%2Fp%3E%0A%0A%3Cp%3E%26nbsp%3B%3C%2Fp%3E%0A%0A%3Cp%3E%26nbsp%3B%3C%2Fp%3E%0A%0A%3Cp%3E%26nbsp%3B%3C%2Fp%3E%0A','A'),
 (24,'%3Cp%3E%E0%A4%9A%E0%A4%BE%E0%A4%B2%E0%A5%80%E0%A4%B8%20%E0%A4%AC%E0%A4%9A%E0%A5%8D%E0%A4%9A%E0%A5%8B%E0%A4%82%20%E0%A4%95%E0%A5%80%20%E0%A4%8F%E0%A4%95%20%E0%A4%AA%E0%A4%82%E0%A4%95%E0%A5%8D%E0%A4%A4%E0%A4%BF%20%E0%A4%AE%E0%A5%87%E0%A4%82%20%3Cstrong%3ER%3C%2Fstrong%3E%20%E0%A4%A6%E0%A4%BE%E0%A4%AF%E0%A5%80%E0%A4%82%20%E0%A4%93%E0%A4%B0%20%E0%A4%B8%E0%A5%87%E0%A4%82%20%E0%A4%97%E0%A5%8D%E0%A4%AF%E0%A4%BE%E0%A4%B0%E0%A4%B9%E0%A4%B5%E0%A4%BE%E0%A4%81%20%E0%A4%B9%E0%A5%88%E0%A4%82%20%E0%A4%A4%E0%A4%A5%E0%A4%BE%20%3Cstrong%3ER%3C%2Fstrong%3E%20%E0%A4%8F%E0%A4%B5%E0%A4%82%20%3Cstrong%3EM%3C%2Fstrong%3E%20%E0%A4%95%E0%A5%87%20%E0%A4%AC%E0%A5%80%E0%A4%9A%20%E0%A4%AA%E0%A4%A6%E0%A5%8D%E0%A4%B0%E0%A4%82%E0%A4%B9%20%E0%A4%AC%E0%A4%9A%E0%A5%8D%E0%A4%9A%E0%A5%87%20%E0%A4%B9%E0%A5%88%E0%A4%82%E0%A5%A4%20%E0%A4%AA%E0%A4%82%E0%A4%95%E0%A5%8D%E0%A4%A4%E0%A4%BF%20%E0%A4%95%E0%A5%80%20%E0%A4%AC%E0%A4%BE%E0%A4%AF%E0%A5%80%E0%A4%82%20%E0%A4%9B%E0%A5%8B%E0%A4%B0%20%E0%A4%B8%E0%A5%87%20%3Cstrong%3EM%3C%2Fstrong%3E%20%E0%A4%95%E0%A4%BE%20%E0%A4%B8%E0%A5%8D%E0%A4%A5%E0%A4%BE%E0%A4%A8%20%E0%A4%95%E0%A5%8D%E0%A4%AF%E0%A4%BE%20%E0%A4%B9%E0%A5%88%3F%3C%2Fp%3E%0A','A'),
 (25,'%3Cp%3EIf%20%26lsquo%3BR%26rsquo%3B%20denotes%20%26lsquo%3B%26divide%3B%26rsquo%3B%3B%20T%20denotes%20%26lsquo%3B%26ndash%3B%26lsquo%3B%3B%20%26lsquo%3BM%26rsquo%3B%2C%20denotes%20%26lsquo%3B%2B%26rsquo%3B%20and%20%26lsquo%3BW%26rsquo%3B%20denotes%20%26lsquo%3B%26times%3B%26rsquo%3B%20then%20%26ndash%3B%26nbsp%3B%2027%20T%2015%20R%203%20W%204%20M%206%20%3D%3F%3C%2Fp%3E%0A','B'),
 (26,'%3Cp%3EIn%20row%20of%20forty%20children%2C%20R%20is%20eleventh%20from%20the%20right%20end%20and%20there%20are%20fifteen%20children%20between%20R%20and%20M.%20What%20is%20M%26rsquo%3Bs%20position%20from%20the%20left%20end%20of%20the%20row%3F%3C%2Fp%3E%0A','A'),
 (27,'%3Cp%3EHow%20many%20meaningful%20English%20words%20can%20be%20formed%20with%20the%20letters%20LBAE%20using%20each%20letter%20only%20once%20in%20each%20word%3F%3C%2Fp%3E%0A','C'),
 (28,'%3Cp%3EIn%20a%20certain%20code%20BUILDER%20is%20written%20as%20JVCKSFE.%20How%20is%20SEALING%20written%20in%20that%20code%3F%3C%2Fp%3E%0A','E'),
 (29,'%3Cp%3EWhich%20of%20the%20following%20is%20the%20middle%20digit%20of%20the%20third%20highest%20among%20the%20five%20three-digit%20numbers%20given%20below%3F%20368%26nbsp%3B%26nbsp%3B%20931%26nbsp%3B%26nbsp%3B%20472%26nbsp%3B%26nbsp%3B%20715%26nbsp%3B%26nbsp%3B%20647%3C%2Fp%3E%0A','E'),
 (30,'%3Cp%3EHow%20many%20such%20pairs%20of%20letters%20are%20there%20in%20the%20word%20ADJUSTING%20each%20of%20which%20has%20as%20many%20letters%20between%20them%20in%20the%20word%20as%20in%20the%20English%20alphabet%3F%3C%2Fp%3E%0A','D'),
 (31,'%3Cp%3EIn%20a%20certain%20code%20WAVE%20is%20a%20written%20as%20%26lsquo%3B5%253%26sup1%3B%26rsquo%3B%20and%20WINS%20is%20written%20as%20%26lsquo%3B59%40%26copy%3B%26rsquo%3B.%20How%20is%20SANE%20written%20in%20that%20code%3F%3C%2Fp%3E%0A','D'),
 (32,'%3Cp%3EIf%20the%20positions%20of%20the%20first%20and%20the%20fifth%20digits%20of%20the%20number%2083591427%20are%20interchanged%2C%20similarly%20the%20positions%20of%20the%20second%20and%20the%20sixth%20digits%20are%20interchanged%20and%20so%20on%20then%20which%20of%20the%20following%20will%20be%20the%20second%20digit%20from%20the%20right%20end%20after%20the%20rearrangement%3F%3C%2Fp%3E%0A','A'),
 (33,'%3Cp%3EIn%20a%20certain%20code%20language%20%26lsquo%3Bhow%20many%20are%20there%26rsquo%3B%20is%20written%20as%20%26lsquo%3Bka%20na%20ta%20da%26rsquo%3B%20and%20%26lsquo%3Bmany%20are%20welcome%20here%26rsquo%3B%20is%20written%20as%20%26lsquo%3Bna%20pi%20ni%20ka%26rsquo%3B.%20How%20is%20%26lsquo%3Bhow%26rsquo%3B%20written%20in%20that%20code%20language%3F%3C%2Fp%3E%0A','C'),
 (34,'%3Cp%3EAmong%20P%2C%20Q%2C%20R%2C%20S%20and%20T%20each%20having%20a%20different%20height%2C%20Q%20is%20shorter%20than%20only%20T%20and%20S%20is%20shorter%20than%20P%20and%20R.%20Who%20among%20them%20is%20the%20shortest%3F%26nbsp%3B%3C%2Fp%3E%0A','B'),
 (35,'%3Cp%3E%E0%A4%AF%E0%A4%A6%E0%A4%BF%20%26lsquo%3BR%26rsquo%3B%20%E0%A4%95%E0%A4%BE%20%E0%A4%85%E0%A4%B0%E0%A5%8D%E0%A4%A5%20%E0%A4%B9%E0%A5%88%20%26lsquo%3B%26divide%3B%26rsquo%3B%20%26lsquo%3BT%26rsquo%3B%20%E0%A4%95%E0%A4%BE%20%E0%A4%85%E0%A4%B0%E0%A5%8D%E0%A4%A5%20%E0%A4%B9%E0%A5%88%20%26lsquo%3B%26divide%3B%26rsquo%3B%20%26lsquo%3BM%26rsquo%3B%20%E0%A4%95%E0%A4%BE%20%E0%A4%85%E0%A4%B0%E0%A5%8D%E0%A4%A5%20%E0%A4%B9%E0%A5%88%20%26lsquo%3B%2B%26rsquo%3B%20%E0%A4%A4%E0%A4%A5%E0%A4%BE%20%26lsquo%3BW%26rsquo%3B%20%E0%A4%95%E0%A4%BE%20%E0%A4%85%E0%A4%B0%E0%A5%8D%E0%A4%A5%20%E0%A4%B9%E0%A5%88%20%26lsquo%3B%26times%3B%26rsquo%3B%20%E0%A4%A4%E0%A4%AC%2027T15R3W4M6%3D%3F%3C%2Fp%3E%0A','B'),
 (36,'%3Cp%3E%E0%A4%9A%E0%A4%BE%E0%A4%B2%E0%A5%80%E0%A4%B8%20%E0%A4%AC%E0%A4%9A%E0%A5%8D%E0%A4%9A%E0%A5%8B%E0%A4%82%20%E0%A4%95%E0%A5%80%20%E0%A4%8F%E0%A4%95%20%E0%A4%AA%E0%A4%82%E0%A4%95%E0%A5%8D%E0%A4%A4%E0%A4%BF%20%E0%A4%AE%E0%A5%87%E0%A4%82%20%3Cstrong%3ER%3C%2Fstrong%3E%20%E0%A4%A6%E0%A4%BE%E0%A4%AF%E0%A5%80%E0%A4%82%20%E0%A4%93%E0%A4%B0%20%E0%A4%B8%E0%A5%87%E0%A4%82%20%E0%A4%97%E0%A5%8D%E0%A4%AF%E0%A4%BE%E0%A4%B0%E0%A4%B9%E0%A4%B5%E0%A4%BE%E0%A4%81%20%E0%A4%B9%E0%A5%88%E0%A4%82%20%E0%A4%A4%E0%A4%A5%E0%A4%BE%20%3Cstrong%3ER%3C%2Fstrong%3E%20%E0%A4%8F%E0%A4%B5%E0%A4%82%20%3Cstrong%3EM%3C%2Fstrong%3E%20%E0%A4%95%E0%A5%87%20%E0%A4%AC%E0%A5%80%E0%A4%9A%20%E0%A4%AA%E0%A4%A6%E0%A5%8D%E0%A4%B0%E0%A4%82%E0%A4%B9%20%E0%A4%AC%E0%A4%9A%E0%A5%8D%E0%A4%9A%E0%A5%87%20%E0%A4%B9%E0%A5%88%E0%A4%82%E0%A5%A4%20%E0%A4%AA%E0%A4%82%E0%A4%95%E0%A5%8D%E0%A4%A4%E0%A4%BF%20%E0%A4%95%E0%A5%80%20%E0%A4%AC%E0%A4%BE%E0%A4%AF%E0%A5%80%E0%A4%82%20%E0%A4%9B%E0%A5%8B%E0%A4%B0%20%E0%A4%B8%E0%A5%87%20%3Cstrong%3EM%3C%2Fstrong%3E%20%E0%A4%95%E0%A4%BE%20%E0%A4%B8%E0%A5%8D%E0%A4%A5%E0%A4%BE%E0%A4%A8%20%E0%A4%95%E0%A5%8D%E0%A4%AF%E0%A4%BE%20%E0%A4%B9%E0%A5%88%3F%3C%2Fp%3E%0A','A'),
 (37,'%3Cp%3E%E0%A4%AA%E0%A5%8D%E0%A4%B0%E0%A4%A4%E0%A5%8D%E0%A4%AF%E0%A5%87%E0%A4%95%20%E0%A4%B6%E0%A4%AC%E0%A5%8D%E0%A4%A6%20%E0%A4%AE%E0%A5%87%E0%A4%82%20%E0%A4%AA%E0%A5%8D%E0%A4%B0%E0%A4%A4%E0%A5%8D%E0%A4%AF%E0%A5%87%E0%A4%95%20%E0%A4%85%E0%A4%95%E0%A5%8D%E0%A4%B7%E0%A4%B0%20%E0%A4%95%E0%A4%BE%20%E0%A4%95%E0%A5%87%E0%A4%B5%E0%A4%B2%20%E0%A4%8F%E0%A4%95%20%E0%A4%AC%E0%A4%BE%E0%A4%B0%20%E0%A4%AA%E0%A5%8D%E0%A4%B0%E0%A4%AF%E0%A5%8B%E0%A4%97%20%E0%A4%95%E0%A4%B0%E0%A4%A4%E0%A5%87%20%E0%A4%B9%E0%A5%81%E0%A4%8F%20%E0%A4%85%E0%A4%95%E0%A5%8D%E0%A4%B7%E0%A4%B0%E0%A5%8B%E0%A4%82%20LBAE%20%E0%A4%B8%E0%A5%87%20%E0%A4%85%E0%A4%82%E0%A4%97%E0%A5%8D%E0%A4%B0%E0%A5%87%E0%A4%9C%E0%A5%80%20%E0%A4%95%E0%A5%87%20%E0%A4%95%E0%A4%BF%E0%A4%A4%E0%A4%A8%E0%A5%87%20%E0%A4%85%E0%A4%B0%E0%A5%8D%E0%A4%A5%E0%A4%AA%E0%A5%82%E0%A4%B0%E0%A5%8D%E0%A4%A3%20%E0%A4%AC%E0%A4%A8%E0%A4%BE%E0%A4%8F%20%E0%A4%9C%E0%A4%BE%20%E0%A4%B8%E0%A4%95%E0%A4%A4%E0%A4%BE%20%E0%A4%B9%E0%A5%88%3F%3C%2Fp%3E%0A','C'),
 (38,'%3Cp%3E%E0%A4%8F%E0%A4%95%20%E0%A4%A8%E0%A4%BF%E0%A4%B6%E0%A5%8D%E0%A4%9A%E0%A4%BF%E0%A4%A4%20%E0%A4%95%E0%A5%82%E0%A4%9F%20%E0%A4%AD%E0%A4%BE%E0%A4%B7%E0%A4%BE%20%E0%A4%AE%E0%A5%87%E0%A4%82%20BUILDER%20%E0%A4%95%E0%A5%8B%20JVCKSFE%20%E0%A4%B2%E0%A4%BF%E0%A4%96%E0%A4%BE%20%E0%A4%9C%E0%A4%BE%E0%A4%A4%E0%A4%BE%20%E0%A4%B9%E0%A5%88%E0%A5%A4%20%E0%A4%89%E0%A4%B8%E0%A5%80%20%E0%A4%95%E0%A5%82%E0%A4%9F%20%E0%A4%AD%E0%A4%BE%E0%A4%B7%E0%A4%BE%20%E0%A4%AE%E0%A5%87%E0%A4%82%20SEALING%20%E0%A4%95%E0%A4%BF%E0%A4%B8%20%E0%A4%AA%E0%A5%8D%E0%A4%B0%E0%A4%95%E0%A4%BE%E0%A4%B0%20%E0%A4%B2%E0%A4%BF%E0%A4%96%E0%A4%BE%20%E0%A4%9C%E0%A4%BE%E0%A4%8F%E0%A4%97%E0%A4%BE%3F%3C%2Fp%3E%0A','E'),
 (39,'%3Cp%3E%E0%A4%A8%E0%A4%BF%E0%A4%9A%E0%A5%87%20%E0%A4%A6%E0%A4%BF%E0%A4%8F%20%E0%A4%97%E0%A4%8F%20%E0%A4%AA%E0%A4%BE%E0%A4%81%E0%A4%9A%20%E0%A4%A4%E0%A5%8D%E0%A4%B0%E0%A4%BF%E0%A4%85%E0%A4%82%E0%A4%95%E0%A5%80%E0%A4%AF%20%E0%A4%B8%E0%A4%82%E0%A4%96%E0%A5%8D%E0%A4%AF%E0%A4%BE%E0%A4%93%E0%A4%82%20%E0%A4%AE%E0%A5%87%E0%A4%82%20%E0%A4%B8%E0%A5%87%20%E0%A4%A8%E0%A4%BF%E0%A4%AE%E0%A5%8D%E0%A4%A8%E0%A4%B2%E0%A4%BF%E0%A4%96%E0%A4%BF%E0%A4%A4%20%E0%A4%AE%E0%A5%87%E0%A4%82%20%E0%A4%B8%E0%A5%87%20%E0%A4%95%E0%A5%8C%E0%A4%A8%20%E0%A4%A4%E0%A5%80%E0%A4%B8%E0%A4%B0%E0%A5%80%20%E0%A4%AC%E0%A4%A1%E0%A5%80%20%E0%A4%B8%E0%A4%82%E0%A4%96%E0%A5%8D%E0%A4%AF%E0%A4%BE%20%E0%A4%95%E0%A4%BE%20%E0%A4%AE%E0%A4%A7%E0%A5%8D%E0%A4%AF%20%E0%A4%85%E0%A4%82%E0%A4%95%20%E0%A4%B9%E0%A5%8B%E0%A4%97%E0%A4%BE%3F%3C%2Fp%3E%0A','E'),
 (40,'%3Cp%3E%E0%A4%B6%E0%A4%AC%E0%A5%8D%E0%A4%A6%20ADJUSTING%20%E0%A4%AE%E0%A5%87%E0%A4%82%20%E0%A4%85%E0%A4%95%E0%A5%8D%E0%A4%B7%E0%A4%B0%E0%A5%8B%E0%A4%82%20%E0%A4%95%E0%A5%87%20%E0%A4%90%E0%A4%B8%E0%A5%87%20%E0%A4%AF%E0%A5%81%E0%A4%97%E0%A5%8D%E0%A4%AE%20%E0%A4%95%E0%A4%BF%E0%A4%A4%E0%A4%A8%E0%A5%87%20%E0%A4%B9%E0%A5%88%E0%A4%82%20%E0%A4%9C%E0%A4%BF%E0%A4%A8%E0%A4%AE%E0%A5%87%E0%A4%82%20%E0%A4%B8%E0%A5%87%20%E0%A4%AA%E0%A5%8D%E0%A4%B0%E0%A4%A4%E0%A5%8D%E0%A4%AF%E0%A5%87%E0%A4%95%20%E0%A4%95%E0%A5%87%20%E0%A4%AC%E0%A5%80%E0%A4%9A%20%E0%A4%B6%E0%A4%AC%E0%A5%8D%E0%A4%A6%20%E0%A4%AE%E0%A5%87%E0%A4%82%20%E0%A4%89%E0%A4%A4%E0%A4%A8%E0%A5%87%20%E0%A4%B9%E0%A5%80%20%E0%A4%85%E0%A4%95%E0%A5%8D%E0%A4%B7%E0%A4%B0%20%E0%A4%B9%E0%A5%88%E0%A4%82%20%E0%A4%9C%E0%A4%BF%E0%A4%A4%E0%A4%A8%E0%A5%87%20%E0%A4%95%E0%A4%BF%20%E0%A4%89%E0%A4%A8%E0%A4%95%E0%A5%87%20%E0%A4%AC%E0%A5%80%E0%A4%9A%20%E0%A4%85%E0%A4%82%E0%A4%97%E0%A5%8D%E0%A4%B0%E0%A5%87%E0%A4%9C%E0%A5%80%20%E0%A4%B5%E0%A4%B0%E0%A5%8D%E0%A4%A3%E0%A4%AE%E0%A4%BE%E0%A4%B2%E0%A4%BE%20%E0%A4%AE%E0%A5%87%E0%A4%82%20%E0%A4%B9%E0%A5%8B%E0%A4%A4%E0%A5%87%20%E0%A4%B9%E0%A5%88%E0%A4%82%3F%3C%2Fp%3E%0A','D'),
 (41,'%3Cp%3E%E0%A4%8F%E0%A4%95%20%E0%A4%A8%E0%A4%BF%E0%A4%B6%E0%A5%8D%E0%A4%9A%E0%A4%BF%E0%A4%A4%20%E0%A4%95%E0%A5%82%E0%A4%9F%20%E0%A4%AD%E0%A4%BE%E0%A4%B7%E0%A4%BE%20%E0%A4%AE%E0%A5%87%E0%A4%82%20WAVE%20%E0%A4%95%E0%A5%8B%20%26lsquo%3B5%253%E2%98%85%26lsquo%3B%20%E0%A4%B2%E0%A4%BF%E0%A4%96%E0%A4%BE%20%E0%A4%9C%E0%A4%BE%E0%A4%A4%E0%A4%BE%20%E0%A4%B9%E0%A5%88%20%E0%A4%A4%E0%A4%A5%E0%A4%BE%20WINS%20%E0%A4%95%E0%A5%8B%20%26lsquo%3B59%40%26copy%3B%26rsquo%3B%20%E0%A4%B2%E0%A4%BF%E0%A4%96%E0%A4%BE%20%E0%A4%9C%E0%A4%BE%E0%A4%A4%E0%A4%BE%20%E0%A4%B9%E0%A5%88%E0%A5%A4%20%E0%A4%89%E0%A4%B8%E0%A5%80%20%E0%A4%95%E0%A5%82%E0%A4%9F%20%E0%A4%AD%E0%A4%BE%E0%A4%B7%E0%A4%BE%20%E0%A4%AE%E0%A5%87%E0%A4%82%20SANE%20%E0%A4%95%E0%A4%BF%E0%A4%B8%20%E0%A4%AA%E0%A5%8D%E0%A4%B0%E0%A4%95%E0%A4%BE%E0%A4%B0%20%E0%A4%B2%E0%A4%BF%E0%A4%96%E0%A4%BE%20%E0%A4%9C%E0%A4%BE%E0%A4%8F%E0%A4%97%E0%A4%BE%3F%3C%2Fp%3E%0A','D'),
 (42,'%3Cp%3E%E0%A4%AF%E0%A4%A6%E0%A4%BF%20%E0%A4%B8%E0%A4%82%E0%A4%96%E0%A5%8D%E0%A4%AF%E0%A4%BE%2083591427%20%E0%A4%AE%E0%A5%87%E0%A4%82%20%E0%A4%AA%E0%A4%B9%E0%A4%B2%E0%A5%87%20%E0%A4%8F%E0%A4%82%E0%A4%B5%20%E0%A4%AA%E0%A4%BE%E0%A4%81%E0%A4%9A%E0%A4%B5%E0%A5%87%20%E0%A4%86%E0%A4%82%E0%A4%95%E0%A5%8B%20%E0%A4%95%E0%A5%87%20%E0%A4%B8%E0%A5%8D%E0%A4%A5%E0%A4%BE%E0%A4%A8%20%E0%A4%AA%E0%A4%B0%E0%A4%B8%E0%A5%8D%E0%A4%AA%E0%A4%B0%20%E0%A4%AC%E0%A4%A6%E0%A4%B2%20%E0%A4%A6%E0%A4%BF%E0%A4%8F%20%E0%A4%9C%E0%A4%BE%E0%A4%A4%E0%A5%87%20%E0%A4%B9%E0%A5%88%E0%A4%82%2C%20%E0%A4%89%E0%A4%B8%E0%A5%80%20%E0%A4%AA%E0%A5%8D%E0%A4%B0%E0%A4%95%E0%A4%BE%E0%A4%B0%20%E0%A4%A6%E0%A5%82%E0%A4%B8%E0%A4%B0%E0%A5%87%20%E0%A4%8F%E0%A4%B5%E0%A4%82%20%E0%A4%9B%E0%A4%A0%E0%A5%87%20%E0%A4%85%E0%A4%82%E0%A4%95%E0%A5%8B%E0%A4%82%20%E0%A4%95%E0%A5%87%20%E0%A4%B8%E0%A5%8D%E0%A4%A5%E0%A4%BE%E0%A4%A8%20%E0%A4%AA%E0%A4%B0%E0%A4%B8%E0%A5%8D%E0%A4%AA%E0%A4%B0%20%E0%A4%AC%E0%A4%A6%E0%A4%B2%20%E0%A4%A6%E0%A4%BF%E0%A4%8F%20%E0%A4%9C%E0%A4%BE%E0%A4%A4%E0%A5%87%20%E0%A4%B9%E0%A5%88%E0%A4%82%20%E0%A4%A4%E0%A4%A5%E0%A4%BE%20%E0%A4%89%E0%A4%B8%E0%A5%80%20%E0%A4%AA%E0%A5%8D%E0%A4%B0%E0%A4%95%E0%A4%BE%E0%A4%B0%20%E0%A4%85%E0%A4%A8%E0%A5%8D%E0%A4%AF%20%E0%A4%85%E0%A4%82%E0%A4%95%E0%A5%8B%E0%A4%82%20%E0%A4%95%E0%A5%87%20%E0%A4%B8%E0%A5%8D%E0%A4%A5%E0%A4%BE%E0%A4%A8%20%E0%A4%AA%E0%A4%B0%E0%A4%B8%E0%A5%8D%E0%A4%AA%E0%A4%B0%20%E0%A4%AC%E0%A4%A6%E0%A4%B2%20%E0%A4%A6%E0%A4%BF%E0%A4%8F%20%E0%A4%9C%E0%A4%BE%E0%A4%A4%E0%A5%87%20%E0%A4%B9%E0%A5%88%E0%A4%82%20%E0%A4%A4%E0%A4%AC%20%E0%A4%AA%E0%A5%81%E0%A4%A8%E0%A4%B5%E0%A5%8D%E0%A4%B0%E0%A5%8D%E0%A4%AF%E0%A4%B5%E0%A5%8D%E0%A4%B8%E0%A5%8D%E0%A4%A5%E0%A4%BE%20%E0%A4%95%E0%A5%87%20%E0%A4%AC%E0%A4%BE%E0%A4%A6%20%E0%A4%A8%E0%A4%BF%E0%A4%AE%E0%A5%8D%E0%A4%A8%E0%A4%B2%E0%A4%BF%E0%A4%96%E0%A4%BF%E0%A4%A4%20%E0%A4%AE%E0%A5%87%E0%A4%82%20%E0%A4%B8%E0%A5%87%20%E0%A4%95%E0%A5%8C%E0%A4%A8%20%E0%A4%A6%E0%A4%BE%E0%A4%AF%E0%A5%80%E0%A4%82%20%E0%A4%93%E0%A4%B0%20%E0%A4%B8%E0%A5%87%20%E0%A4%A6%E0%A5%82%E0%A4%B8%E0%A4%B0%E0%A4%BE%20%E0%A4%85%E0%A4%82%E0%A4%95%20%E0%A4%B9%E0%A5%8B%E0%A4%97%E0%A4%BE%3F%3C%2Fp%3E%0A','A'),
 (43,'%3Cp%3E%E0%A4%8F%E0%A4%95%20%E0%A4%A8%E0%A4%BF%E0%A4%B6%E0%A5%8D%E0%A4%9A%E0%A4%BF%E0%A4%A4%20%E0%A4%95%E0%A5%82%E0%A4%9F%20%E0%A4%AD%E0%A4%BE%E0%A4%B7%E0%A4%BE%20%E0%A4%AE%E0%A5%87%E0%A4%82%20%26lsquo%3B%3Cstrong%3Ehow%20many%20are%20there%3C%2Fstrong%3E%26rsquo%3B%20%E0%A4%95%E0%A5%8B%20%26lsquo%3B%3Cstrong%3Eka%20na%20ta%20da%3C%2Fstrong%3E%26rsquo%3B%20%E0%A4%A4%E0%A4%A5%E0%A4%BE%20%26lsquo%3B%3Cstrong%3Emany%20are%20welcome%20here%3C%2Fstrong%3E%26rsquo%3B%26nbsp%3B%20%E0%A4%95%E0%A5%8B%20%26lsquo%3B%3Cstrong%3Ena%20pi%20ni%20ka%3C%2Fstrong%3E%26rsquo%3B%20%E0%A4%B2%E0%A4%BF%E0%A4%96%E0%A4%BE%20%E0%A4%9C%E0%A4%BE%E0%A4%A4%E0%A4%BE%20%E0%A4%B9%E0%A5%88%E0%A5%A4%20%E0%A4%89%E0%A4%B8%E0%A5%80%20%E0%A4%95%E0%A5%82%E0%A4%9F%20%E0%A4%AD%E0%A4%BE%E0%A4%B7%E0%A4%BE%20%E0%A4%AE%E0%A5%87%E0%A4%82%20%26lsquo%3B%3Cstrong%3Ehow%3C%2Fstrong%3E%26rsquo%3B%20%E0%A4%95%E0%A4%BF%E0%A4%B8%20%E0%A4%AA%E0%A5%8D%E0%A4%B0%E0%A4%95%E0%A4%BE%E0%A4%B0%20%E0%A4%B2%E0%A4%BF%E0%A4%96%E0%A4%BE%20%E0%A4%9C%E0%A4%8F%E0%A4%97%E0%A4%BE%3F%3C%2Fp%3E%0A','C'),
 (44,'%3Cp%3EP%2C%20Q%2C%20R%2C%20S%20%E0%A4%8F%E0%A4%B5%20T%20%E0%A4%AE%E0%A5%87%E0%A4%82%20%E0%A4%B8%E0%A5%87%20%E0%A4%AA%E0%A5%8D%E0%A4%B0%E0%A4%A4%E0%A5%8D%E0%A4%AF%E0%A5%87%E0%A4%95%20%E0%A4%95%E0%A5%80%20%E0%A4%8A%E0%A4%81%E0%A4%9A%E0%A4%BE%E0%A4%88%20%E0%A4%85%E0%A4%B2%E0%A4%97%20-%20%E0%A4%85%E0%A4%B2%E0%A4%97%20%E0%A4%B9%E0%A5%88%E0%A5%A4%20Q%20%E0%A4%95%E0%A5%87%E0%A4%B5%E0%A4%B2%20T%20%E0%A4%B8%E0%A5%87%20%E0%A4%9B%E0%A5%8B%E0%A4%9F%E0%A4%BE%20%E0%A4%B9%E0%A5%88%20%E0%A4%A4%E0%A4%A5%E0%A4%BE%20S%2C%20P%20%E0%A4%8F%E0%A4%B5%E0%A4%82%20R%20%E0%A4%B8%E0%A5%87%20%E0%A4%9B%E0%A5%8B%E0%A4%9F%E0%A4%BE%20%E0%A4%B9%E0%A5%88%E0%A5%A4%20%E0%A4%89%E0%A4%A8%E0%A4%AE%E0%A5%87%E0%A4%82%20%E0%A4%B8%E0%A5%87%20%E0%A4%B8%E0%A4%AC%E0%A4%B8%E0%A5%87%20%E0%A4%9B%E0%A5%8B%E0%A4%9F%E0%A4%BE%20%E0%A4%95%E0%A5%8C%E0%A4%A8%20%E0%A4%B9%E0%A5%88%E0%A4%82%3F%3C%2Fp%3E%0A','B'),
 (45,'%3Cp%3EIf%20all%20the%20symbols%20and%20all%20the%20vowels%20are%20dropped%20from%20the%20above%20arrangement%2C%20which%20of%20the%20following%20will%20be%20twelfth%20from%20the%20right%20end%3F%3C%2Fp%3E%0A','A'),
 (46,'%3Cp%3EWhich%20of%20the%20following%20is%20the%20sixth%20to%20the%20left%20of%20the%20twentieth%20from%20the%20left%20end%20of%20the%20above%20arrangement%3F%3C%2Fp%3E%0A','C'),
 (47,'%3Cp%3EHow%20many%20such%20consonants%20are%20there%20in%20the%20above%20arrangement%2C%20each%20of%20which%20is%20immediately%20preceded%20by%20a%20symbol%20and%20immediately%20followed%20by%20a%20number%3F%3C%2Fp%3E%0A','B'),
 (48,'%3Cp%3EHow%20many%20such%20numbers%20are%20there%20in%20the%20above%20arrangement%20each%20of%20which%20is%20immediately%20preceded%20by%20a%20letter%20but%20not%20immediately%20followed%20by%20a%20letter%3F%3C%2Fp%3E%0A','D'),
 (49,'%3Cp%3EWhat%20should%20come%20in%20the%20place%20of%20question%20mark%20(%3F)%20in%20the%20following%20series%20based%20on%20the%20above%20arrangement%3F%3C%2Fp%3E%0A%0A%3Cp%3EMRJ%20%26copy%3BF9%20%26sup1%3BE2%3F%3C%2Fp%3E%0A','D'),
 (50,'%3Cp%3E%E0%A4%AF%E0%A4%A6%E0%A4%BF%20%E0%A4%89%E0%A4%AA%E0%A4%B0%E0%A5%8D%E0%A4%AF%E0%A5%81%E0%A4%95%E0%A5%8D%E0%A4%A4%20%E0%A4%B5%E0%A5%8D%E0%A4%AF%E0%A4%B5%E0%A4%B8%E0%A5%8D%E0%A4%A5%E0%A4%BE%20%E0%A4%AE%E0%A5%87%E0%A4%82%20%E0%A4%B8%E0%A5%87%20%E0%A4%B8%E0%A4%AD%E0%A5%80%20%E0%A4%AA%E0%A5%8D%E0%A4%B0%E0%A4%A4%E0%A5%80%E0%A4%95%20%E0%A4%8F%E0%A4%B5%E0%A4%82%20%E0%A4%B8%E0%A5%8D%E0%A4%B5%E0%A4%B0%20%E0%A4%A8%E0%A4%BF%E0%A4%95%E0%A4%BE%E0%A4%B2%20%E0%A4%A6%E0%A4%BF%E0%A4%8F%20%E0%A4%9C%E0%A4%BE%E0%A4%8F%E0%A4%81%20%E0%A4%A4%E0%A5%8B%20%E0%A4%A8%E0%A4%BF%E0%A4%AE%E0%A5%8D%E0%A4%A8%E0%A4%B2%E0%A4%BF%E0%A4%96%E0%A4%BF%E0%A4%A4%20%E0%A4%AE%E0%A5%87%E0%A4%82%20%E0%A4%B8%E0%A5%87%20%E0%A4%95%E0%A5%8D%E0%A4%AF%E0%A4%BE%20%E0%A4%A6%E0%A4%BE%E0%A4%AF%E0%A5%80%E0%A4%82%20%E0%A4%93%E0%A4%B0%20%E0%A4%B8%E0%A5%87%2012%E0%A4%B5%E0%A4%BE%E0%A4%81%20%E0%A4%B9%E0%A5%8B%E0%A4%97%E0%A4%BE%3F%3C%2Fp%3E%0A','A'),
 (51,'%3Cp%3E%E0%A4%A8%E0%A4%BF%E0%A4%AE%E0%A5%8D%E0%A4%A8%E0%A4%B2%E0%A4%BF%E0%A4%96%E0%A4%BF%E0%A4%A4%20%E0%A4%AE%E0%A5%87%E0%A4%82%20%E0%A4%B8%E0%A5%87%20%E0%A4%95%E0%A5%8C%E0%A4%A8%20%E0%A4%AC%E0%A4%BE%E0%A4%AF%E0%A5%80%E0%A4%82%20%E0%A4%93%E0%A4%B0%20%E0%A4%B8%E0%A5%87%2020%E0%A4%B5%E0%A5%87%E0%A4%82%20%E0%A4%95%E0%A5%87%20%E0%A4%AC%E0%A4%BE%E0%A4%8F%E0%A4%81%20%E0%A4%9B%E0%A4%A0%E0%A4%BE%20%E0%A4%B9%E0%A5%88%3F%3C%2Fp%3E%0A','C'),
 (52,'%3Cp%3E%E0%A4%89%E0%A4%AA%E0%A4%B0%E0%A5%8D%E0%A4%AF%E0%A5%81%E0%A4%A4%20%E0%A4%B5%E0%A5%8D%E0%A4%AF%E0%A4%B5%E0%A4%B8%E0%A5%8D%E0%A4%A5%E0%A4%BE%20%E0%A4%AE%E0%A5%87%E0%A4%82%20%E0%A4%90%E0%A4%B8%E0%A5%87%20%E0%A4%95%E0%A4%BF%E0%A4%A4%E0%A4%A8%E0%A5%87%20%E0%A4%B5%E0%A5%8D%E0%A4%AF%E0%A4%82%E0%A4%9C%E0%A4%A8%20%E0%A4%B9%E0%A5%88%E0%A4%82%20%E0%A4%9C%E0%A4%BF%E0%A4%A4%E0%A4%AE%E0%A5%87%E0%A4%82%20%E0%A4%B8%E0%A5%87%20%E0%A4%AA%E0%A5%8D%E0%A4%B0%E0%A4%A4%E0%A5%8D%E0%A4%AF%E0%A5%87%E0%A4%95%20%E0%A4%95%E0%A5%87%20%E0%A4%8F%E0%A4%95%E0%A4%A6%E0%A4%AE%20%E0%A4%AA%E0%A4%B9%E0%A4%B2%E0%A5%87%20%E0%A4%AA%E0%A5%8D%E0%A4%B0%E0%A4%A4%E0%A5%80%E0%A4%95%20%E0%A4%B9%E0%A5%88%20%E0%A4%A4%E0%A4%A5%E0%A4%BE%20%E0%A4%8F%E0%A4%95%E0%A4%A6%E0%A4%AE%20%E0%A4%AC%E0%A4%BE%E0%A4%A6%20%E0%A4%8F%E0%A4%95%20%E0%A4%B8%E0%A4%82%E0%A4%96%E0%A5%8D%E0%A4%AF%E0%A4%BE%20%E0%A4%B9%E0%A5%88%3F%3C%2Fp%3E%0A','B'),
 (53,'%3Cp%3E%E0%A4%89%E0%A4%AA%E0%A4%B0%E0%A5%8D%E0%A4%AF%E0%A5%81%E0%A4%95%E0%A5%8D%E0%A4%A4%20%E0%A4%B5%E0%A5%8D%E0%A4%AF%E0%A4%B5%E0%A4%B8%E0%A5%8D%E0%A4%A5%E0%A4%BE%20%E0%A4%AE%E0%A5%87%E0%A4%82%20%E0%A4%90%E0%A4%B8%E0%A5%80%20%E0%A4%95%E0%A4%BF%E0%A4%A4%E0%A4%A8%E0%A5%80%20%E0%A4%B8%E0%A4%82%E0%A4%96%E0%A5%8D%E0%A4%AF%E0%A4%BE%E0%A4%8F%E0%A4%81%20%E0%A4%9C%E0%A4%BF%E0%A4%A8%E0%A4%AE%E0%A5%87%E0%A4%82%20%E0%A4%B8%E0%A5%87%20%E0%A4%AA%E0%A5%8D%E0%A4%B0%E0%A4%A4%E0%A5%8D%E0%A4%AF%E0%A5%87%E0%A4%95%20%E0%A4%95%E0%A5%87%20%E0%A4%8F%E0%A4%95%E0%A4%A6%E0%A4%AE%20%E0%A4%AA%E0%A4%B9%E0%A4%B2%E0%A5%87%20%E0%A4%8F%E0%A4%95%20%E0%A4%85%E0%A4%95%E0%A5%8D%E0%A4%B7%E0%A4%B0%20%E0%A4%B9%E0%A5%88%E0%A5%A4%20%E0%A4%AA%E0%A4%B0%E0%A4%A8%E0%A5%8D%E0%A4%A4%E0%A5%81%20%E0%A4%8F%E0%A4%95%E0%A4%A6%E0%A4%AE%20%E0%A4%AC%E0%A4%BE%E0%A4%A6%20%E0%A4%8F%E0%A4%95%20%E0%A4%85%E0%A4%95%E0%A5%8D%E0%A4%B7%E0%A4%B0%20%E0%A4%A8%E0%A4%B9%E0%A5%80%E0%A4%82%20%E0%A4%B9%E0%A5%88%3F%3C%2Fp%3E%0A','D'),
 (54,'%3Cp%3E%E0%A4%89%E0%A4%AA%E0%A4%B0%E0%A5%8B%E0%A4%95%E0%A5%8D%E0%A4%A4%20%E0%A4%B5%E0%A5%8D%E0%A4%AF%E0%A4%B5%E0%A4%B8%E0%A5%8D%E0%A4%A5%E0%A4%BE%20%E0%A4%AA%E0%A4%B0%20%E0%A4%86%E0%A4%A7%E0%A4%BE%E0%A4%B0%E0%A4%BF%E0%A4%A4%20%E0%A4%A8%E0%A4%BF%E0%A4%AE%E0%A5%8D%E0%A4%A8%E0%A4%B2%E0%A4%BF%E0%A4%96%E0%A4%BF%E0%A4%A4%20%E0%A4%B6%E0%A5%83%E0%A4%82%E0%A4%96%E0%A4%B2%E0%A4%BE%20%E0%A4%AE%E0%A5%87%E0%A4%82%20%E0%A4%AA%E0%A5%8D%E0%A4%B0%E0%A4%B6%E0%A5%8D%E0%A4%A8%E0%A4%9A%E0%A4%BF%E0%A4%B9%E0%A5%8D%E0%A4%B0%20(%3F)%20%E0%A4%95%E0%A5%87%20%E0%A4%B8%E0%A5%8D%E0%A4%A5%E0%A4%BE%E0%A4%A8%20%E0%A4%AA%E0%A4%B0%20%E0%A4%95%E0%A5%8D%E0%A4%AF%E0%A4%BE%20%E0%A4%86%E0%A4%8F%E0%A4%97%E0%A4%BE%3F%3C%2Fp%3E%0A%0A%3Cp%3EMRJ%26nbsp%3B%26nbsp%3B%20%26copy%3BF9%20%26nbsp%3B%26nbsp%3B%E2%98%85E2%3C%2Fp%3E%0A','D'),
 (55,'%3Cp%3E%3Cstrong%3EStatements%3A%3C%2Fstrong%3E%3C%2Fp%3E%0A%0A%3Cp%3EAll%20glasses%20are%20rooms.%3C%2Fp%3E%0A%0A%3Cp%3ESome%20rooms%20are%20planes.%3C%2Fp%3E%0A%0A%3Cp%3EAll%20planes%20are%20ducks.%3C%2Fp%3E%0A%0A%3Cp%3ESome%20ducks%20are%20lanterns.%3C%2Fp%3E%0A%0A%3Cp%3E%3Cstrong%3EConclusions%3A%3C%2Fstrong%3E%3C%2Fp%3E%0A%0A%3Cp%3EI.%20Some%20lanterns%20are%20planes.%3C%2Fp%3E%0A%0A%3Cp%3EII.%20Some%20ducks%20are%20rooms.%3C%2Fp%3E%0A%0A%3Cp%3EIII.%20Some%20rooms%20are%20glasses.%3C%2Fp%3E%0A%0A%3Cp%3EIV.%20Some%20ducks%20are%20glasses.%3C%2Fp%3E%0A','B'),
 (56,'%3Cp%3E%3Cstrong%3EStatements%3A%3C%2Fstrong%3E%3C%2Fp%3E%0A%0A%3Cp%3ESome%20beds%20are%20mirrors.%3C%2Fp%3E%0A%0A%3Cp%3ESome%20mirrors%20are%20dolls.%3C%2Fp%3E%0A%0A%3Cp%3ESome%20dolls%20are%20cheques.%3C%2Fp%3E%0A%0A%3Cp%3ESome%20cheques%20are%20pins.%3C%2Fp%3E%0A%0A%3Cp%3E%3Cstrong%3EConclusion%3A%3C%2Fstrong%3E%3C%2Fp%3E%0A%0A%3Cp%3EI.%20Some%20pins%20are%20dolls.%3C%2Fp%3E%0A%0A%3Cp%3EII.%20Some%20cheques%20are%20beds.%3C%2Fp%3E%0A%0A%3Cp%3EIII.%20Some%20cheques%20are%20mirrors.%3C%2Fp%3E%0A%0A%3Cp%3EIV.%20Some%20dolls%20are%20beds.%3C%2Fp%3E%0A','A'),
 (57,'%3Cp%3E%3Cstrong%3EStatements%3A%3C%2Fstrong%3E%3C%2Fp%3E%0A%0A%3Cp%3EAll%20chocolates%20are%20holders.%3C%2Fp%3E%0A%0A%3Cp%3ENo%20holder%20is%20lamp.%3C%2Fp%3E%0A%0A%3Cp%3ESome%20lamps%20are%20desks.%3C%2Fp%3E%0A%0A%3Cp%3EAll%20desks%20are%20pens.%3C%2Fp%3E%0A%0A%3Cp%3E%3Cstrong%3EConclusion%3A%3C%2Fstrong%3E%3C%2Fp%3E%0A%0A%3Cp%3EI.%20Some%20pens%20are%20holders.%3C%2Fp%3E%0A%0A%3Cp%3EII.%20Some%20desks%20are%20lamps.%3C%2Fp%3E%0A%0A%3Cp%3EIII.%20No%20pen%20is%20holder.%3C%2Fp%3E%0A%0A%3Cp%3EIV.%20Some%20pens%20are%20chocolates.%3C%2Fp%3E%0A','E'),
 (58,'%3Cp%3E%3Cstrong%3EStatements%3A%3C%2Fstrong%3E%3C%2Fp%3E%0A%0A%3Cp%3ESome%20chairs%20are%20tents.%3C%2Fp%3E%0A%0A%3Cp%3ESome%20tents%20are%20jugs.%3C%2Fp%3E%0A%0A%3Cp%3EAll%20jugs%20are%20glasses.%3C%2Fp%3E%0A%0A%3Cp%3EAll%20glasses%20are%20pots.%3C%2Fp%3E%0A%0A%3Cp%3E%3Cstrong%3EConclusion%3A%3C%2Fstrong%3E%3C%2Fp%3E%0A%0A%3Cp%3EI.%20Some%20pots%20are%20tents.%3C%2Fp%3E%0A%0A%3Cp%3EII.%20Some%20pots%20are%20chairs.%3C%2Fp%3E%0A%0A%3Cp%3EIII.%20Some%20glasses%20are%20chairs.%3C%2Fp%3E%0A%0A%3Cp%3EIV.%20Some%20glasses%20are%20tents.%3C%2Fp%3E%0A','D'),
 (59,'%3Cp%3E%3Cstrong%3EStatements%3A%3C%2Fstrong%3E%3C%2Fp%3E%0A%0A%3Cp%3ESome%20pencils%20are%20windows.%3C%2Fp%3E%0A%0A%3Cp%3EAll%20windows%20are%20roads.%3C%2Fp%3E%0A%0A%3Cp%3ESome%20roads%20are%20cups.%3C%2Fp%3E%0A%0A%3Cp%3EAll%20cups%20are%20chains.%3C%2Fp%3E%0A%0A%3Cp%3E%3Cstrong%3EConclusions%3A%3C%2Fstrong%3E%3C%2Fp%3E%0A%0A%3Cp%3EI.%20Some%20chains%20are%20pencils.%3C%2Fp%3E%0A%0A%3Cp%3EII.%20Some%20cups%20are%20pencils.%3C%2Fp%3E%0A%0A%3Cp%3EIII.%20Some%20chains%20are%20windows.%3C%2Fp%3E%0A%0A%3Cp%3EIV.%20Some%20roads%20are%20pencils.%3C%2Fp%3E%0A','C'),
 (60,'%3Cp%3E%3Cstrong%3E%E0%A4%95%E0%A4%A5%E0%A4%A8%E0%A4%83%3C%2Fstrong%3E%3C%2Fp%3E%0A%0A%3Cp%3E%E0%A4%B8%E0%A4%AD%E0%A5%80%20%E0%A4%97%E0%A5%8D%E0%A4%B2%E0%A4%BE%E0%A4%B8%20%E0%A4%B0%E0%A5%82%E0%A4%AE%20%E0%A4%B9%E0%A5%88%E0%A4%82%E0%A5%A4%3C%2Fp%3E%0A%0A%3Cp%3E%E0%A4%95%E0%A5%81%E0%A4%9B%20%E0%A4%B0%E0%A5%82%E0%A4%AE%20%E0%A4%AA%E0%A5%8D%E0%A4%B2%E0%A5%87%E0%A4%A8%20%E0%A4%B9%E0%A5%88%E0%A4%82%E0%A5%A4%3C%2Fp%3E%0A%0A%3Cp%3E%E0%A4%B8%E0%A4%AD%E0%A5%80%20%E0%A4%AA%E0%A5%8D%E0%A4%B2%E0%A5%87%E0%A4%A8%20%E0%A4%AC%E0%A4%A4%E0%A4%96%20%E0%A4%B9%E0%A5%88%E0%A4%82%E0%A5%A4%3C%2Fp%3E%0A%0A%3Cp%3E%E0%A4%95%E0%A5%81%E0%A4%9B%20%E0%A4%AC%E0%A4%A4%E0%A4%96%20%E0%A4%B2%E0%A4%BE%E0%A4%B2%E0%A4%9F%E0%A5%87%E0%A4%A8%20%E0%A4%B9%E0%A5%88%E0%A4%82%E0%A5%A4%3C%2Fp%3E%0A%0A%3Cp%3E%E0%A4%A8%E0%A4%BF%E0%A4%B7%E0%A5%8D%E0%A4%95%E0%A4%B0%E0%A5%8D%E0%A4%B7%E0%A4%83%3C%2Fp%3E%0A%0A%3Cp%3EI.%26nbsp%3B%26nbsp%3B%20%26nbsp%3B%E0%A4%95%E0%A5%81%E0%A4%9B%20%E0%A4%B2%E0%A4%BE%E0%A4%A8%E0%A4%9F%E0%A5%87%E0%A4%A8%20%E0%A4%AA%E0%A5%8D%E0%A4%B2%E0%A5%87%E0%A4%A8%20%E0%A4%B9%E0%A5%88%E0%A4%82%E0%A5%A4%20%26nbsp%3B%3C%2Fp%3E%0A%0A%3Cp%3EII.%26nbsp%3B%26nbsp%3B%20%26nbsp%3B%E0%A4%95%E0%A5%81%E0%A4%9B%20%E0%A4%AC%E0%A4%A4%E0%A4%96%20%E0%A4%B0%E0%A5%82%E0%A4%AE%20%E0%A4%B9%E0%A5%88%E0%A4%82%E0%A5%A4%3C%2Fp%3E%0A%0A%3Cp%3EIII.%26nbsp%3B%26nbsp%3B%20%26nbsp%3B%E0%A4%95%E0%A5%81%E0%A4%9B%20%E0%A4%B0%E0%A5%82%E0%A4%AE%20%E0%A4%97%E0%A5%8D%E0%A4%B2%E0%A4%BE%E0%A4%B8%20%E0%A4%B9%E0%A5%88%E0%A4%82%E0%A5%A4%3C%2Fp%3E%0A%0A%3Cp%3EIV.%26nbsp%3B%26nbsp%3B%20%26nbsp%3B%E0%A4%95%E0%A5%81%E0%A4%9B%20%E0%A4%AC%E0%A4%A4%E0%A4%96%20%E0%A4%97%E0%A5%8D%E0%A4%B2%E0%A4%BE%E0%A4%B8%20%E0%A4%B9%E0%A5%88%E0%A4%82%E0%A5%A4%3C%2Fp%3E%0A','B'),
 (61,'%3Cp%3E%3Cstrong%3E%E0%A4%95%E0%A4%A5%E0%A4%A8%E0%A4%83%3C%2Fstrong%3E%3C%2Fp%3E%0A%0A%3Cp%3E%E0%A4%95%E0%A5%81%E0%A4%9B%20%E0%A4%AA%E0%A4%B2%E0%A4%82%E0%A4%97%E0%A5%87%20%E0%A4%86%E0%A4%88%E0%A4%A8%E0%A5%87%20%E0%A4%B9%E0%A5%88%E0%A4%82%E0%A5%A4%3C%2Fp%3E%0A%0A%3Cp%3E%E0%A4%95%E0%A5%81%E0%A4%9B%20%E0%A4%86%E0%A4%88%E0%A4%A8%E0%A5%87%20%E0%A4%97%E0%A5%81%E0%A4%A1%E0%A4%BF%E0%A4%AF%E0%A4%BE%E0%A4%81%20%E0%A4%B9%E0%A5%88%E0%A4%82%E0%A5%A4%3C%2Fp%3E%0A%0A%3Cp%3E%E0%A4%95%E0%A5%81%E0%A4%9B%20%E0%A4%97%E0%A5%81%E0%A4%A1%E0%A4%BF%E0%A4%AF%E0%A4%BE%E0%A4%81%20%E0%A4%9A%E0%A5%87%E0%A4%95%20%E0%A4%B9%E0%A5%88%E0%A4%82%E0%A5%A4%3C%2Fp%3E%0A%0A%3Cp%3E%E0%A4%95%E0%A5%81%E0%A4%9B%20%E0%A4%9A%E0%A5%87%E0%A4%95%20%E0%A4%AA%E0%A4%BF%E0%A4%A8%20%E0%A4%B9%E0%A5%88%E0%A4%82%E0%A5%A4%3C%2Fp%3E%0A%0A%3Cp%3E%3Cstrong%3E%E0%A4%A8%E0%A4%BF%E0%A4%B7%E0%A5%8D%E0%A4%95%E0%A4%B0%E0%A5%8D%E0%A4%B7%E0%A4%83%3C%2Fstrong%3E%3C%2Fp%3E%0A%0A%3Cp%3EI.%26nbsp%3B%26nbsp%3B%20%26nbsp%3B%E0%A4%95%E0%A5%81%E0%A4%9B%20%E0%A4%AA%E0%A4%BF%E0%A4%A8%20%E0%A4%97%E0%A5%81%E0%A4%A1%E0%A4%BF%E0%A4%AF%E0%A4%BE%E0%A4%81%20%E0%A4%B9%E0%A5%88%E0%A4%82%E0%A5%A4%20%26nbsp%3B%3C%2Fp%3E%0A%0A%3Cp%3EII.%26nbsp%3B%26nbsp%3B%20%26nbsp%3B%E0%A4%95%E0%A5%81%E0%A4%9B%20%E0%A4%9A%E0%A5%87%E0%A4%95%20%E0%A4%AA%E0%A4%B2%E0%A4%82%E0%A4%97%20%E0%A4%B9%E0%A5%88%E0%A4%82%E0%A5%A4%3C%2Fp%3E%0A%0A%3Cp%3EIII.%26nbsp%3B%26nbsp%3B%20%26nbsp%3B%E0%A4%95%E0%A5%81%E0%A4%9B%20%E0%A4%9A%E0%A5%87%E0%A4%95%20%E0%A4%86%E0%A4%88%E0%A4%A8%E0%A5%87%20%E0%A4%B9%E0%A5%88%E0%A4%82%E0%A5%A4%3C%2Fp%3E%0A%0A%3Cp%3EIV.%26nbsp%3B%26nbsp%3B%20%26nbsp%3B%E0%A4%95%E0%A5%81%E0%A4%9B%20%E0%A4%97%E0%A5%81%E0%A4%A1%E0%A4%BF%E0%A4%AF%E0%A4%BE%E0%A4%81%20%E0%A4%AA%E0%A4%B2%E0%A4%82%E0%A4%97%20%E0%A4%B9%E0%A5%88%E0%A4%82%E0%A5%A4%3C%2Fp%3E%0A','A'),
 (62,'%3Cp%3E%3Cstrong%3E%E0%A4%95%E0%A4%A5%E0%A4%A8%E0%A4%83%3C%2Fstrong%3E%3C%2Fp%3E%0A%0A%3Cp%3E%E0%A4%B8%E0%A4%AD%E0%A5%80%20%E0%A4%9A%E0%A4%BE%E0%A4%95%E0%A4%B2%E0%A5%87%E0%A4%9F%20%E0%A4%B9%E0%A5%8B%E0%A4%B2%E0%A5%8D%E0%A4%A1%E0%A4%B0%20%E0%A4%B9%E0%A5%88%E0%A4%82%E0%A5%A4%3C%2Fp%3E%0A%0A%3Cp%3E%E0%A4%95%E0%A5%8B%E0%A4%88%20%E0%A4%B9%E0%A5%8B%E0%A4%B2%E0%A5%8D%E0%A4%A1%E0%A4%B0%20%E0%A4%A6%E0%A5%80%E0%A4%AA%20%E0%A4%A8%E0%A4%B9%E0%A5%80%E0%A4%82%20%E0%A4%B9%E0%A5%88%E0%A4%82%E0%A5%A4%3C%2Fp%3E%0A%0A%3Cp%3E%E0%A4%95%E0%A5%81%E0%A4%9B%20%E0%A4%A6%E0%A5%80%E0%A4%AA%20%E0%A4%A1%E0%A5%87%E0%A4%B8%E0%A5%8D%E0%A4%95%20%E0%A4%B9%E0%A5%88%E0%A4%82%E0%A5%A4%3C%2Fp%3E%0A%0A%3Cp%3E%E0%A4%B8%E0%A4%AD%E0%A5%80%20%E0%A4%A1%E0%A5%87%E0%A4%B8%E0%A5%8D%E0%A4%95%20%E0%A4%AA%E0%A5%87%E0%A4%A8%20%E0%A4%B9%E0%A5%88%E0%A4%82%E0%A5%A4%3C%2Fp%3E%0A%0A%3Cp%3E%3Cstrong%3E%E0%A4%A8%E0%A4%BF%E0%A4%B7%E0%A5%8D%E0%A4%95%E0%A4%B0%E0%A5%8D%E0%A4%B7%E0%A4%83%20%3C%2Fstrong%3E%3C%2Fp%3E%0A%0A%3Cp%3EI.%26nbsp%3B%26nbsp%3B%20%26nbsp%3B%E0%A4%95%E0%A5%81%E0%A4%9B%20%E0%A4%AA%E0%A5%87%E0%A4%A8%20%E0%A4%B9%E0%A4%BE%E0%A4%B2%E0%A5%8D%E0%A4%A1%E0%A4%B0%20%E0%A4%B9%E0%A5%88%E0%A4%82%E0%A5%A4%20%26nbsp%3B%3C%2Fp%3E%0A%0A%3Cp%3EII.%26nbsp%3B%26nbsp%3B%20%26nbsp%3B%E0%A4%95%E0%A5%81%E0%A4%9B%20%E0%A4%A1%E0%A5%87%E0%A4%B8%E0%A5%8D%E0%A4%95%20%E0%A4%A6%E0%A5%80%E0%A4%AA%20%E0%A4%B9%E0%A5%88%E0%A4%82%E0%A5%A4%3C%2Fp%3E%0A%0A%3Cp%3EIII.%26nbsp%3B%26nbsp%3B%20%26nbsp%3B%E0%A4%95%E0%A5%81%E0%A4%9B%20%E0%A4%AA%E0%A5%87%E0%A4%A8%20%E0%A4%B9%E0%A5%8B%E0%A4%B2%E0%A5%8D%E0%A4%A1%E0%A4%B0%20%E0%A4%A8%E0%A4%B9%E0%A5%80%E0%A4%82%20%E0%A4%B9%E0%A5%88%E0%A4%82%E0%A5%A4%3C%2Fp%3E%0A%0A%3Cp%3EIV.%26nbsp%3B%26nbsp%3B%20%26nbsp%3B%E0%A4%95%E0%A5%81%E0%A4%9B%20%E0%A4%AA%E0%A5%87%E0%A4%A8%20%E0%A4%9A%E0%A4%BE%E0%A4%95%E0%A4%B2%E0%A5%87%E0%A4%9F%20%E0%A4%B9%E0%A5%88%E0%A4%82%E0%A5%A4%3C%2Fp%3E%0A','E'),
 (63,'%3Cp%3E%3Cstrong%3E%E0%A4%95%E0%A4%A5%E0%A4%A8%E0%A4%83%3C%2Fstrong%3E%3C%2Fp%3E%0A%0A%3Cp%3E%E0%A4%95%E0%A5%81%E0%A4%9B%20%E0%A4%95%E0%A5%81%E0%A4%B0%E0%A5%8D%E0%A4%B8%E0%A4%BF%E0%A4%AF%E0%A4%BE%E0%A4%81%20%E0%A4%A4%E0%A4%82%E0%A4%AC%E0%A5%82%20%E0%A4%B9%E0%A5%88%E0%A4%82%E0%A5%A4%3C%2Fp%3E%0A%0A%3Cp%3E%E0%A4%95%E0%A5%81%E0%A4%9B%20%E0%A4%A4%E0%A4%82%E0%A4%AC%E0%A5%82%20%E0%A4%9C%E0%A4%97%20%E0%A4%B9%E0%A5%88%E0%A4%82%E0%A5%A4%3C%2Fp%3E%0A%0A%3Cp%3E%E0%A4%95%E0%A5%81%E0%A4%9B%20%E0%A4%9C%E0%A4%97%20%E0%A4%97%E0%A5%8D%E0%A4%B2%E0%A4%BE%E0%A4%B8%20%E0%A4%B9%E0%A5%88%E0%A4%82%E0%A5%A4%3C%2Fp%3E%0A%0A%3Cp%3E%E0%A4%B8%E0%A4%AD%E0%A5%80%20%E0%A4%97%E0%A5%8D%E0%A4%B2%E0%A4%BE%E0%A4%B8%20%E0%A4%98%E0%A4%A1%E0%A5%87%20%E0%A4%B9%E0%A5%88%E0%A4%82%E0%A5%A4%3C%2Fp%3E%0A%0A%3Cp%3E%3Cstrong%3E%E0%A4%A8%E0%A4%BF%E0%A4%B7%E0%A5%8D%E0%A4%95%E0%A4%B0%E0%A5%8D%E0%A4%B7%E0%A4%83%20%3C%2Fstrong%3E%3C%2Fp%3E%0A%0A%3Cp%3EI.%26nbsp%3B%26nbsp%3B%20%26nbsp%3B%E0%A4%95%E0%A5%81%E0%A4%9B%20%E0%A4%98%E0%A4%A1%E0%A5%87%20%E0%A4%A4%E0%A4%82%E0%A4%AC%E0%A5%82%20%E0%A4%B9%E0%A5%88%E0%A4%82%E0%A5%A4%20%26nbsp%3B%3C%2Fp%3E%0A%0A%3Cp%3EII.%26nbsp%3B%26nbsp%3B%20%26nbsp%3B%E0%A4%95%E0%A5%81%E0%A4%9B%20%E0%A4%98%E0%A4%A1%E0%A5%87%20%E0%A4%95%E0%A5%81%E0%A4%B0%E0%A5%8D%E0%A4%B8%E0%A4%BF%E0%A4%AF%E0%A4%BE%E0%A4%81%20%E0%A4%B9%E0%A5%88%E0%A4%82%E0%A5%A4%3C%2Fp%3E%0A%0A%3Cp%3EIII.%26nbsp%3B%26nbsp%3B%20%26nbsp%3B%E0%A4%95%E0%A5%81%E0%A4%9B%20%E0%A4%97%E0%A5%8D%E0%A4%B2%E0%A4%BE%E0%A4%B8%20%E0%A4%95%E0%A5%81%E0%A4%B0%E0%A5%8D%E0%A4%B8%E0%A4%BF%E0%A4%AF%E0%A4%BE%E0%A4%81%20%E0%A4%B9%E0%A5%88%E0%A4%82%E0%A5%A4%3C%2Fp%3E%0A%0A%3Cp%3EIV.%26nbsp%3B%26nbsp%3B%20%26nbsp%3B%E0%A4%95%E0%A5%81%E0%A4%9B%20%E0%A4%97%E0%A5%8D%E0%A4%B2%E0%A4%BE%E0%A4%B8%20%E0%A4%A4%E0%A4%82%E0%A4%AC%E0%A5%82%20%E0%A4%B9%E0%A5%88%E0%A4%82%E0%A5%A4%3C%2Fp%3E%0A%0A%3Cp%3E%26nbsp%3B%3C%2Fp%3E%0A','D'),
 (64,'%3Cp%3E%3Cstrong%3E%E0%A4%95%E0%A4%A5%E0%A4%A8%E0%A4%83%3C%2Fstrong%3E%3C%2Fp%3E%0A%0A%3Cp%3E%E0%A4%95%E0%A5%81%E0%A4%9B%20%E0%A4%AA%E0%A5%87%E0%A4%82%E0%A4%B8%E0%A4%BF%E0%A4%B2%E0%A5%87%E0%A4%82%20%E0%A4%96%E0%A4%BF%E0%A4%A1%E0%A4%95%E0%A4%BF%E0%A4%AF%E0%A4%BE%E0%A4%81%3C%2Fp%3E%0A%0A%3Cp%3E%E0%A4%B8%E0%A4%AD%E0%A5%80%20%E0%A4%96%E0%A4%BF%E0%A4%A1%E0%A4%95%E0%A4%BF%E0%A4%AF%E0%A4%BE%E0%A4%81%20%E0%A4%B8%E0%A4%A1%E0%A4%95%20%E0%A4%B9%E0%A5%88%E0%A4%82%E0%A5%A4%3C%2Fp%3E%0A%0A%3Cp%3E%E0%A4%95%E0%A5%81%E0%A4%9B%20%E0%A4%B8%E0%A4%A1%E0%A4%95%E0%A5%87%E0%A4%82%20%E0%A4%95%E0%A4%AA%20%E0%A4%B9%E0%A5%88%E0%A4%82%E0%A5%A4%3C%2Fp%3E%0A%0A%3Cp%3E%E0%A4%95%E0%A5%81%E0%A4%9B%20%E0%A4%95%E0%A4%AA%20%E0%A4%9A%E0%A5%87%E0%A4%A8%20%E0%A4%B9%E0%A5%88%E0%A4%82%E0%A5%A4%3Cbr%20%2F%3E%0A%26nbsp%3B%3C%2Fp%3E%0A%0A%3Cp%3E%3Cstrong%3E%E0%A4%A8%E0%A4%BF%E0%A4%B7%E0%A5%8D%E0%A4%95%E0%A4%B0%E0%A5%8D%E0%A4%B7%E0%A4%83%3C%2Fstrong%3E%3C%2Fp%3E%0A%0A%3Cp%3EI.%E0%A4%95%E0%A5%81%E0%A4%9B%20%E0%A4%9A%E0%A5%87%E0%A4%A8%20%E0%A4%AA%E0%A5%87%E0%A4%82%E0%A4%B8%E0%A4%BF%E0%A4%B2%E0%A5%87%E0%A4%82%20%E0%A4%B9%E0%A5%88%E0%A4%82%E0%A5%A4%3C%2Fp%3E%0A%0A%3Cp%3EII.%E0%A4%95%E0%A5%81%E0%A4%9B%20%E0%A4%95%E0%A4%AA%20%E0%A4%AA%E0%A5%87%E0%A4%82%E0%A4%B8%E0%A4%BF%E0%A4%B2%E0%A5%87%E0%A4%82%20%E0%A4%B9%E0%A5%88%E0%A4%82%E0%A5%A4%3C%2Fp%3E%0A%0A%3Cp%3EIII.%E0%A4%95%E0%A5%81%E0%A4%9B%20%E0%A4%9A%E0%A5%87%E0%A4%A8%20%E0%A4%96%E0%A4%BF%E0%A4%A1%E0%A4%95%E0%A4%BF%E0%A4%AF%E0%A4%BE%E0%A4%81%20%E0%A4%B9%E0%A5%88%E0%A4%82%E0%A5%A4%3C%2Fp%3E%0A%0A%3Cp%3EIV.%E0%A4%95%E0%A5%81%E0%A4%9B%20%E0%A4%B8%E0%A4%A1%E0%A4%95%E0%A5%87%E0%A4%82%20%E0%A4%AA%E0%A5%87%E0%A4%82%E0%A4%B8%E0%A4%BF%E0%A4%B2%20%E0%A4%B9%E0%A5%88%E0%A4%82%E0%A5%A4%3C%2Fp%3E%0A','C'),
 (65,'%3Cp%3EAJBMFU%3C%2Fp%3E%0A','C'),
 (66,'%3Cp%3EMBUVWE%3C%2Fp%3E%0A','C'),
 (67,'%3Cp%3EAEIMVH%3C%2Fp%3E%0A','D'),
 (68,'%3Cp%3EWMEIJU%3C%2Fp%3E%0A','A'),
 (69,'%3Cp%3ETHAFIQ%3C%2Fp%3E%0A','B'),
 (70,'%3Cp%3EAJBMFU%3C%2Fp%3E%0A','C'),
 (71,'%3Cp%3EMBUVWE%3C%2Fp%3E%0A','C'),
 (72,'%3Cp%3EAEIMVH%3C%2Fp%3E%0A','D'),
 (73,'%3Cp%3EWMEIJU%3C%2Fp%3E%0A','A'),
 (74,'%3Cp%3ETHAFIQ%3C%2Fp%3E%0A','B'),
 (75,'%3Cp%3E%3Cstrong%3EStatements%3A%20%3C%2Fstrong%3E%3C%2Fp%3E%0A%0A%3Cp%3EB%20%25%20H%2C%20H%20%24%20J%2C%20J%26sup1%3B%20M%3C%2Fp%3E%0A%0A%3Cp%3E%3Cstrong%3EConclusions%3A%3C%2Fstrong%3E%3C%2Fp%3E%0A%0A%3Cp%3EI.%20B%20%25%20J%3C%2Fp%3E%0A%0A%3Cp%3EII.%20M%20%25%20B%3C%2Fp%3E%0A%0A%3Cp%3EIII.%20H%20%24%20M%3C%2Fp%3E%0A','D'),
 (76,'%3Cp%3E%3Cstrong%3EStatements%3A%20%3C%2Fstrong%3E%3C%2Fp%3E%0A%0A%3Cp%3E*%26nbsp%3BK%2C%20%26nbsp%3BK%20%40%20R%2C%20R%20%25%20N%3C%2Fp%3E%0A%0A%3Cp%3E%3Cstrong%3EConclusions%3A%3C%2Fstrong%3E%3C%2Fp%3E%0A%0A%3Cp%3EI.%20R%20%25%20M%3C%2Fp%3E%0A%0A%3Cp%3EII.%20R%20%40%20M%3C%2Fp%3E%0A%0A%3Cp%3EIII.%20N%20%24%20K%3C%2Fp%3E%0A','E'),
 (77,'%3Cp%3E%3Cstrong%3EStatements%3A%20%3C%2Fstrong%3E%3C%2Fp%3E%0A%0A%3Cp%3EZ%20%26copy%3B%20K%2C%20%26nbsp%3BK%20%25%20E%2C%20%26nbsp%3BE%20%40%20R%20%26nbsp%3B%3C%2Fp%3E%0A%0A%3Cp%3E%3Cstrong%3EConclusions%3A%3C%2Fstrong%3E%3C%2Fp%3E%0A%0A%3Cp%3EI.%20R%20%24%20K%26nbsp%3B%26nbsp%3B%26nbsp%3B%3C%2Fp%3E%0A%0A%3Cp%3EII.%20Z%20%25%20E%3C%2Fp%3E%0A%0A%3Cp%3EIII.%20R%20%24%20Z%3C%2Fp%3E%0A','E'),
 (78,'%3Cp%3E%3Cstrong%3EStatements%3A%20%3C%2Fstrong%3E%3C%2Fp%3E%0A%0A%3Cp%3EJ%20%24%20D%2C%20%26nbsp%3BD%20%26copy%3B%20K%2C%20K%20%25%20R%3C%2Fp%3E%0A%0A%3Cp%3E%3Cstrong%3EConclusions%3A%3C%2Fstrong%3E%3C%2Fp%3E%0A%0A%3Cp%3EI.%20%26nbsp%3B%26nbsp%3BR%20%24%20J%3C%2Fp%3E%0A%0A%3Cp%3EII.%20R%20%24%20D%3C%2Fp%3E%0A%0A%3Cp%3EIII.%20K%20%24%20J%3C%2Fp%3E%0A','C'),
 (79,'%3Cp%3E%3Cstrong%3EStatements%3A%20%3C%2Fstrong%3E%3C%2Fp%3E%0A%0A%3Cp%3EW%20%40%20M%2C%20M%20%26copy%3B%20R%2C%20%26nbsp%3BR%20%24%20F%3C%2Fp%3E%0A%0A%3Cp%3E%26nbsp%3B%3C%2Fp%3E%0A%0A%3Cp%3E%3Cstrong%3EConclusions%3A%3C%2Fstrong%3E%3C%2Fp%3E%0A%0A%3Cp%3EI.%20F%20%25%20M%3C%2Fp%3E%0A%0A%3Cp%3EII.%20R%26sup1%3B%20W%3C%2Fp%3E%0A%0A%3Cp%3EIII.%20W%20%25%20F%3C%2Fp%3E%0A','C'),
 (80,'%3Cp%3E%26nbsp%3B%E0%A4%95%E0%A4%A5%E0%A4%A8%E0%A4%83%20%26nbsp%3BB%20%25%20H%2C%20%26nbsp%3BH%20%24%20J%2C%20%26nbsp%3BJ%20%E2%98%85M%3C%2Fp%3E%0A%0A%3Cp%3E%26nbsp%3B%3C%2Fp%3E%0A%0A%3Cp%3E%E0%A4%A8%E0%A4%BF%E0%A4%B7%E0%A5%8D%E0%A4%95%E0%A4%B0%E0%A5%8D%E0%A4%B7%E0%A4%83%20%26nbsp%3B%20%26nbsp%3B%20%26nbsp%3B%20%26nbsp%3B%20%26nbsp%3B%20%26nbsp%3B%20%26nbsp%3B%3C%2Fp%3E%0A%0A%3Cp%3EI.%26nbsp%3B%26nbsp%3B%20B%20%25%20J%3C%2Fp%3E%0A%0A%3Cp%3EII.%26nbsp%3B%26nbsp%3B%20M%20%25%20B%20%26nbsp%3B%3C%2Fp%3E%0A%0A%3Cp%3EIII.%26nbsp%3B%20H%20%24%20M%3C%2Fp%3E%0A','D'),
 (81,'%3Cp%3E%26nbsp%3B%E0%A4%95%E0%A4%A5%E0%A4%A8%E0%A4%83%20M%E2%98%85K%2C%20%26nbsp%3BK%20%40%20R%2C%20R%20%25%20N%3C%2Fp%3E%0A%0A%3Cp%3E%26nbsp%3B%3C%2Fp%3E%0A%0A%3Cp%3E%26nbsp%3B%E0%A4%A8%E0%A4%BF%E0%A4%B7%E0%A5%8D%E0%A4%95%E0%A4%B0%E0%A5%8D%E0%A4%B7%E0%A4%83%20%26nbsp%3B%20%26nbsp%3B%20%26nbsp%3B%20%26nbsp%3B%20%26nbsp%3B%20%26nbsp%3B%3C%2Fp%3E%0A%0A%3Cp%3E%26nbsp%3BI.%26nbsp%3B%26nbsp%3B%20%26nbsp%3BR%20%25%20M%3C%2Fp%3E%0A%0A%3Cp%3EII.%26nbsp%3B%26nbsp%3B%20%26nbsp%3BR%20%40%20M%20%26nbsp%3B%3C%2Fp%3E%0A%0A%3Cp%3EIII.%26nbsp%3B%26nbsp%3B%20%26nbsp%3BN%20%24%20K%3C%2Fp%3E%0A','E'),
 (82,'%3Cp%3E%26nbsp%3B%E0%A4%95%E0%A4%A5%E0%A4%A8%3A%20Z%20%26copy%3B%20K%2C%20%26nbsp%3BK%20%25%20E%2C%20%26nbsp%3BE%20%40%20R%20%26nbsp%3B%3C%2Fp%3E%0A%0A%3Cp%3E%E0%A4%A8%E0%A4%BF%E0%A4%B7%E0%A5%8D%E0%A4%95%E0%A4%B0%E0%A5%8D%E0%A4%B7%E0%A4%83%20%26nbsp%3B%20%26nbsp%3B%20%26nbsp%3B%3C%2Fp%3E%0A%0A%3Cp%3E%26nbsp%3BI.%26nbsp%3B%26nbsp%3B%20R%20%24%20K%3C%2Fp%3E%0A%0A%3Cp%3EII.%26nbsp%3B%26nbsp%3B%20%26nbsp%3BZ%20%25%20E%3C%2Fp%3E%0A%0A%3Cp%3EIII.%26nbsp%3B%20%26nbsp%3BR%20%24%20Z%3C%2Fp%3E%0A','E'),
 (83,'%3Cp%3E%E0%A4%95%E0%A4%A5%E0%A4%A8%E0%A4%83%20J%20%24%20D%2C%20%26nbsp%3BD%20%26copy%3B%20K%2C%20K%20%25%20R%3C%2Fp%3E%0A%0A%3Cp%3E%26nbsp%3B%3C%2Fp%3E%0A%0A%3Cp%3E%E0%A4%A8%E0%A4%BF%E0%A4%B7%E0%A5%8D%E0%A4%95%E0%A4%B0%E0%A5%8D%E0%A4%B7%E0%A4%83%20%26nbsp%3B%20%26nbsp%3B%3C%2Fp%3E%0A%0A%3Cp%3E%26nbsp%3BI.%26nbsp%3B%26nbsp%3B%20%26nbsp%3BR%20%24%20J%3C%2Fp%3E%0A%0A%3Cp%3EII.%26nbsp%3B%26nbsp%3B%20%26nbsp%3BR%20%24%20D%3C%2Fp%3E%0A%0A%3Cp%3EIII.%26nbsp%3B%26nbsp%3B%20%26nbsp%3BK%20%24%20J%26nbsp%3B%3C%2Fp%3E%0A','C'),
 (84,'%3Cp%3E%E0%A4%95%E0%A4%A5%E0%A4%A8%E0%A4%83%20W%20%40%20M%2C%20%26nbsp%3BM%20%26copy%3B%20R%2C%20%26nbsp%3BR%20%24%20F%20%26nbsp%3B%3C%2Fp%3E%0A%0A%3Cp%3E%26nbsp%3B%3C%2Fp%3E%0A%0A%3Cp%3E%E0%A4%A8%E0%A4%BF%E0%A4%B7%E0%A5%8D%E0%A4%95%E0%A4%B0%E0%A5%8D%E0%A4%B7%E0%A4%83%26nbsp%3B%26nbsp%3B%20%26nbsp%3B%20%26nbsp%3B%3C%2Fp%3E%0A%0A%3Cp%3EI.%26nbsp%3B%26nbsp%3B%20%26nbsp%3BF%20%25%20M%20%26nbsp%3B%3C%2Fp%3E%0A%0A%3Cp%3EII.%26nbsp%3B%26nbsp%3B%20%26nbsp%3BR%E2%98%85W%3C%2Fp%3E%0A%0A%3Cp%3EIII.%26nbsp%3B%26nbsp%3B%20%26nbsp%3BW%20%25%20F%3C%2Fp%3E%0A','C'),
 (85,'%3Cp%3EStep%20III%20of%20an%20input%20is%20%3Cem%3Ewin%2075%20voice%2015%2039%20store%20gap%2026%3C%2Fem%3E%20which%20of%20the%20following%20is%20definitely%20the%20input%3F%3C%2Fp%3E%0A','D'),
 (86,'%3Cp%3EInput%3A%20%3Cem%3Ehunt%20for%2094%2037%20good%2029%2048%20book%3C%2Fem%3E.%20How%20many%20steps%20will%20be%20required%20to%20complete%20the%20rearrangement%3F%3C%2Fp%3E%0A','A'),
 (87,'%3Cp%3EStep%20II%20of%20an%20input%20is%20%3Cem%3Etube%2083%2049%2034%20garden%20flower%20rat%2056%3C%2Fem%3E%2C%20how%20many%20more%20steps%20will%20be%20required%20to%20complete%20the%20rearrangement%3F%3C%2Fp%3E%0A','D'),
 (88,'%3Cp%3EStep%20II%20of%20an%20input%20is%20%3Cem%3Eultra%2037%2012%2016%20mail%20sort%2039%20kite%20%3C%2Fem%3Ewhich%20of%20the%20following%20steps%20will%20be%20the%20last%20but%20one%3F%3C%2Fp%3E%0A','D'),
 (89,'%3Cp%3EInput%3A%20%3Cem%3Eglass%20full%2015%2037%20water%20now%2085%2067%3C%2Fem%3E%20which%20of%20the%20following%20will%20be%20step%20VI%20of%20the%20above%20input%3F%3C%2Fp%3E%0A','D'),
 (90,'%3Cp%3E%E0%A4%8F%E0%A4%95%20%E0%A4%87%E0%A4%A8%E0%A4%AA%E0%A5%81%E0%A4%9F%20%E0%A4%95%E0%A4%BE%20%E0%A4%9A%E0%A4%B0%E0%A4%A3%20III%20%E0%A4%B9%E0%A5%88%E0%A4%83%20win%2075%20voice%2015%2039%20store%20gap%2026%20%E0%A4%A8%E0%A4%BF%E0%A4%AE%E0%A5%8D%E0%A4%A8%E0%A4%B2%E0%A4%BF%E0%A4%96%E0%A4%BF%20%E0%A4%AE%E0%A5%87%E0%A4%82%20%E0%A4%B8%E0%A5%87%20%E0%A4%95%E0%A5%8C%E0%A4%A8%20%E0%A4%B8%E0%A4%BE%20%E0%A4%A8%E0%A4%BF%E0%A4%B6%E0%A5%8D%E0%A4%9A%E0%A4%BF%E0%A4%A4%20%E0%A4%B0%E0%A5%82%E0%A4%AA%20%E0%A4%B8%E0%A5%87%20%E0%A4%87%E0%A4%A8%E0%A4%AA%E0%A5%81%E0%A4%9F%20%E0%A4%B9%E0%A5%88%3F%3C%2Fp%3E%0A','D'),
 (91,'%3Cp%3E%E0%A4%87%E0%A4%A8%E0%A4%AA%E0%A5%81%E0%A4%9F%E0%A4%83%20hunt%20for%2094%2037%20good%2029%2048%20book%20%E0%A4%AA%E0%A5%81%E0%A4%A8%E0%A4%B5%E0%A5%8D%E0%A4%B0%E0%A5%8D%E0%A4%AF%E0%A4%B5%E0%A4%B8%E0%A5%8D%E0%A4%A5%E0%A4%BE%20%E0%A4%95%E0%A5%8B%20%E0%A4%AA%E0%A5%82%E0%A4%B0%E0%A4%BE%20%E0%A4%95%E0%A4%B0%E0%A4%A8%E0%A5%87%20%E0%A4%AE%E0%A5%87%E0%A4%82%20%E0%A4%9A%E0%A4%B0%E0%A4%A3%20%E0%A4%B2%E0%A4%97%E0%A5%87%E0%A4%82%E0%A4%97%E0%A5%87%3F%3C%2Fp%3E%0A','A'),
 (92,'%3Cp%3E%E0%A4%8F%E0%A4%95%20%E0%A4%87%E0%A4%A8%E0%A4%AA%E0%A5%81%E0%A4%9F%20%E0%A4%95%E0%A4%BE%20%E0%A4%9A%E0%A4%B0%E0%A4%A3%20II%20%E0%A4%B9%E0%A5%88%E0%A4%83%20tube%2083%2049%2034%20garden%20flower%20rat%2056%20%E0%A4%AA%E0%A5%81%E0%A4%A8%E0%A4%B5%E0%A5%8D%E0%A4%B0%E0%A5%8D%E0%A4%AF%E0%A4%B5%E0%A4%B8%E0%A5%8D%E0%A4%A5%E0%A4%BE%20%E0%A4%95%E0%A5%8B%20%E0%A4%AA%E0%A5%82%E0%A4%B0%E0%A4%BE%20%E0%A4%95%E0%A4%B0%E0%A4%A8%E0%A5%87%20%E0%A4%AE%E0%A5%87%E0%A4%82%20%E0%A4%94%E0%A4%B0%20%E0%A4%95%E0%A4%BF%E0%A4%A4%E0%A4%A8%E0%A5%87%20%E0%A4%9A%E0%A4%B0%E0%A4%A3%20%E0%A4%B2%E0%A4%97%E0%A5%87%E0%A4%82%E0%A4%97%E0%A5%87%3F%3C%2Fp%3E%0A','A'),
 (93,'%3Cp%3E%E0%A4%8F%E0%A4%95%20%E0%A4%87%E0%A4%A8%E0%A4%AA%E0%A5%81%E0%A4%9F%20%E0%A4%95%E0%A4%BE%20%E0%A4%9A%E0%A4%B0%E0%A4%A3%20II%20%E0%A4%B9%E0%A5%88%E0%A4%83%20ultra%2073%2012%2016%20mail%20sort%20kite%20%E0%A4%A8%E0%A4%BF%E0%A4%AE%E0%A5%8D%E0%A4%A8%E0%A4%B2%E0%A4%BF%E0%A4%96%E0%A4%BF%E0%A4%A4%20%E0%A4%AE%E0%A5%87%E0%A4%82%20%E0%A4%B8%E0%A5%87%20%E0%A4%95%E0%A5%8C%E0%A4%A8%20%E0%A4%B8%E0%A4%BE%20%E0%A4%85%E0%A4%82%E0%A4%A4%E0%A4%BF%E0%A4%AE%20%E0%A4%B8%E0%A5%87%20%E0%A4%AA%E0%A4%B9%E0%A4%B2%E0%A5%87%20%E0%A4%B5%E0%A4%BE%E0%A4%B2%E0%A4%BE%20%E0%A4%9A%E0%A4%B0%E0%A4%A3%20%E0%A4%B9%E0%A5%8B%E0%A4%97%E0%A4%BE%3F%3C%2Fp%3E%0A','D'),
 (94,'%3Cp%3E%E0%A4%87%E0%A4%A8%E0%A4%AA%E0%A5%81%E0%A4%9F%E0%A4%83%20glass%20full%2015%2037%20water%20now%2085%2067%20%E0%A4%89%E0%A4%95%E0%A5%8D%E0%A4%A4%20%E0%A4%87%E0%A4%A8%E0%A4%AA%E0%A5%81%E0%A4%9F%20%E0%A4%95%E0%A4%BE%20%E0%A4%9A%E0%A4%B0%E0%A4%A3%20VI%20%E0%A4%A8%E0%A4%BF%E0%A4%AE%E0%A5%8D%E0%A4%A8%E0%A4%B2%E0%A4%BF%E0%A4%96%E0%A4%BF%E0%A4%A4%20%E0%A4%AE%E0%A5%87%E0%A4%82%20%E0%A4%B8%E0%A5%87%20%E0%A4%95%E0%A5%8C%E0%A4%A8%20%E0%A4%B8%E0%A4%BE%20%E0%A4%B9%E0%A5%8B%E0%A4%97%E0%A4%BE%3F%3C%2Fp%3E%0A','D'),
 (95,'%3Cp%3EWho%20is%20sitting%20to%20the%20immediate%20left%20of%20G%3F%3C%2Fp%3E%0A','A'),
 (96,'%3Cp%3EIn%20which%20of%20the%20following%20combinations%20is%20the%20first%20person%20sitting%20between%20the%20second%20and%20the%20third%20persons%3F%3C%2Fp%3E%0A','D'),
 (97,'%3Cp%3EWho%20is%20third%20to%20the%20right%20of%20H%3F%3C%2Fp%3E%0A','C'),
 (98,'%3Cp%3EWho%20is%20sitting%20to%20the%20immediate%20right%20of%20A%3F%3C%2Fp%3E%0A','B'),
 (99,'%3Cp%3EWhat%20is%20H%26rsquo%3Bs%20position%20with%20respect%20to%20B%3F%3C%2Fp%3E%0A','E'),
 (100,'%3Cp%3EG%20%E0%A4%95%E0%A5%87%20%E0%A4%8F%E0%A4%95%E0%A4%A6%E0%A4%AE%20%E0%A4%AC%E0%A4%BE%E0%A4%8F%E0%A4%81%20%E0%A4%95%E0%A5%8B%20%E0%A4%95%E0%A5%8C%E0%A4%A8%20%E0%A4%B9%E0%A5%88%3F%3C%2Fp%3E%0A','A'),
 (101,'%3Cp%3E%E0%A4%A8%E0%A4%BF%E0%A4%AE%E0%A5%8D%E0%A4%A8%E0%A4%B2%E0%A4%BF%E0%A4%96%E0%A4%BF%E0%A4%A4%20%E0%A4%AE%E0%A5%87%E0%A4%82%20%E0%A4%B8%E0%A5%87%20%E0%A4%95%E0%A4%BF%E0%A4%B8%20%E0%A4%B8%E0%A4%82%E0%A4%AF%E0%A5%8B%E0%A4%9C%E0%A4%A8%20%E0%A4%AE%E0%A5%87%E0%A4%82%20%E0%A4%AA%E0%A4%B9%E0%A4%B2%E0%A4%BE%20%E0%A4%B5%E0%A4%AF%E0%A4%95%E0%A5%8D%E0%A4%A4%E0%A4%BF%20%E0%A4%A6%E0%A5%82%E0%A4%B8%E0%A4%B0%E0%A5%87%20%E0%A4%94%E0%A4%B0%20%E0%A4%A4%E0%A5%80%E0%A4%B8%E0%A4%B0%E0%A5%87%20%E0%A4%B5%E0%A5%8D%E0%A4%AF%E0%A4%95%E0%A5%8D%E0%A4%A4%E0%A4%BF%20%E0%A4%95%E0%A5%87%20%E0%A4%AC%E0%A5%80%E0%A4%9A%20%E0%A4%AC%E0%A5%88%E0%A4%A0%E0%A4%BE%20%E0%A4%B9%E0%A5%88%3F%3C%2Fp%3E%0A','D'),
 (102,'%3Cp%3EH%20%E0%A4%95%E0%A5%87%20%E0%A4%A6%E0%A4%BE%E0%A4%8F%E0%A4%81%20%E0%A4%95%E0%A5%8B%20%E0%A4%A4%E0%A5%80%E0%A4%B8%E0%A4%B0%E0%A4%BE%20%E0%A4%95%E0%A5%8C%E0%A4%A8%20%E0%A4%B9%E0%A5%88%3F%3C%2Fp%3E%0A','C'),
 (103,'%3Cp%3EA%20%E0%A4%95%E0%A5%87%20%E0%A4%8F%E0%A4%95%E0%A4%A6%E0%A4%AE%20%E0%A4%A6%E0%A4%BE%E0%A4%8F%E0%A4%81%20%E0%A4%95%E0%A5%8B%20%E0%A4%95%E0%A5%8C%E0%A4%A8%20%E0%A4%B9%E0%A5%88%3F%3C%2Fp%3E%0A','B'),
 (104,'%3Cp%3EB%20%E0%A4%95%E0%A5%87%20%E0%A4%B8%E0%A4%82%E0%A4%AC%E0%A4%82%E0%A4%A7%20%E0%A4%AE%E0%A5%87%E0%A4%82%20H%20%E0%A4%95%E0%A4%BE%20%E0%A4%95%E0%A5%8D%E0%A4%AF%E0%A4%BE%20%E0%A4%B8%E0%A5%8D%E0%A4%A5%E0%A4%BE%E0%A4%A8%20%E0%A4%B9%E0%A5%88%3F%3C%2Fp%3E%0A','E'),
 (105,'%3Cp%3E484%20240%20120%2057%2026.5%2011.25%203.625%3C%2Fp%3E%0A','B'),
 (106,'%3Cp%3E3%205%2013%2043%20176%20891%205353%3C%2Fp%3E%0A','D'),
 (107,'%3Cp%3E6%207%2016%2041%2090%20154%20292%3C%2Fp%3E%0A','E'),
 (108,'%3Cp%3E5%207%2016%2057%20244%201245%207506%3C%2Fp%3E%0A','A'),
 (109,'%3Cp%3E4%202.5%203.5%206.5%2015.5%2041.25%20126.75%3C%2Fp%3E%0A','C'),
 (110,'%3Cp%3E484%20240%20120%2057%2026.5%2011.25%203.625%3C%2Fp%3E%0A','B'),
 (111,'%3Cp%3E3%205%2013%2043%20176%20891%205353%3C%2Fp%3E%0A','D'),
 (112,'%3Cp%3E6%207%2016%2041%2090%20154%20292%3C%2Fp%3E%0A','E'),
 (113,'%3Cp%3E5%207%2016%2057%20244%201245%207506%3C%2Fp%3E%0A','A'),
 (114,'%3Cp%3E4%26nbsp%3B%202.5%203.5%206.5%2015.5%2041.25%20126.75%3C%2Fp%3E%0A','C'),
 (115,'%3Cp%3EWhat%20is%20the%20exact%20average%20of%20n%2C%2035%2C%2039%2C%2042%2C%20p%20and%20w%3F%3C%2Fp%3E%0A%0A%3Col%3E%0A%09%3Cli%3En%20is%20six%20more%20that%20w.%3C%2Fli%3E%0A%3C%2Fol%3E%0A%0A%3Cp%3E%26nbsp%3B%20%26nbsp%3B%20%26nbsp%3B%20%26nbsp%3B2.w%20is%20four%20less%20than%20p.%3C%2Fp%3E%0A','D'),
 (116,'%3Cp%3EWhat%20was%20the%20percent%20profit%2Floss%20made%2Fincurred%20by%20selling%20an%20article%20for%20Rs.%2024%2C000%3F%3C%2Fp%3E%0A%0A%3Col%3E%0A%09%3Cli%3EThe%20ratio%20between%20the%20selling%20price%20and%20the%20cost%20price%20of%20the%20article%20is%205%20%3A%203%20respectively.%3C%2Fli%3E%0A%09%3Cli%3EThe%20difference%20between%20the%20cost%20price%20and%20the%20selling%20price%20is%20Rs%209%2C600.%3C%2Fli%3E%0A%3C%2Fol%3E%0A','C'),
 (117,'%3Cp%3EWhat%20was%20the%20percent%20profit%2Floss%20made%2Fincurred%20by%20selling%20an%20article%20for%20Rs.%2024%2C000%3F%3C%2Fp%3E%0A%0A%3Col%3E%0A%09%3Cli%3EThe%20ratio%20between%20the%20selling%20price%20and%20the%20cost%20price%20of%20the%20article%20is%205%20%3A%203%20respectively.%3C%2Fli%3E%0A%09%3Cli%3EThe%20difference%20between%20the%20cost%20price%20and%20the%20selling%20price%20is%20Rs%209%2C600.%3C%2Fli%3E%0A%3C%2Fol%3E%0A','D'),
 (118,'%3Cp%3EWhat%20is%20the%20ratio%20between%20two%20numbers%20X%20and%20Y%3F%3C%2Fp%3E%0A%0A%3Col%3E%0A%09%3Cli%3E40%25%20of%20X%20is%2020%25%20of%2050%3C%2Fli%3E%0A%09%3Cli%3E30%25%20of%20Y%20is%2025%25%20of%2072%3C%2Fli%3E%0A%3C%2Fol%3E%0A','E'),
 (119,'%3Cp%3EWhat%20is%20the%20perimeter%20of%20a%20semicircle%3F%3C%2Fp%3E%0A%0A%3Col%3E%0A%09%3Cli%3EThe%20radius%20of%20the%20semicircle%20is%20equal%20to%20half%20the%20side%20of%20a%20square.%3C%2Fli%3E%0A%09%3Cli%3EThe%20area%20of%20the%20square%20is%20196%20sq.cm.%3C%2Fli%3E%0A%3C%2Fol%3E%0A','E'),
 (120,'%3Cp%3En%2C%2035%2C%2039%2C%2042%2C%20p%20%E0%A4%94%E0%A4%B0%20w%20%E0%A4%95%E0%A4%BE%20%E0%A4%B8%E0%A4%B9%E0%A5%80%20%E0%A4%94%E0%A4%B8%E0%A4%A4%20%E0%A4%95%E0%A5%8D%E0%A4%AF%E0%A4%BE%20%E0%A4%B9%E0%A5%88%3F%3C%2Fp%3E%0A%0A%3Col%3E%0A%09%3Cli%3En%2C%20w%20%E0%A4%B8%E0%A5%87%20%E0%A4%9B%E0%A4%B9%20%E0%A4%85%E0%A4%A7%E0%A4%BF%E0%A4%95%20%E0%A4%B9%E0%A5%88%E0%A5%A4%3C%2Fli%3E%0A%09%3Cli%3Ew%2C%20p%20%E0%A4%B8%E0%A5%87%20%E0%A4%9A%E0%A4%BE%E0%A4%B0%20%E0%A4%95%E0%A4%AE%20%E0%A4%B9%E0%A5%88%E0%A5%A4%3C%2Fli%3E%0A%3C%2Fol%3E%0A','D'),
 (121,'%3Cp%3E%E0%A4%8F%E0%A4%95%20%E0%A4%B5%E0%A4%B8%E0%A5%8D%E0%A4%A4%E0%A5%81%20%E0%A4%95%E0%A5%8B%2024%2C000%20%E0%A4%B0%E0%A5%82%E0%A4%AA%E0%A4%8F%20%E0%A4%AE%E0%A5%87%E0%A4%82%20%E0%A4%AC%E0%A5%87%E0%A4%9A%E0%A4%A8%E0%A5%87%20%E0%A4%AA%E0%A4%B0%20%E0%A4%95%E0%A4%BF%E0%A4%A4%E0%A4%A8%E0%A5%87%20%E0%A4%AA%E0%A5%8D%E0%A4%B0%E0%A4%A4%E0%A4%BF%E0%A4%B6%E0%A4%A4%20%E0%A4%B2%E0%A4%BE%E0%A4%AD%2F%20%E0%A4%B9%E0%A4%BE%E0%A4%A8%E0%A4%BF%20%E0%A4%B9%E0%A5%81%E0%A4%88%20%E0%A4%B9%E0%A5%88%3F%3C%2Fp%3E%0A%0A%3Col%3E%0A%09%3Cli%3E%E0%A4%B5%E0%A4%B8%E0%A5%8D%E0%A4%A4%E0%A5%81%20%E0%A4%95%E0%A5%80%20%E0%A4%B5%E0%A4%BF%E0%A4%95%E0%A5%8D%E0%A4%B0%E0%A4%AF%20%E0%A4%95%E0%A5%80%E0%A4%AE%E0%A4%A4%20%E0%A4%94%E0%A4%B0%20%E0%A4%B2%E0%A4%BE%E0%A4%97%E0%A4%A4%20%E0%A4%95%E0%A5%80%E0%A4%AE%E0%A4%A4%20%E0%A4%95%E0%A5%87%20%E0%A4%AC%E0%A5%80%E0%A4%9A%20%E0%A4%95%E0%A4%BE%20%E0%A4%85%E0%A4%A8%E0%A5%81%E0%A4%AA%E0%A4%BE%E0%A4%A4%20%E0%A4%95%E0%A5%8D%E0%A4%B0%E0%A4%AE%E0%A4%B6%3A%205%3A%203%20%E0%A4%B9%E0%A5%88%E0%A5%A4%3C%2Fli%3E%0A%09%3Cli%3E%E0%A4%B2%E0%A4%BE%E0%A4%97%E0%A4%A4%20%E0%A4%95%E0%A5%80%E0%A4%AE%E0%A4%A4%20%E0%A4%94%E0%A4%B0%20%E0%A4%B5%E0%A4%BF%E0%A4%95%E0%A5%8D%E0%A4%B0%E0%A4%AF%20%E0%A4%95%E0%A5%80%E0%A4%AE%E0%A4%A4%20%E0%A4%95%E0%A5%87%20%E0%A4%AC%E0%A5%80%E0%A4%9A%20%E0%A4%95%E0%A4%BE%20%E0%A4%85%E0%A4%A4%E0%A4%82%E0%A4%B0%209600%20%E0%A4%B0%E0%A5%82%E0%A4%AA%E0%A4%8F%20%E0%A4%B9%E0%A5%88%E0%A5%A4%3C%2Fli%3E%0A%3C%2Fol%3E%0A','C'),
 (122,'%3Cp%3E%E0%A4%A6%E0%A5%8B%20%E0%A4%A6%E0%A5%8D%E0%A4%A7%E0%A4%BF%E0%A4%85%E0%A4%82%E0%A4%95%E0%A5%80%E0%A4%AF%20%E0%A4%B8%E0%A4%82%E0%A4%96%E0%A5%8D%E0%A4%AF%E0%A4%BE%E0%A4%93%E0%A4%82%20%E0%A4%95%E0%A5%87%20%E0%A4%AC%E0%A5%80%E0%A4%9A%20%E0%A4%95%E0%A4%BE%20%E0%A4%85%E0%A4%82%E0%A4%A4%E0%A4%B0%20%E0%A4%95%E0%A5%8D%E0%A4%AF%E0%A4%BE%20%E0%A4%B9%E0%A5%8B%E0%A4%97%E0%A4%BE%3F%3C%2Fp%3E%0A%0A%3Col%3E%0A%09%3Cli%3E%E0%A4%AA%E0%A4%B9%E0%A4%B2%E0%A5%80%20%E0%A4%B8%E0%A4%82%E0%A4%96%E0%A5%8D%E0%A4%AF%E0%A4%BE%20%E0%A4%95%E0%A4%BE%20%E0%A4%B5%E0%A4%B0%E0%A5%8D%E0%A4%97%20%E0%A4%A6%E0%A5%82%E0%A4%B8%E0%A4%B0%E0%A5%80%20%E0%A4%B8%E0%A4%82%E0%A4%96%E0%A5%8D%E0%A4%AF%E0%A4%BE%20%E0%A4%95%E0%A4%BE%20%E0%A4%A8%E0%A5%8C%20%E0%A4%97%E0%A5%81%E0%A4%A8%E0%A4%BE%20%E0%A4%B9%E0%A5%88%E0%A5%A4%3C%2Fli%3E%0A%09%3Cli%3E%E0%A4%AA%E0%A4%B9%E0%A4%B2%E0%A5%80%20%E0%A4%94%E0%A4%B0%20%E0%A4%A6%E0%A5%82%E0%A4%B8%E0%A4%B0%E0%A5%80%20%E0%A4%B8%E0%A4%82%E0%A4%96%E0%A5%8D%E0%A4%AF%E0%A4%BE%20%E0%A4%95%E0%A5%87%20%E0%A4%AC%E0%A5%80%E0%A4%9A%20%E0%A4%95%E0%A4%BE%20%E0%A4%85%E0%A4%A8%E0%A5%81%E0%A4%AA%E0%A4%BE%E0%A4%A4%20%E0%A4%95%E0%A5%8D%E0%A4%B0%E0%A4%AE%E0%A4%B6%3A%203%3A%204%20%E0%A4%B9%E0%A5%88%E0%A5%A4%3C%2Fli%3E%0A%3C%2Fol%3E%0A','D'),
 (123,'%3Cp%3E%E0%A4%A6%E0%A5%8B%20%E0%A4%B8%E0%A4%82%E0%A4%96%E0%A5%8D%E0%A4%AF%E0%A4%BE%E0%A4%8F%E0%A4%82%20X%20%E0%A4%94%E0%A4%B0%20Y%20%E0%A4%95%E0%A5%87%20%E0%A4%AC%E0%A5%80%E0%A4%9A%20%E0%A4%95%E0%A4%BE%20%E0%A4%85%E0%A4%A8%E0%A5%81%E0%A4%AA%E0%A4%BE%E0%A4%A4%20%E0%A4%95%E0%A5%8D%E0%A4%AF%E0%A4%BE%20%E0%A4%B9%E0%A5%88%3F%3C%2Fp%3E%0A%0A%3Col%3E%0A%09%3Cli%3EX%20%E0%A4%95%E0%A4%BE%2040%25%2C%2050%20%E0%A4%95%E0%A4%BE%2020%25%20%E0%A4%B9%E0%A5%88%E0%A5%A4%3C%2Fli%3E%0A%09%3Cli%3EY%20%E0%A4%95%E0%A4%BE%2030%25%2C%2072%20%E0%A4%95%E0%A4%BE%2025%25%20%E0%A4%B9%E0%A5%88%E0%A5%A4%3C%2Fli%3E%0A%3C%2Fol%3E%0A','E'),
 (124,'%3Cp%3E%E0%A4%85%E0%A4%B0%E0%A5%8D%E0%A4%A6%E0%A5%8D%E0%A4%A7%E0%A4%B5%E0%A5%83%E0%A4%A4%20%E0%A4%95%E0%A5%80%20%E0%A4%AA%E0%A4%B0%E0%A4%BF%E0%A4%A7%E0%A4%BF%20%E0%A4%95%E0%A4%BF%E0%A4%A4%E0%A4%A8%E0%A5%80%20%E0%A4%B9%E0%A5%88%3F%3C%2Fp%3E%0A%0A%3Col%3E%0A%09%3Cli%3E%E0%A4%85%E0%A4%B0%E0%A5%8D%E0%A4%A6%E0%A5%8D%E0%A4%A7%E0%A4%B5%E0%A5%83%E0%A4%A4%20%E0%A4%95%E0%A5%80%20%E0%A4%A4%E0%A5%8D%E0%A4%B0%E0%A4%BF%E0%A4%9C%E0%A5%8D%E0%A4%AF%E0%A4%BE%2C%20%E0%A4%B5%E0%A4%B0%E0%A5%8D%E0%A4%97%20%E0%A4%95%E0%A5%80%20%E0%A4%AD%E0%A5%81%E0%A4%9C%E0%A4%BE%20%E0%A4%95%E0%A5%80%20%E0%A4%86%E0%A4%A7%E0%A5%80%20%E0%A4%B9%E0%A5%88%E0%A5%A4%3C%2Fli%3E%0A%09%3Cli%3E%E0%A4%B5%E0%A4%B0%E0%A5%8D%E0%A4%97%20%E0%A4%95%E0%A4%BE%20%E0%A4%95%E0%A5%8D%E0%A4%B7%E0%A5%87%E0%A4%A4%E0%A5%8D%E0%A4%B0%E0%A4%AB%E0%A4%B2%20196%20%E0%A4%B5%E0%A4%B0%E0%A5%8D%E0%A4%97%20%E0%A4%B8%E0%A5%87%E0%A4%AE%E0%A5%80.%20%E0%A4%B9%E0%A5%88%E0%A5%A4%3C%2Fli%3E%0A%3C%2Fol%3E%0A','E'),
 (125,'%3Cp%3EWhen%2030%25%20of%20one%20number%20is%20subtracted%20from%20another%20number%2C%20the%20second%20number%20reduces%20its%20own%20four-fifth.%20What%20is%20the%20ratio%20between%20the%20first%20and%20the%20second%20numbers%20respectively%3F%3C%2Fp%3E%0A','E'),
 (126,'%3Cp%3EA%20180-metre%20long%20train%20crosses%20another%20270-metre%20long%20train%20running%20in%20the%20opposite%20direction%20in%2010.8%20seconds.%20If%20the%20speed%20of%20the%20first%20train%20is%2060%20kmph.%20What%20is%20the%20speed%20of%20the%20second%20train%20in%20kmph%3F%3C%2Fp%3E%0A','B'),
 (127,'%3Cp%3ETwo-third%20of%20three-fourth%20of%20one%20fifth%20of%20a%20number%20is%2015.%20What%20is%2030%20per%20cent%20of%20that%20number%3F%3C%2Fp%3E%0A','A'),
 (128,'%3Cp%3EThe%20total%20marks%20obtained%20by%20a%20student%20in%20Physics%2C%20Chemistry%20and%20Mathematics%20together%20is%20120%20more%20than%20the%20marks%20obtained%20by%20him%20in%20Chemistry.%20What%20are%20the%20average%20marks%20obtained%20by%20him%20in%20Physics%20and%20Mathematics%20together%3F%3C%2Fp%3E%0A','A'),
 (129,'%3Cp%3EArun%20invested%20a%20sum%20of%20money%20at%20a%20certain%20rate%20of%20simple%20interest%20for%20a%20period%20of%20four%20years.%20Had%20he%20invested%20the%20same%20sum%20for%20a%20period%20of%20six%20years%20the%20total%20interest%20earned%20by%20him%20would%20have%20been%20fifty%20percent%20more%20than%20the%20earlier%20interest%20amount.%20What%20was%20the%20rate%20of%20interest%20percent%20per%20annum%3F%3C%2Fp%3E%0A','D'),
 (130,'%3Cp%3EIn%20how%20many%20different%20ways%20can%20the%20letters%20of%20the%20word%20ATTEND%20be%20arranged%3F%3C%2Fp%3E%0A','E'),
 (131,'%3Cp%3EA%20shopkeeper%20bought%2030%20kg.%20of%20wheat%20at%20the%20rate%20of%20Rs.%2045%20per%20kg.%20He%20sold%20forty%20percent%20of%20the%20total%20quantity%20at%20the%20rate%20of%20Rs.%2050%20per%20kg.%20%3Cstrong%3EApproximately%3C%2Fstrong%3E%2C%20at%20what%20price%20per%20kg.%20should%20he%20sell%20the%20remaining%20quantity%20to%20make%2025%20per%20cent%20overall%20profit%3F%3C%2Fp%3E%0A','D'),
 (132,'%3Cp%3EThe%20value%20of%20which%20of%20the%20following%20tractions%20is%20less%20than%20twenty%20percent%3F%3C%2Fp%3E%0A','E'),
 (133,'%3Cp%3EThe%20ratio%20between%20the%20ages%20of%20a%20father%20and%20a%20son%20at%20present%20is%205%20%3A%202%20respectively.%20Four%20years%20hence%20the%20ratio%20between%20the%20ages%20of%20the%20son%20and%20his%20mother%20will%20be%201%20%3A%202%20respectively.%20What%20is%20the%20ratio%20between%20the%20present%20ages%20of%20the%20father%20and%20the%20mother%20respectively%3F%3C%2Fp%3E%0A','D'),
 (134,'%3Cp%3EAn%20amount%20of%20money%20is%20to%20be%20divided%20among%20P%2C%20Q%20and%20R%20in%20ratio%20of%203%20%3A%205%20%3A%207%20respectively.%20If%20the%20amount%20received%20by%20R%20is%20Rs.%204%2C000%20more%20than%20the%20amount%20received%20by%20Q%2C%20what%20will%20be%20the%20total%20amount%20received%20by%20P%20and%20Q%20together%3F%3C%2Fp%3E%0A','C'),
 (135,'%3Cp%3E%E0%A4%8F%E0%A4%95%20%E0%A4%B8%E0%A4%82%E0%A4%96%E0%A5%8D%E0%A4%AF%E0%A4%BE%20%E0%A4%95%E0%A4%BE%2030%25%20%E0%A4%A6%E0%A5%82%E0%A4%B8%E0%A4%B0%E0%A5%80%20%E0%A4%B8%E0%A4%82%E0%A4%96%E0%A5%8D%E0%A4%AF%E0%A4%BE%20%E0%A4%B8%E0%A5%87%20%E0%A4%98%E0%A4%9F%E0%A4%BE%E0%A4%A8%E0%A5%87%20%E0%A4%AA%E0%A4%B0%20%E0%A4%A6%E0%A5%82%E0%A4%B8%E0%A4%B0%E0%A5%80%20%E0%A4%B8%E0%A4%82%E0%A4%96%E0%A5%8D%E0%A4%AF%E0%A4%BE%20%E0%A4%98%E0%A4%9F%E0%A4%95%E0%A4%B0%20%E0%A4%B8%E0%A5%8D%E0%A4%B5%E0%A4%AF%E0%A4%82%20%E0%A4%95%E0%A4%BE%20%3Cimg%20src%3D%22file%3A%2F%2F%2FC%3A%5CUsers%5Cintel%5CAppData%5CLocal%5CTemp%5Cmsohtmlclip1%5C01%5Cclip_image002.gif%22%20style%3D%22height%3A28px%3B%20width%3A5px%22%20%2F%3E%26nbsp%3B%E0%A4%B0%E0%A4%B9%20%E0%A4%9C%E0%A4%BE%E0%A4%A4%E0%A5%80%20%E0%A4%B9%E0%A5%88%E0%A5%A4%20%E0%A4%AA%E0%A4%B9%E0%A4%B2%E0%A5%80%20%E0%A4%94%E0%A4%B0%20%E0%A4%A6%E0%A5%82%E0%A4%B8%E0%A4%B0%E0%A5%80%20%E0%A4%B8%E0%A4%82%E0%A4%96%E0%A5%8D%E0%A4%AF%E0%A4%BE%20%E0%A4%95%E0%A5%87%20%E0%A4%AC%E0%A5%80%E0%A4%9A%20%E0%A4%95%E0%A4%BE%20%E0%A4%95%E0%A5%8D%E0%A4%B0%E0%A4%AE%E0%A4%B6%3A%20%E0%A4%85%E0%A4%A8%E0%A5%81%E0%A4%AA%E0%A4%BE%E0%A4%A4%20%E0%A4%95%E0%A5%8D%E0%A4%AF%E0%A4%BE%20%E0%A4%B9%E0%A5%88%E0%A4%82%E0%A5%A4%3C%2Fp%3E%0A','E'),
 (136,'%3Cp%3E180%20%E0%A4%AE%E0%A5%80%E0%A4%9F%E0%A4%B0%20%E0%A4%B2%E0%A4%AE%E0%A5%8D%E0%A4%AC%E0%A5%80%20%E0%A4%8F%E0%A4%95%20%E0%A4%9F%E0%A5%8D%E0%A4%B0%E0%A5%87%E0%A4%A8%20%E0%A4%B5%E0%A4%BF%E0%A4%AA%E0%A4%B0%E0%A5%80%E0%A4%A4%20%E0%A4%A6%E0%A4%BF%E0%A4%B6%E0%A4%BE%20%E0%A4%AE%E0%A5%87%20%E0%A4%9A%E0%A4%B2%20%E0%A4%B0%E0%A4%B9%E0%A5%80%20270%20%E0%A4%AE%E0%A5%80%E0%A4%9F%E0%A4%B0%20%E0%A4%B2%E0%A4%AE%E0%A5%8D%E0%A4%AC%E0%A5%80%20%E0%A4%A6%E0%A5%82%E0%A4%B8%E0%A4%B0%E0%A5%80%20%E0%A4%9F%E0%A5%8D%E0%A4%B0%E0%A5%87%E0%A4%A8%20%E0%A4%95%E0%A5%80%2010.8%20%E0%A4%B8%E0%A5%87%E0%A4%95%E0%A4%82%E0%A4%A1%20%E0%A4%AE%E0%A5%87%E0%A4%82%20%E0%A4%AA%E0%A4%BE%E0%A4%B0%20%E0%A4%95%E0%A4%B0%E0%A4%A4%E0%A5%80%20%E0%A4%B9%E0%A5%88%E0%A5%A4%20%E0%A4%AA%E0%A4%B9%E0%A4%B2%E0%A5%80%20%E0%A4%9F%E0%A5%8D%E0%A4%B0%E0%A5%87%E0%A4%A8%20%E0%A4%95%E0%A5%80%20%E0%A4%97%E0%A4%A4%E0%A4%BF%2060%20%E0%A4%95%E0%A4%BF%E0%A4%AE%E0%A5%80.%20%E0%A4%AA%E0%A5%8D%E0%A4%B0%E0%A4%A4%E0%A4%BF%20%E0%A4%98%E0%A4%82%E0%A4%9F%E0%A4%BE%20%E0%A4%B9%E0%A5%88%20%E0%A4%A4%E0%A5%8B%20%E0%A4%A6%E0%A5%82%E0%A4%B8%E0%A4%B0%E0%A5%80%20%E0%A4%9F%E0%A5%8D%E0%A4%B0%E0%A5%87%E0%A4%A8%20%E0%A4%95%E0%A5%80%20%E0%A4%97%E0%A4%A4%E0%A4%BF%20%E0%A4%95%E0%A4%BF%E0%A4%AE%E0%A5%80.%20%E0%A4%AA%E0%A5%8D%E0%A4%B0%E0%A4%A4%E0%A4%BF%20%E0%A4%98%E0%A4%82%E0%A4%9F%E0%A4%BE%20%E0%A4%95%E0%A4%BF%E0%A4%A4%E0%A4%A8%E0%A5%80%20%E0%A4%B9%E0%A5%88%3F%3C%2Fp%3E%0A','B'),
 (137,'%3Cp%3E%E0%A4%8F%E0%A4%95%20%E0%A4%B8%E0%A4%82%E0%A4%96%E0%A5%8D%E0%A4%AF%E0%A4%BE%20%E0%A4%95%E0%A5%87%201%2F5%26nbsp%3B%E0%A4%95%E0%A5%87%20%E0%A4%A4%E0%A5%80%E0%A4%A8%20%E0%A4%9A%E0%A5%88%E0%A4%A5%E0%A4%BE%E0%A4%88%20%E0%A4%95%E0%A4%BE%20%E0%A4%A6%E0%A5%8B%20%E0%A4%A4%E0%A4%BF%E0%A4%B9%E0%A4%BE%E0%A4%88%2015%20%E0%A4%B9%E0%A5%88%E0%A5%A4%20%E0%A4%87%E0%A4%B8%20%E0%A4%B8%E0%A4%82%E0%A4%96%E0%A5%8D%E0%A4%AF%E0%A4%BE%20%E0%A4%95%E0%A4%BE%2030%20%E0%A4%AA%E0%A5%8D%E0%A4%B0%E0%A4%A4%E0%A4%BF%E0%A4%B6%E0%A4%A4%20%E0%A4%95%E0%A5%8D%E0%A4%AF%E0%A4%BE%20%E0%A4%B9%E0%A5%88%3F%3C%2Fp%3E%0A','A'),
 (138,'%3Cp%3E%E0%A4%8F%E0%A4%95%20%E0%A4%B5%E0%A4%BF%E0%A4%A6%E0%A5%8D%E0%A4%AF%E0%A4%BE%E0%A4%B0%E0%A5%8D%E0%A4%A5%E0%A5%80%20%E0%A4%95%E0%A5%8B%20%E0%A4%AD%E0%A5%8C%E0%A4%A4%E0%A4%BF%E0%A4%95%E0%A5%80%2C%20%E0%A4%B0%E0%A4%B8%E0%A4%BE%E0%A4%AF%E0%A4%A8%20%E0%A4%94%E0%A4%B0%20%E0%A4%97%E0%A4%A3%E0%A4%BF%E0%A4%A4%20%E0%A4%AE%E0%A5%87%E0%A4%82%20%E0%A4%AE%E0%A4%BF%E0%A4%B2%E0%A5%87%20%E0%A4%95%E0%A5%81%E0%A4%B2%20%E0%A4%85%E0%A4%82%E0%A4%95%20%E0%A4%89%E0%A4%B8%E0%A5%87%20%E0%A4%B0%E0%A4%B8%E0%A4%BE%E0%A4%AF%E0%A4%A8%20%E0%A4%AE%E0%A5%87%20%E0%A4%AE%E0%A4%BF%E0%A4%B2%E0%A5%87%20%E0%A4%85%E0%A4%82%E0%A4%95%20%E0%A4%B8%E0%A5%87%20120%20%E0%A4%85%E0%A4%A7%E0%A4%BF%E0%A4%95%20%E0%A4%B9%E0%A5%88%E0%A4%82%E0%A5%A4%20%E0%A4%AD%E0%A5%8C%E0%A4%A4%E0%A4%BF%E0%A4%95%E0%A5%80%20%E0%A4%94%E0%A4%B0%20%E0%A4%97%E0%A4%A3%E0%A4%BF%E0%A4%A4%20%E0%A4%AE%E0%A5%87%E0%A4%82%20%E0%A4%AE%E0%A4%BF%E0%A4%B2%E0%A4%BE%E0%A4%95%E0%A4%B0%20%E0%A4%89%E0%A4%B8%E0%A5%87%20%E0%A4%AE%E0%A4%BF%E0%A4%B2%E0%A5%87%20%E0%A4%94%E0%A4%B8%E0%A4%A4%20%E0%A4%AE%E0%A4%BF%E0%A4%B2%E0%A5%87%20%E0%A4%94%E0%A4%B8%E0%A4%A4%20%E0%A4%85%E0%A4%82%E0%A4%95%20%E0%A4%95%E0%A4%BF%E0%A4%A4%E0%A4%A8%E0%A5%87%20%E0%A4%B9%E0%A5%88%E0%A4%82%3F%3C%2Fp%3E%0A','A'),
 (139,'%3Cp%3E%E0%A4%85%E0%A4%B0%E0%A5%82%E0%A4%A3%20%E0%A4%A8%E0%A5%87%20%E0%A4%9A%E0%A4%BE%E0%A4%B0%20%E0%A4%B5%E0%A4%B0%E0%A5%8D%E0%A4%B7%20%E0%A4%95%E0%A5%80%20%E0%A4%85%E0%A4%B5%E0%A4%A7%E0%A4%BF%20%E0%A4%95%E0%A5%87%20%E0%A4%B2%E0%A4%BF%E0%A4%8F%20%E0%A4%A7%E0%A4%A8%20%E0%A4%95%E0%A5%80%20%E0%A4%8F%E0%A4%95%20%E0%A4%B0%E0%A4%BE%E0%A4%B6%E0%A4%BF%20%E0%A4%95%E0%A4%BE%20%E0%A4%B8%E0%A4%BE%E0%A4%A7%E0%A4%BE%E0%A4%B0%E0%A4%A3%20%E0%A4%AC%E0%A5%8D%E0%A4%AF%E0%A4%BE%E0%A4%9C%20%E0%A4%95%E0%A5%80%20%E0%A4%8F%E0%A4%95%20%E0%A4%A6%E0%A4%B0%20%E0%A4%AA%E0%A4%B0%20%E0%A4%A8%E0%A4%BF%E0%A4%B5%E0%A5%87%E0%A4%B6%20%E0%A4%95%E0%A4%BF%E0%A4%AF%E0%A4%BE%E0%A5%A4%20%E0%A4%AF%E0%A4%A6%E0%A4%BF%20%E0%A4%89%E0%A4%B8%E0%A4%A8%E0%A5%87%20%E0%A4%87%E0%A4%B8%E0%A5%80%20%E0%A4%B0%E0%A4%BE%E0%A4%B6%E0%A4%BF%20%E0%A4%95%E0%A4%BE%20%E0%A4%9B%E0%A4%B9%20%E0%A4%B5%E0%A4%B0%E0%A5%8D%E0%A4%B7%20%E0%A4%95%E0%A5%80%20%E0%A4%85%E0%A4%B5%E0%A4%A7%E0%A4%BF%20%E0%A4%95%E0%A5%87%20%E0%A4%B2%E0%A4%BF%E0%A4%8F%20%E0%A4%A8%E0%A4%BF%E0%A4%B5%E0%A5%87%E0%A4%B6%20%E0%A4%95%E0%A4%BF%E0%A4%AF%E0%A4%BE%20%E0%A4%B9%E0%A5%8B%E0%A4%A4%E0%A4%BE%20%E0%A4%A4%E0%A5%8B%20%E0%A4%89%E0%A4%B8%E0%A4%95%E0%A5%87%20%E0%A4%A6%E0%A5%8D%E0%A4%A7%E0%A4%BE%E0%A4%B0%E0%A4%BE%20%E0%A4%85%E0%A4%B0%E0%A5%8D%E0%A4%9C%E0%A4%BF%E0%A4%A4%20%E0%A4%AC%E0%A5%8D%E0%A4%AF%E0%A4%BE%E0%A4%9C%20%E0%A4%95%E0%A5%80%20%E0%A4%95%E0%A5%81%E0%A4%B2%20%E0%A4%B0%E0%A4%BE%E0%A4%B6%E0%A4%BF%20%E0%A4%AA%E0%A4%B9%E0%A4%B2%E0%A5%87%20%E0%A4%85%E0%A4%B0%E0%A5%8D%E0%A4%9C%E0%A4%BF%E0%A4%A4%20%E0%A4%AC%E0%A5%8D%E0%A4%AF%E0%A4%BE%E0%A4%9C%20%E0%A4%95%E0%A5%80%20%E0%A4%B0%E0%A4%BE%E0%A4%B6%E0%A4%BF%20%E0%A4%B8%E0%A5%87%20%E0%A4%AA%E0%A4%9A%E0%A4%BE%E0%A4%B8%20%E0%A4%AA%E0%A5%8D%E0%A4%B0%E0%A4%A4%E0%A4%BF%E0%A4%B6%E0%A4%A4%20%E0%A4%85%E0%A4%A7%E0%A4%BF%E0%A4%95%20%E0%A4%B9%E0%A5%8B%E0%A4%A4%E0%A5%80%E0%A5%A4%20%E0%A4%AA%E0%A5%8D%E0%A4%B0%E0%A4%A4%E0%A4%BF%E0%A4%B6%E0%A4%A4%20%E0%A4%AA%E0%A5%8D%E0%A4%B0%E0%A4%A4%E0%A4%BF%20%E0%A4%B5%E0%A4%B0%E0%A5%8D%E0%A4%B7%20%E0%A4%AC%E0%A5%8D%E0%A4%AF%E0%A4%BE%E0%A4%9C%20%E0%A4%95%E0%A5%80%20%E0%A4%A6%E0%A4%B0%20%E0%A4%95%E0%A5%8D%E0%A4%AF%E0%A4%BE%20%E0%A4%A5%E0%A5%80%3F%3C%2Fp%3E%0A','D'),
 (140,'%3Cp%3E%E0%A4%B6%E0%A4%AC%E0%A5%8D%E0%A4%A6%20ATTEND%20%E0%A4%95%E0%A5%87%20%E0%A4%85%E0%A4%95%E0%A5%8D%E0%A4%B7%E0%A4%B0%E0%A5%8B%E0%A4%82%20%E0%A4%95%E0%A5%8B%20%E0%A4%85%E0%A4%B2%E0%A4%97%20%E0%A4%85%E0%A4%B2%E0%A4%97%20%E0%A4%95%E0%A4%BF%E0%A4%A4%E0%A4%A8%E0%A5%80%20%E0%A4%A4%E0%A4%B0%E0%A4%B9%20%E0%A4%B8%E0%A5%87%20%E0%A4%95%E0%A5%8D%E0%A4%B0%E0%A4%AE%E0%A4%AC%E0%A4%A6%E0%A5%8D%E0%A4%A7%20%E0%A4%95%E0%A4%BF%E0%A4%AF%E0%A4%BE%20%E0%A4%9C%E0%A4%BE%20%E0%A4%B8%E0%A4%95%E0%A4%A4%E0%A4%BE%20%E0%A4%B9%E0%A5%88%3F%3C%2Fp%3E%0A','E');
INSERT INTO `question_bank` (`question_bank_id`,`question`,`answer`) VALUES 
 (141,'%3Cp%3E%E0%A4%8F%E0%A4%95%20%E0%A4%A6%E0%A5%81%E0%A4%95%E0%A4%BE%E0%A4%A8%E0%A4%A6%E0%A4%BE%E0%A4%B0%20%E0%A4%A8%E0%A5%87%2045%20%E0%A4%B0%E0%A5%82%E0%A4%AA%E0%A4%8F%20%E0%A4%AA%E0%A5%8D%E0%A4%B0%E0%A4%A4%E0%A4%BF%20%E0%A4%95%E0%A4%BF%E0%A4%97%E0%A4%BE.%20%E0%A4%95%E0%A5%80%20%E0%A4%A6%E0%A4%B0%20%E0%A4%B8%E0%A5%87%2030%20%E0%A4%95%E0%A4%BF%E0%A4%97%E0%A4%BE.%20%E0%A4%97%E0%A5%87%E0%A4%B9%E0%A5%82%E0%A4%82%20%E0%A4%96%E0%A4%B0%E0%A5%80%E0%A4%A6%E0%A4%BE%E0%A5%A4%20%E0%A4%95%E0%A5%81%E0%A4%B2%20%E0%A4%AE%E0%A4%BE%E0%A4%A4%E0%A5%8D%E0%A4%B0%E0%A4%BE%20%E0%A4%95%E0%A4%BE%2040%20%E0%A4%AA%E0%A5%8D%E0%A4%B0%E0%A4%A4%E0%A4%BF%E0%A4%B6%E0%A4%A4%20%E0%A4%89%E0%A4%B8%E0%A4%A8%E0%A5%87%2050%20%E0%A4%B0%E0%A5%82%E0%A4%AA%E0%A4%AF%E0%A5%87%20%E0%A4%AA%E0%A5%8D%E0%A4%B0%E0%A4%A4%E0%A4%BF%20%E0%A4%95%E0%A4%BF%E0%A4%97%E0%A4%BE.%20%E0%A4%95%E0%A5%80%20%E0%A4%A6%E0%A4%B0%20%E0%A4%B8%E0%A5%87%20%E0%A4%AC%E0%A5%87%E0%A4%9A%E0%A4%BE%E0%A5%A4%20%E0%A4%95%E0%A5%81%E0%A4%B2%2025%20%E0%A4%AA%E0%A5%8D%E0%A4%B0%E0%A4%A4%E0%A4%BF%E0%A4%B6%E0%A4%A4%20%E0%A4%B2%E0%A4%BE%E0%A4%AD%20%E0%A4%AA%E0%A4%BE%E0%A4%A8%E0%A5%87%20%E0%A4%95%E0%A5%87%20%E0%A4%B2%E0%A4%BF%E0%A4%8F%20%E0%A4%89%E0%A4%B8%E0%A5%87%20%E0%A4%B6%E0%A5%87%E0%A4%B7%20%E0%A4%AE%E0%A4%BE%E0%A4%A4%E0%A5%8D%E0%A4%B0%E0%A4%BE%20%E0%A4%AA%E0%A5%8D%E0%A4%B0%E0%A4%A4%E0%A4%BF%20%E0%A4%95%E0%A4%BF%E0%A4%97%E0%A4%BE.%20%E0%A4%B2%E0%A4%97%E0%A4%AD%E0%A4%97%20%E0%A4%95%E0%A4%BF%E0%A4%B8%20%E0%A4%95%E0%A5%80%E0%A4%AE%E0%A4%A4%20%E0%A4%AA%E0%A4%B0%20%E0%A4%AC%E0%A5%87%E0%A4%9A%E0%A4%A8%E0%A5%80%20%E0%A4%9A%E0%A4%BE%E0%A4%B9%E0%A4%BF%E0%A4%8F%3F%3C%2Fp%3E%0A','D'),
 (142,'%3Cp%3E%E0%A4%A8%E0%A4%BF%E0%A4%AE%E0%A5%8D%E0%A4%A8%E0%A4%B2%E0%A4%BF%E0%A4%96%E0%A4%BF%E0%A4%A4%20%E0%A4%AE%E0%A5%87%E0%A4%82%20%E0%A4%B8%E0%A5%87%20%E0%A4%95%E0%A4%BF%E0%A4%B8%20%E0%A4%AD%E0%A4%BF%E0%A4%A8%E0%A5%8D%E0%A4%A8%20%E0%A4%95%E0%A4%BE%20%E0%A4%AE%E0%A5%82%E0%A4%B2%E0%A5%8D%E0%A4%AF%20%E0%A4%AC%E0%A5%80%E0%A4%B8%20%E0%A4%AA%E0%A5%8D%E0%A4%B0%E0%A4%A4%E0%A4%BF%E0%A4%B6%E0%A4%A4%20%E0%A4%B8%E0%A5%87%20%E0%A4%95%E0%A4%AE%20%E0%A4%B9%E0%A5%88%3F%3C%2Fp%3E%0A','E'),
 (143,'%3Cp%3E%E0%A4%8F%E0%A4%95%20%E0%A4%AA%E0%A4%BF%E0%A4%A4%E0%A4%BE%20%E0%A4%94%E0%A4%B0%20%E0%A4%AA%E0%A5%81%E0%A4%A4%E0%A5%8D%E0%A4%B0%20%E0%A4%95%E0%A5%80%20%E0%A4%B5%E0%A4%B0%E0%A5%8D%E0%A4%A4%E0%A4%AE%E0%A4%BE%E0%A4%A8%20%E0%A4%86%E0%A4%AF%E0%A5%81%20%E0%A4%95%E0%A4%BE%20%E0%A4%85%E0%A4%A8%E0%A5%81%E0%A4%AA%E0%A4%BE%E0%A4%A4%20%E0%A4%95%E0%A5%8D%E0%A4%B0%E0%A4%AE%E0%A4%B6%3A%205%3A%202%20%E0%A4%B9%E0%A5%88%E0%A5%A4%20%E0%A4%85%E0%A4%AC%20%E0%A4%B8%E0%A5%87%20%E0%A4%9A%E0%A4%BE%E0%A4%B0%20%E0%A4%B5%E0%A4%B0%E0%A5%8D%E0%A4%B7%20%E0%A4%AC%E0%A4%BE%E0%A4%A6%20%E0%A4%AA%E0%A5%81%E0%A4%A4%E0%A5%8D%E0%A4%B0%20%E0%A4%94%E0%A4%B0%20%E0%A4%AE%E0%A4%BE%E0%A4%A4%E0%A4%BE%20%E0%A4%95%E0%A5%80%20%E0%A4%86%E0%A4%AF%E0%A5%81%20%E0%A4%95%E0%A5%8D%E0%A4%B0%E0%A4%AE%E0%A4%B6%3A%20%E0%A4%85%E0%A4%A8%E0%A5%81%E0%A4%BE%E0%A4%AA%E0%A4%A4%201%3A%202%20%E0%A4%B9%E0%A5%8B%E0%A4%97%E0%A4%BE%E0%A5%A4%20%E0%A4%AA%E0%A4%BF%E0%A4%A4%E0%A4%BE%20%E0%A4%94%E0%A4%B0%20%E0%A4%AE%E0%A4%BE%E0%A4%A4%E0%A4%BE%20%E0%A4%95%E0%A5%80%20%E0%A4%B5%E0%A4%B0%E0%A5%8D%E0%A4%A4%E0%A4%AE%E0%A4%BE%E0%A4%A8%20%E0%A4%86%E0%A4%AF%E0%A5%81%20%E0%A4%95%E0%A4%BE%20%E0%A4%95%E0%A5%8D%E0%A4%B0%E0%A4%AE%E0%A4%B6%3A%20%E0%A4%85%E0%A4%A8%E0%A5%81%E0%A4%AA%E0%A4%BE%E0%A4%A4%20%E0%A4%95%E0%A5%8D%E0%A4%AF%E0%A4%BE%20%E0%A4%B9%E0%A5%88%3F%3C%2Fp%3E%0A','D'),
 (144,'%3Cp%3E%E0%A4%A7%E0%A4%A8%20%E0%A4%95%E0%A5%80%20%E0%A4%8F%E0%A4%95%20%E0%A4%B0%E0%A4%BE%E0%A4%B6%E0%A4%BF%20P%2C%20Q%20%E0%A4%94%E0%A4%B0%20R%20%E0%A4%95%E0%A5%87%20%E0%A4%AC%E0%A5%80%E0%A4%9A%20%E0%A4%95%E0%A5%8D%E0%A4%B0%E0%A4%AE%E0%A4%B6%3A%203%20%3A%205%20%3A%207%20%E0%A4%95%E0%A5%87%20%E0%A4%85%E0%A4%A8%E0%A5%81%E0%A4%AA%E0%A4%BE%E0%A4%A4%20%E0%A4%AE%E0%A5%87%20%E0%A4%AC%E0%A4%BE%E0%A4%82%E0%A4%9F%E0%A5%80%20%E0%A4%9C%E0%A4%BE%E0%A4%A8%E0%A5%80%20%E0%A4%B9%E0%A5%88%E0%A5%A4%20R%20%E0%A4%95%E0%A5%8B%20Q%20%E0%A4%B8%E0%A5%87%204%2C000%20%E0%A4%B0%E0%A5%82%E0%A4%AA%E0%A4%8F%20%E0%A4%85%E0%A4%A7%E0%A4%BF%E0%A4%95%20%E0%A4%AE%E0%A4%BF%E0%A4%B2%E0%A5%87%20%E0%A4%B9%E0%A5%88%E0%A4%82%20%E0%A4%A4%E0%A5%8B%20P%20%E0%A4%94%E0%A4%B0%20Q%20%E0%A4%A6%E0%A5%8B%E0%A4%82%E0%A4%A8%E0%A5%8B%20%E0%A4%95%E0%A5%8B%20%E0%A4%AE%E0%A4%BF%E0%A4%B2%E0%A4%BE%E0%A4%95%E0%A4%B0%20%E0%A4%95%E0%A5%81%E0%A4%B2%20%E0%A4%95%E0%A4%BF%E0%A4%A4%E0%A4%A8%E0%A5%80%20%E0%A4%B0%E0%A4%BE%E0%A4%B6%E0%A4%BF%20%E0%A4%AE%E0%A4%BF%E0%A4%B2%E0%A5%87%E0%A4%97%E0%A5%80%3F%3C%2Fp%3E%0A','C');
/*!40000 ALTER TABLE `question_bank` ENABLE KEYS */;


--
-- Definition of table `question_counter`
--

DROP TABLE IF EXISTS `question_counter`;
CREATE TABLE `question_counter` (
  `question_id` varchar(45) default NULL,
  `counter` varchar(45) default NULL
) ENGINE=InnoDB DEFAULT CHARSET=latin1;

--
-- Dumping data for table `question_counter`
--

/*!40000 ALTER TABLE `question_counter` DISABLE KEYS */;
/*!40000 ALTER TABLE `question_counter` ENABLE KEYS */;


--
-- Definition of table `question_details`
--

DROP TABLE IF EXISTS `question_details`;
CREATE TABLE `question_details` (
  `question_id` int(10) unsigned NOT NULL default '0',
  `topic_id` varchar(45) default NULL,
  `section_id` varchar(45) default NULL,
  `category_id` varchar(45) default NULL,
  `subcategory_id` varchar(45) default NULL,
  `discription_id` varchar(45) default NULL,
  PRIMARY KEY  (`question_id`)
) ENGINE=InnoDB DEFAULT CHARSET=latin1;

--
-- Dumping data for table `question_details`
--

/*!40000 ALTER TABLE `question_details` DISABLE KEYS */;
INSERT INTO `question_details` (`question_id`,`topic_id`,`section_id`,`category_id`,`subcategory_id`,`discription_id`) VALUES 
 (1,'40','3','3','6',''),
 (2,'2','2','3','6','1'),
 (3,'2','2','3','6','1'),
 (4,'2','2','3','6','1'),
 (5,'2','2','3','6','1'),
 (6,'2','2','3','6','1'),
 (7,'2','2','3','6','1'),
 (8,'2','2','3','6','1'),
 (9,'2','2','3','6','1'),
 (10,'2','2','3','6','1'),
 (11,'2','2','3','6','1'),
 (12,'49','3','3','6',''),
 (13,'1','1','3','6',''),
 (14,'1','1','3','6',''),
 (15,'1','1','3','6',''),
 (16,'1','1','3','6',''),
 (17,'1','1','3','6',''),
 (18,'1','1','3','6',''),
 (19,'1','1','3','6',''),
 (20,'1','1','3','6',''),
 (21,'1','1','3','6',''),
 (22,'1','1','3','6',''),
 (23,'1','1','3','6','2'),
 (24,'1','1','3','6','2'),
 (25,'1','1','3','6','2'),
 (26,'1','1','3','6','2'),
 (27,'1','1','3','6','2'),
 (28,'1','1','3','6','3'),
 (29,'1','1','3','6','3'),
 (30,'1','1','3','6','3'),
 (31,'1','1','3','6','3'),
 (32,'1','1','3','6','3'),
 (33,'1','1','3','6','4'),
 (34,'1','1','3','6','4'),
 (35,'1','1','3','6','4'),
 (36,'1','1','3','6','4'),
 (37,'1','1','3','6','4'),
 (38,'1','1','3','6','5'),
 (39,'1','1','3','6','5'),
 (40,'1','1','3','6','5'),
 (41,'1','1','3','6','5'),
 (42,'1','1','3','6','5'),
 (43,'1','1','3','6','6'),
 (44,'1','1','3','6','6'),
 (45,'1','1','3','6','6'),
 (46,'1','1','3','6','6'),
 (47,'1','1','3','6','6'),
 (48,'1','1','3','6','7'),
 (49,'1','1','3','6','7'),
 (50,'1','1','3','6','7'),
 (51,'1','1','3','6','7'),
 (52,'1','1','3','6','7'),
 (53,'3','3','3','6','8'),
 (54,'3','3','3','6','8'),
 (55,'3','3','3','6','8'),
 (56,'3','3','3','6','8'),
 (57,'3','3','3','6','8'),
 (58,'1','1','3','6','9'),
 (59,'1','1','3','6','9'),
 (60,'1','1','3','6','9'),
 (61,'1','1','3','6','9'),
 (62,'1','1','3','6','9'),
 (63,'1','1','3','6',''),
 (64,'1','1','3','6',''),
 (65,'1','1','3','6',''),
 (66,'1','1','3','6',''),
 (67,'1','1','3','6',''),
 (68,'1','1','3','6',''),
 (69,'1','1','3','6',''),
 (70,'1','1','3','6',''),
 (71,'1','1','3','6',''),
 (72,'1','1','3','6','');
/*!40000 ALTER TABLE `question_details` ENABLE KEYS */;


--
-- Definition of table `question_img`
--

DROP TABLE IF EXISTS `question_img`;
CREATE TABLE `question_img` (
  `question_img_id` int(10) unsigned NOT NULL auto_increment,
  `question_id` varchar(45) default NULL,
  `img_path` varchar(45) default NULL,
  PRIMARY KEY  (`question_img_id`)
) ENGINE=InnoDB DEFAULT CHARSET=latin1;

--
-- Dumping data for table `question_img`
--

/*!40000 ALTER TABLE `question_img` DISABLE KEYS */;
/*!40000 ALTER TABLE `question_img` ENABLE KEYS */;


--
-- Definition of table `question_lang_details`
--

DROP TABLE IF EXISTS `question_lang_details`;
CREATE TABLE `question_lang_details` (
  `question_id` varchar(45) default NULL,
  `question_bank_id` varchar(45) default NULL,
  `language_id` varchar(45) default NULL
) ENGINE=InnoDB DEFAULT CHARSET=latin1;

--
-- Dumping data for table `question_lang_details`
--

/*!40000 ALTER TABLE `question_lang_details` DISABLE KEYS */;
INSERT INTO `question_lang_details` (`question_id`,`question_bank_id`,`language_id`) VALUES 
 ('1','1','1'),
 ('1','2','2'),
 ('2','3','1'),
 ('3','4','1'),
 ('4','5','1'),
 ('5','6','1'),
 ('6','7','1'),
 ('7','8','1'),
 ('8','9','1'),
 ('9','10','1'),
 ('10','11','1'),
 ('11','12','1'),
 ('2','13','2'),
 ('3','14','2'),
 ('4','15','2'),
 ('5','16','2'),
 ('6','17','2'),
 ('7','18','2'),
 ('8','19','2'),
 ('9','20','2'),
 ('10','21','2'),
 ('11','22','2'),
 ('12','23','1'),
 ('12','24','2'),
 ('17','25','1'),
 ('16','26','1'),
 ('19','27','1'),
 ('18','28','1'),
 ('21','29','1'),
 ('20','30','1'),
 ('22','31','1'),
 ('13','32','1'),
 ('14','33','1'),
 ('15','34','1'),
 ('17','35','2'),
 ('16','36','2'),
 ('19','37','2'),
 ('18','38','2'),
 ('21','39','2'),
 ('20','40','2'),
 ('22','41','2'),
 ('13','42','2'),
 ('14','43','2'),
 ('15','44','2'),
 ('23','45','1'),
 ('25','46','1'),
 ('24','47','1'),
 ('27','48','1'),
 ('26','49','1'),
 ('23','50','2'),
 ('25','51','2'),
 ('24','52','2'),
 ('27','53','2'),
 ('26','54','2'),
 ('32','55','1'),
 ('29','56','1'),
 ('28','57','1'),
 ('31','58','1'),
 ('30','59','1'),
 ('32','60','2'),
 ('29','61','2'),
 ('28','62','2'),
 ('31','63','2'),
 ('30','64','2'),
 ('34','65','1'),
 ('35','66','1'),
 ('33','67','1'),
 ('36','68','1'),
 ('37','69','1'),
 ('34','70','2'),
 ('35','71','2'),
 ('33','72','2'),
 ('36','73','2'),
 ('37','74','2'),
 ('38','75','1'),
 ('39','76','1'),
 ('42','77','1'),
 ('40','78','1'),
 ('41','79','1'),
 ('38','80','2'),
 ('39','81','2'),
 ('42','82','2'),
 ('40','83','2'),
 ('41','84','2'),
 ('43','85','1'),
 ('46','86','1'),
 ('47','87','1'),
 ('44','88','1'),
 ('45','89','1'),
 ('43','90','2'),
 ('46','91','2'),
 ('47','92','2'),
 ('44','93','2'),
 ('45','94','2'),
 ('51','95','1'),
 ('50','96','1'),
 ('49','97','1'),
 ('48','98','1'),
 ('52','99','1'),
 ('51','100','2'),
 ('50','101','2'),
 ('49','102','2'),
 ('48','103','2'),
 ('52','104','2'),
 ('55','105','1'),
 ('54','106','1'),
 ('53','107','1'),
 ('57','108','1'),
 ('56','109','1'),
 ('55','110','2'),
 ('54','111','2'),
 ('53','112','2'),
 ('57','113','2'),
 ('56','114','2'),
 ('59','115','1'),
 ('58','116','1'),
 ('62','117','1'),
 ('61','118','1'),
 ('60','119','1'),
 ('59','120','2'),
 ('58','121','2'),
 ('62','122','2'),
 ('61','123','2'),
 ('60','124','2'),
 ('68','125','1'),
 ('69','126','1'),
 ('70','127','1'),
 ('71','128','1'),
 ('64','129','1'),
 ('65','130','1'),
 ('66','131','1'),
 ('67','132','1'),
 ('72','133','1'),
 ('63','134','1'),
 ('68','135','2'),
 ('69','136','2'),
 ('70','137','2'),
 ('71','138','2'),
 ('64','139','2'),
 ('65','140','2'),
 ('66','141','2'),
 ('67','142','2'),
 ('72','143','2'),
 ('63','144','2');
/*!40000 ALTER TABLE `question_lang_details` ENABLE KEYS */;


--
-- Definition of table `section_details`
--

DROP TABLE IF EXISTS `section_details`;
CREATE TABLE `section_details` (
  `section_id` int(10) unsigned NOT NULL auto_increment,
  `category_id` varchar(5) default NULL,
  `subcategory_id` varchar(5) default NULL,
  `section_name` varchar(45) default NULL,
  PRIMARY KEY  (`section_id`)
) ENGINE=InnoDB DEFAULT CHARSET=latin1;

--
-- Dumping data for table `section_details`
--

/*!40000 ALTER TABLE `section_details` DISABLE KEYS */;
INSERT INTO `section_details` (`section_id`,`category_id`,`subcategory_id`,`section_name`) VALUES 
 (1,'3','6','Maths'),
 (2,'3','6','English'),
 (3,'3','6','Reasoning'),
 (4,'3','6','General Knowledge'),
 (5,'3','6','General Awareness '),
 (6,'3','6','Computer  Awareness '),
 (7,'3','6','Data interpretation');
/*!40000 ALTER TABLE `section_details` ENABLE KEYS */;


--
-- Definition of table `software_address_details`
--

DROP TABLE IF EXISTS `software_address_details`;
CREATE TABLE `software_address_details` (
  `software_address_id` int(10) unsigned NOT NULL auto_increment,
  `software_id` varchar(45) default NULL,
  `address` varchar(200) default NULL,
  `street` varchar(200) default NULL,
  `pincode` varchar(10) default NULL,
  `city` varchar(45) default NULL,
  `state` varchar(45) default NULL,
  `country` varchar(45) default NULL,
  PRIMARY KEY  (`software_address_id`)
) ENGINE=InnoDB DEFAULT CHARSET=latin1;

--
-- Dumping data for table `software_address_details`
--

/*!40000 ALTER TABLE `software_address_details` DISABLE KEYS */;
/*!40000 ALTER TABLE `software_address_details` ENABLE KEYS */;


--
-- Definition of table `software_basic_cofiguration`
--

DROP TABLE IF EXISTS `software_basic_cofiguration`;
CREATE TABLE `software_basic_cofiguration` (
  `software_basic_cofiguration_id` int(10) unsigned NOT NULL auto_increment,
  `status` varchar(200) default NULL,
  `software_id` varchar(200) default NULL,
  PRIMARY KEY  (`software_basic_cofiguration_id`)
) ENGINE=InnoDB DEFAULT CHARSET=latin1;

--
-- Dumping data for table `software_basic_cofiguration`
--

/*!40000 ALTER TABLE `software_basic_cofiguration` DISABLE KEYS */;
/*!40000 ALTER TABLE `software_basic_cofiguration` ENABLE KEYS */;


--
-- Definition of table `software_contact_details`
--

DROP TABLE IF EXISTS `software_contact_details`;
CREATE TABLE `software_contact_details` (
  `software_contact_details_id` int(10) unsigned NOT NULL auto_increment,
  `software_id` varchar(200) default NULL,
  `contact_no` varchar(200) default NULL,
  `email` varchar(200) default NULL,
  `website` varchar(200) default NULL,
  PRIMARY KEY  (`software_contact_details_id`)
) ENGINE=InnoDB DEFAULT CHARSET=latin1;

--
-- Dumping data for table `software_contact_details`
--

/*!40000 ALTER TABLE `software_contact_details` DISABLE KEYS */;
INSERT INTO `software_contact_details` (`software_contact_details_id`,`software_id`,`contact_no`,`email`,`website`) VALUES 
 (1,'1','8817919016','spycis@gmail.com',NULL),
 (2,'1','8817919016','spycis@gmail.com',NULL);
/*!40000 ALTER TABLE `software_contact_details` ENABLE KEYS */;


--
-- Definition of table `software_cover_pic_details`
--

DROP TABLE IF EXISTS `software_cover_pic_details`;
CREATE TABLE `software_cover_pic_details` (
  `software_cover_pic_details_id` int(10) unsigned NOT NULL auto_increment,
  `software_id` varchar(45) default NULL,
  `cover_pic` varchar(1000) default NULL,
  `date` varchar(45) default NULL,
  PRIMARY KEY  (`software_cover_pic_details_id`)
) ENGINE=InnoDB DEFAULT CHARSET=latin1;

--
-- Dumping data for table `software_cover_pic_details`
--

/*!40000 ALTER TABLE `software_cover_pic_details` DISABLE KEYS */;
/*!40000 ALTER TABLE `software_cover_pic_details` ENABLE KEYS */;


--
-- Definition of table `software_details`
--

DROP TABLE IF EXISTS `software_details`;
CREATE TABLE `software_details` (
  `software_id` int(10) unsigned NOT NULL auto_increment,
  `user_id` varchar(45) default NULL,
  `software_name_id` varchar(45) default NULL,
  `orgenisation_name` varchar(200) default NULL,
  `tag_line` varchar(200) default NULL,
  `otp_authentication` varchar(45) default NULL,
  PRIMARY KEY  (`software_id`)
) ENGINE=InnoDB DEFAULT CHARSET=latin1;

--
-- Dumping data for table `software_details`
--

/*!40000 ALTER TABLE `software_details` DISABLE KEYS */;
INSERT INTO `software_details` (`software_id`,`user_id`,`software_name_id`,`orgenisation_name`,`tag_line`,`otp_authentication`) VALUES 
 (1,'58','1','Spycis',NULL,'false');
/*!40000 ALTER TABLE `software_details` ENABLE KEYS */;


--
-- Definition of table `software_profile_pic_details`
--

DROP TABLE IF EXISTS `software_profile_pic_details`;
CREATE TABLE `software_profile_pic_details` (
  `software_profile_pic_details_id` int(10) unsigned NOT NULL auto_increment,
  `software_id` varchar(200) default NULL,
  `pic` varchar(200) default NULL,
  `date` varchar(200) default NULL,
  PRIMARY KEY  (`software_profile_pic_details_id`)
) ENGINE=InnoDB DEFAULT CHARSET=latin1;

--
-- Dumping data for table `software_profile_pic_details`
--

/*!40000 ALTER TABLE `software_profile_pic_details` DISABLE KEYS */;
/*!40000 ALTER TABLE `software_profile_pic_details` ENABLE KEYS */;


--
-- Definition of table `software_user_price`
--

DROP TABLE IF EXISTS `software_user_price`;
CREATE TABLE `software_user_price` (
  `software_user_price_id` int(10) unsigned NOT NULL auto_increment,
  `software_id` varchar(45) default NULL,
  `date` varchar(45) default NULL,
  PRIMARY KEY  (`software_user_price_id`)
) ENGINE=InnoDB DEFAULT CHARSET=latin1;

--
-- Dumping data for table `software_user_price`
--

/*!40000 ALTER TABLE `software_user_price` DISABLE KEYS */;
/*!40000 ALTER TABLE `software_user_price` ENABLE KEYS */;


--
-- Definition of table `software_user_privilegs`
--

DROP TABLE IF EXISTS `software_user_privilegs`;
CREATE TABLE `software_user_privilegs` (
  `software_user_privilegs_id` int(10) unsigned NOT NULL auto_increment,
  `software_id` varchar(45) default NULL,
  `user_id` varchar(45) default NULL,
  `date` varchar(45) default NULL,
  `status` varchar(45) default NULL,
  PRIMARY KEY  (`software_user_privilegs_id`)
) ENGINE=InnoDB DEFAULT CHARSET=latin1;

--
-- Dumping data for table `software_user_privilegs`
--

/*!40000 ALTER TABLE `software_user_privilegs` DISABLE KEYS */;
/*!40000 ALTER TABLE `software_user_privilegs` ENABLE KEYS */;


--
-- Definition of table `software_user_request`
--

DROP TABLE IF EXISTS `software_user_request`;
CREATE TABLE `software_user_request` (
  `software_user_request_id` int(10) unsigned NOT NULL auto_increment,
  `software_id` varchar(45) default NULL,
  `user_id` varchar(45) default NULL,
  `date` varchar(45) default NULL,
  `status` varchar(45) default NULL,
  PRIMARY KEY  (`software_user_request_id`)
) ENGINE=InnoDB DEFAULT CHARSET=latin1;

--
-- Dumping data for table `software_user_request`
--

/*!40000 ALTER TABLE `software_user_request` DISABLE KEYS */;
/*!40000 ALTER TABLE `software_user_request` ENABLE KEYS */;


--
-- Definition of table `subcategory_details`
--

DROP TABLE IF EXISTS `subcategory_details`;
CREATE TABLE `subcategory_details` (
  `subcategory_id` int(10) unsigned NOT NULL auto_increment,
  `category_id` varchar(45) default NULL,
  `subcategory_name` varchar(10000) default NULL,
  PRIMARY KEY  (`subcategory_id`)
) ENGINE=InnoDB DEFAULT CHARSET=latin1;

--
-- Dumping data for table `subcategory_details`
--

/*!40000 ALTER TABLE `subcategory_details` DISABLE KEYS */;
INSERT INTO `subcategory_details` (`subcategory_id`,`category_id`,`subcategory_name`) VALUES 
 (1,'1','SBI PO'),
 (2,'1','SBI CLERK'),
 (3,'1','SBI ASSOCIATES BANK '),
 (4,'2','Bank is Akshay'),
 (5,'2','Bank is N'),
 (6,'3','Bank Sector '),
 (7,'5','SUB GOV BANK ');
/*!40000 ALTER TABLE `subcategory_details` ENABLE KEYS */;


--
-- Definition of table `test_details`
--

DROP TABLE IF EXISTS `test_details`;
CREATE TABLE `test_details` (
  `test_id` int(10) unsigned NOT NULL auto_increment,
  `exam_phase_id` varchar(45) default NULL,
  `category_id` varchar(45) default NULL,
  `subcategory_id` varchar(45) default NULL,
  `time` varchar(45) default NULL,
  `cut_off` varchar(45) default NULL,
  `e_date` varchar(45) default NULL,
  `start_time` varchar(45) default NULL,
  `unique_test_key` varchar(45) default NULL,
  `test_name` varchar(45) default NULL,
  `meditory_test_id` varchar(45) default NULL,
  `visible` varchar(45) default NULL,
  `negative_ratio` varchar(45) default NULL,
  `type` varchar(45) default NULL,
  PRIMARY KEY  (`test_id`)
) ENGINE=InnoDB DEFAULT CHARSET=latin1;

--
-- Dumping data for table `test_details`
--

/*!40000 ALTER TABLE `test_details` DISABLE KEYS */;
INSERT INTO `test_details` (`test_id`,`exam_phase_id`,`category_id`,`subcategory_id`,`time`,`cut_off`,`e_date`,`start_time`,`unique_test_key`,`test_name`,`meditory_test_id`,`visible`,`negative_ratio`,`type`) VALUES 
 (1,'1','3','6','10','6','11-04-2017','15:15','1491903804072','ENGLISH','','false','1','demo'),
 (2,'1','3','6','5','6','11-04-2017','17:00','1491910062855','english','','false','0','original'),
 (3,'1','3','6','5','5','16-04-2017','17:10','1492342476081','english 2','','false','4','demo'),
 (4,'1','3','6','60','','01-08-2017','15:50','1501582108677','IPS PO ','','false','4','demo'),
 (5,'1','3','6','10','','30-11-2016','11:58','1502862183047','SBI 1','','false','4','demo'),
 (34,'1','3','6','100','','15-09-2016','09:19','1473767045674','klkk','','false','0','demo'),
 (35,'1','3','6','11','','14-09-2016','07:19','1473840907847','KLSLK','','false','0','demo'),
 (36,'1','3','6','100','','19-01-1999','07:09','1480578845510','AKAKK','','false','0','demo'),
 (37,'1','3','6','60','','01-03-2018','22:01','1519912603197','FINAL SBI','','false','5','demo'),
 (38,'1','3','6','60','','01-03-2018','22:01','1519912603197','FINAL SBI','','false','5','demo'),
 (39,'1','3','6','190','','02-03-2018','07:19','1520004687887','SBI TEST 1','','true','4','demo'),
 (40,'1','3','6','10','','13-03-2018','10:01','1520932144282','SBI 1','','true','4','demo'),
 (41,'2','3','6','20','','13-03-2018','10:10','1520947057573','BSI 1','','true','4','demo'),
 (42,'2','3','6','20','','13-03-2018','10:10','1520947057573','BSI 1','','true','4','demo'),
 (43,'1','3','6','20','','13-03-2018','10:10','1520947384258','BSI 11','','true','4','demo'),
 (44,'1','3','6','100','','18-04-2018','07:19','1524056582152','TEST SBI 1','','true','1','demo');
/*!40000 ALTER TABLE `test_details` ENABLE KEYS */;


--
-- Definition of table `test_question_details`
--

DROP TABLE IF EXISTS `test_question_details`;
CREATE TABLE `test_question_details` (
  `test_question_id` int(10) unsigned NOT NULL auto_increment,
  `test_id` varchar(45) default NULL,
  `question_id` varchar(45) default NULL,
  `marks` varchar(45) default NULL,
  `answer` varchar(45) default NULL,
  PRIMARY KEY  (`test_question_id`)
) ENGINE=InnoDB DEFAULT CHARSET=latin1;

--
-- Dumping data for table `test_question_details`
--

/*!40000 ALTER TABLE `test_question_details` DISABLE KEYS */;
INSERT INTO `test_question_details` (`test_question_id`,`test_id`,`question_id`,`marks`,`answer`) VALUES 
 (1,'1','1','1','C'),
 (2,'1','2','1','D'),
 (3,'1','3','1','C'),
 (4,'1','4','1','D'),
 (5,'1','5','1','A'),
 (6,'1','6','1','A'),
 (7,'1','7','1','C'),
 (8,'1','8','1','E'),
 (9,'1','9','1','E'),
 (10,'1','10','1','A'),
 (11,'1','11','1','E'),
 (12,'2','2','1','D'),
 (13,'2','3','1','C'),
 (14,'2','4','1','D'),
 (15,'2','5','1','A'),
 (16,'2','6','1','A'),
 (17,'2','7','1','C'),
 (18,'2','8','1','E'),
 (19,'2','9','1','E'),
 (20,'2','10','1','A'),
 (21,'2','11','1','E'),
 (22,'3','2','1','D'),
 (23,'3','3','1','C'),
 (24,'3','4','1','D'),
 (25,'3','5','1','A'),
 (26,'3','6','1','A'),
 (27,'3','7','1','C'),
 (28,'3','8','1','E'),
 (29,'3','9','1','E'),
 (30,'3','10','1','A'),
 (31,'3','11','1','E'),
 (32,'4','13','1','A'),
 (33,'4','14','1','C'),
 (34,'4','15','1','B'),
 (35,'4','16','1','A'),
 (36,'4','17','1','B'),
 (37,'4','18','1','E'),
 (38,'4','19','1','C'),
 (39,'4','20','1','D'),
 (40,'4','21','1','E'),
 (41,'4','23','1','A'),
 (42,'4','22','1','D'),
 (43,'4','24','1','B'),
 (44,'4','25','1','C'),
 (45,'4','26','1','D'),
 (46,'4','27','1','D'),
 (47,'4','28','1','E'),
 (48,'4','29','1','A'),
 (49,'4','30','1','C'),
 (50,'4','31','1','D'),
 (51,'4','32','1','B'),
 (52,'4','33','1','D'),
 (53,'4','35','1','C'),
 (54,'4','36','1','A'),
 (55,'4','37','1','B'),
 (56,'4','38','1','D'),
 (57,'4','39','1','E'),
 (58,'4','40','1','C'),
 (59,'4','41','1','C'),
 (60,'4','42','1','E'),
 (61,'4','43','1','D'),
 (62,'4','44','1','D'),
 (63,'4','45','1','D'),
 (64,'4','46','1','A'),
 (65,'4','47','1','D'),
 (66,'4','48','1','B'),
 (67,'4','49','1','C'),
 (68,'4','50','1','D'),
 (69,'4','51','1','A'),
 (70,'4','52','1','E'),
 (71,'4','58','1','C'),
 (72,'4','59','1','D'),
 (73,'4','60','1','E'),
 (74,'4','61','1','E'),
 (75,'4','62','1','D'),
 (76,'4','63','1','C'),
 (77,'4','64','1','D'),
 (78,'4','65','1','E'),
 (79,'4','66','1','D'),
 (80,'4','67','1','E'),
 (81,'4','68','1','E'),
 (82,'4','69','1','B'),
 (83,'4','70','1','A'),
 (84,'4','71','1','A'),
 (85,'4','72','1','D'),
 (86,'4','34','1','C'),
 (87,'4','53','1','E'),
 (88,'4','54','1','D'),
 (89,'4','55','1','B'),
 (90,'4','56','1','C'),
 (91,'4','57','1','A'),
 (92,'5','13','2','A'),
 (93,'5','15','2','B'),
 (94,'5','17','2','B'),
 (95,'5','19','2','C'),
 (96,'5','21','2','E'),
 (97,'5','20','2','D'),
 (98,'5','22','2','D'),
 (99,'5','16','2','A'),
 (100,'5','18','2','E'),
 (101,'5','14','2','C'),
 (102,'37','13','3','A'),
 (103,'37','14','3','C'),
 (104,'37','15','3','B'),
 (105,'37','16','3','A'),
 (106,'37','17','3','B'),
 (107,'37','18','3','E'),
 (108,'37','19','3','C'),
 (109,'37','20','3','D'),
 (110,'37','21','3','E'),
 (111,'37','22','3','D'),
 (112,'37','23','3','A'),
 (113,'37','24','3','B'),
 (114,'37','25','3','C'),
 (115,'37','26','3','D'),
 (116,'37','27','3','D'),
 (117,'37','28','3','E'),
 (118,'37','29','3','A'),
 (119,'37','30','3','C'),
 (120,'37','31','3','D'),
 (121,'37','32','3','B'),
 (122,'37','33','3','D'),
 (123,'37','34','3','C'),
 (124,'37','35','3','C'),
 (125,'37','36','3','A'),
 (126,'37','37','3','B'),
 (127,'37','38','3','D'),
 (128,'37','39','3','E'),
 (129,'37','40','3','C'),
 (130,'37','41','3','C'),
 (131,'37','42','3','E'),
 (132,'37','43','3','D'),
 (133,'37','44','3','D'),
 (134,'37','45','3','D'),
 (135,'37','46','3','A'),
 (136,'37','47','3','D'),
 (137,'37','48','3','B'),
 (138,'37','49','3','C'),
 (139,'37','50','3','D'),
 (140,'37','51','3','A'),
 (141,'37','52','3','E'),
 (142,'37','58','3','C'),
 (143,'37','59','3','D'),
 (144,'37','60','3','E'),
 (145,'37','61','3','E'),
 (146,'37','62','3','D'),
 (147,'37','63','3','C'),
 (148,'37','64','3','D'),
 (149,'37','65','3','E'),
 (150,'37','66','3','D'),
 (151,'37','67','3','E'),
 (152,'37','68','3','E'),
 (153,'37','69','3','B'),
 (154,'37','70','3','A'),
 (155,'37','71','3','A'),
 (156,'37','72','3','D'),
 (157,'38','13','3','A'),
 (158,'38','14','3','C'),
 (159,'38','15','3','B'),
 (160,'38','16','3','A'),
 (161,'38','17','3','B'),
 (162,'38','18','3','E'),
 (163,'38','19','3','C'),
 (164,'38','20','3','D'),
 (165,'38','21','3','E'),
 (166,'38','22','3','D'),
 (167,'38','23','3','A'),
 (168,'38','24','3','B'),
 (169,'38','25','3','C'),
 (170,'38','26','3','D'),
 (171,'38','27','3','D'),
 (172,'38','28','3','E'),
 (173,'38','29','3','A'),
 (174,'38','30','3','C'),
 (175,'38','31','3','D'),
 (176,'38','32','3','B'),
 (177,'38','33','3','D'),
 (178,'38','34','3','C'),
 (179,'38','35','3','C'),
 (180,'38','36','3','A'),
 (181,'38','37','3','B'),
 (182,'38','38','3','D'),
 (183,'38','39','3','E'),
 (184,'38','40','3','C'),
 (185,'38','41','3','C'),
 (186,'38','42','3','E'),
 (187,'38','43','3','D'),
 (188,'38','44','3','D'),
 (189,'38','45','3','D'),
 (190,'38','46','3','A'),
 (191,'38','47','3','D'),
 (192,'38','48','3','B'),
 (193,'38','49','3','C'),
 (194,'38','50','3','D'),
 (195,'38','51','3','A'),
 (196,'38','52','3','E'),
 (197,'38','58','3','C'),
 (198,'38','59','3','D'),
 (199,'38','60','3','E'),
 (200,'38','61','3','E'),
 (201,'38','62','3','D'),
 (202,'38','63','3','C'),
 (203,'38','64','3','D'),
 (204,'38','65','3','E'),
 (205,'38','66','3','D'),
 (206,'38','67','3','E'),
 (207,'38','68','3','E'),
 (208,'38','69','3','B'),
 (209,'38','70','3','A'),
 (210,'38','71','3','A'),
 (211,'38','72','3','D'),
 (212,'39','58','2','C'),
 (213,'39','59','2','D'),
 (214,'39','60','2','E'),
 (215,'39','61','2','E'),
 (216,'39','62','2','D'),
 (217,'39','23','2','A'),
 (218,'39','24','2','B'),
 (219,'39','25','2','C'),
 (220,'39','26','2','D'),
 (221,'39','27','2','D'),
 (222,'39','28','2','E'),
 (223,'39','29','2','A'),
 (224,'39','30','2','C'),
 (225,'39','31','2','D'),
 (226,'39','32','2','B'),
 (227,'39','33','2','D'),
 (228,'39','34','2','C'),
 (229,'39','35','2','C'),
 (230,'39','36','2','A'),
 (231,'39','37','2','B'),
 (232,'39','38','2','D'),
 (233,'39','39','2','E'),
 (234,'39','40','2','C'),
 (235,'39','41','2','C'),
 (236,'39','42','2','E'),
 (237,'39','43','2','D'),
 (238,'39','44','2','D'),
 (239,'39','45','2','D'),
 (240,'39','46','2','A'),
 (241,'39','47','2','D'),
 (242,'39','48','2','B'),
 (243,'39','49','2','C'),
 (244,'39','50','2','D'),
 (245,'39','51','2','A'),
 (246,'39','52','2','E'),
 (247,'39','63','2','C'),
 (248,'39','64','2','D'),
 (249,'39','65','2','E'),
 (250,'39','66','2','D'),
 (251,'39','67','2','E'),
 (252,'39','68','2','E'),
 (253,'39','69','2','B'),
 (254,'39','70','2','A'),
 (255,'39','71','2','A'),
 (256,'39','72','2','D'),
 (257,'39','13','2','A'),
 (258,'39','14','2','C'),
 (259,'39','15','2','B'),
 (260,'39','16','2','A'),
 (261,'39','17','2','B'),
 (262,'39','18','2','E'),
 (263,'39','19','2','C'),
 (264,'39','20','2','D'),
 (265,'39','21','2','E'),
 (266,'39','22','2','D'),
 (267,'40','13','2','A'),
 (268,'40','14','2','C'),
 (269,'40','15','2','B'),
 (270,'40','16','2','A'),
 (271,'40','17','2','B'),
 (272,'41','13','2','A'),
 (273,'41','14','2','C'),
 (274,'41','15','2','B'),
 (275,'41','16','2','A'),
 (276,'41','17','2','B'),
 (277,'41','18','2','E'),
 (278,'41','19','2','C'),
 (279,'41','29','2','A'),
 (280,'41','28','2','E'),
 (281,'41','30','2','C'),
 (282,'41','31','2','D'),
 (283,'41','32','2','B'),
 (284,'42','13','2','A'),
 (285,'42','14','2','C'),
 (286,'42','15','2','B'),
 (287,'42','16','2','A'),
 (288,'42','17','2','B'),
 (289,'42','18','2','E'),
 (290,'42','19','2','C'),
 (291,'42','29','2','A'),
 (292,'42','28','2','E'),
 (293,'42','30','2','C'),
 (294,'42','31','2','D'),
 (295,'42','32','2','B'),
 (296,'43','13','2','A'),
 (297,'43','14','2','C'),
 (298,'43','23','2','A'),
 (299,'43','24','2','B'),
 (300,'43','25','2','C'),
 (301,'43','15','2','B'),
 (302,'43','16','2','A'),
 (303,'43','17','2','B'),
 (304,'43','26','2','D'),
 (305,'43','27','2','D'),
 (306,'43','18','2','E'),
 (307,'43','19','2','C'),
 (308,'43','28','2','E'),
 (309,'43','29','2','A'),
 (310,'43','20','2','D'),
 (311,'43','21','2','E'),
 (312,'43','30','2','C'),
 (313,'43','31','2','D'),
 (314,'43','22','2','D'),
 (315,'43','32','2','B'),
 (316,'43','33','2','D'),
 (317,'43','34','2','C'),
 (318,'44','2','1','D'),
 (319,'44','3','2','C'),
 (320,'44','4','5','D'),
 (321,'44','7','5','C'),
 (322,'44','11','5','E'),
 (323,'44','13','5','A'),
 (324,'44','14','5','C'),
 (325,'44','15','5','B'),
 (326,'44','18','5','E'),
 (327,'44','19','5','C'),
 (328,'44','28','5','E'),
 (329,'44','30','5','C'),
 (330,'44','17','5','B'),
 (331,'44','40','5','C'),
 (332,'44','39','5','E'),
 (333,'44','45','5','D'),
 (334,'44','47','5','D'),
 (335,'44','61','5','E'),
 (336,'44','62','5','D'),
 (337,'44','69','5','B'),
 (338,'44','55','5','B'),
 (339,'44','54','5','D');
/*!40000 ALTER TABLE `test_question_details` ENABLE KEYS */;


--
-- Definition of table `test_section`
--

DROP TABLE IF EXISTS `test_section`;
CREATE TABLE `test_section` (
  `test_id` varchar(45) default NULL,
  `section_id` varchar(45) default NULL
) ENGINE=InnoDB DEFAULT CHARSET=latin1;

--
-- Dumping data for table `test_section`
--

/*!40000 ALTER TABLE `test_section` DISABLE KEYS */;
INSERT INTO `test_section` (`test_id`,`section_id`) VALUES 
 ('1','3'),
 ('1','2'),
 ('2','2'),
 ('3','2'),
 ('4','1'),
 ('4','3'),
 ('5','1'),
 ('34','3'),
 ('34','1'),
 ('34','2'),
 ('35','3'),
 ('35','2'),
 ('35','1'),
 ('36','2'),
 ('36','1'),
 ('34','3'),
 ('34','1'),
 ('34','2'),
 ('35','3'),
 ('35','2'),
 ('35','1'),
 ('36','2'),
 ('36','1'),
 ('34','3'),
 ('34','1'),
 ('34','2'),
 ('35','3'),
 ('35','2'),
 ('35','1'),
 ('36','2'),
 ('36','1'),
 ('34','3'),
 ('34','1'),
 ('34','2'),
 ('35','3'),
 ('35','2'),
 ('35','1'),
 ('36','2'),
 ('36','1'),
 ('37','1'),
 ('38','1'),
 ('39','1'),
 ('40','1'),
 ('41','1'),
 ('42','1'),
 ('43','1'),
 ('44','2'),
 ('44','1'),
 ('44','3');
/*!40000 ALTER TABLE `test_section` ENABLE KEYS */;


--
-- Definition of table `test_topic`
--

DROP TABLE IF EXISTS `test_topic`;
CREATE TABLE `test_topic` (
  `test_id` varchar(45) default NULL,
  `topic_id` varchar(45) default NULL
) ENGINE=InnoDB DEFAULT CHARSET=latin1;

--
-- Dumping data for table `test_topic`
--

/*!40000 ALTER TABLE `test_topic` DISABLE KEYS */;
INSERT INTO `test_topic` (`test_id`,`topic_id`) VALUES 
 ('1','40'),
 ('1','2'),
 ('2','2'),
 ('3','2'),
 ('4','3'),
 ('4','1'),
 ('5','1'),
 ('34','1'),
 ('34','2'),
 ('34','3'),
 ('35','1'),
 ('35','2'),
 ('35','3'),
 ('36','1'),
 ('36','2'),
 ('34','1'),
 ('34','2'),
 ('34','3'),
 ('35','1'),
 ('35','2'),
 ('35','3'),
 ('36','1'),
 ('36','2'),
 ('37','1'),
 ('38','1'),
 ('39','1'),
 ('40','1'),
 ('41','1'),
 ('42','1'),
 ('43','1'),
 ('44','1'),
 ('44','2'),
 ('44','3');
/*!40000 ALTER TABLE `test_topic` ENABLE KEYS */;


--
-- Definition of table `test_user_details`
--

DROP TABLE IF EXISTS `test_user_details`;
CREATE TABLE `test_user_details` (
  `user_id` varchar(45) default NULL,
  `test_id` varchar(45) default NULL
) ENGINE=InnoDB DEFAULT CHARSET=latin1;

--
-- Dumping data for table `test_user_details`
--

/*!40000 ALTER TABLE `test_user_details` DISABLE KEYS */;
/*!40000 ALTER TABLE `test_user_details` ENABLE KEYS */;


--
-- Definition of table `topic_details`
--

DROP TABLE IF EXISTS `topic_details`;
CREATE TABLE `topic_details` (
  `topic_id` int(10) unsigned NOT NULL auto_increment,
  `section_id` varchar(5) default NULL,
  `category_id` varchar(5) default NULL,
  `subcategory_id` varchar(5) default NULL,
  `topic_name` varchar(45) default NULL,
  PRIMARY KEY  (`topic_id`)
) ENGINE=InnoDB DEFAULT CHARSET=latin1;

--
-- Dumping data for table `topic_details`
--

/*!40000 ALTER TABLE `topic_details` DISABLE KEYS */;
INSERT INTO `topic_details` (`topic_id`,`section_id`,`category_id`,`subcategory_id`,`topic_name`) VALUES 
 (1,'1','3','6','Numbers'),
 (2,'2','3','6','Reading Comprihension'),
 (3,'3','3','6','Series Completion'),
 (4,'1','3','6','H.C.F & L.C.M of Numbers'),
 (5,'1','3','6','Decimal Fractions'),
 (6,'1','3','6','Simplification'),
 (7,'1','3','6','Square Roots & Cube Roots'),
 (8,'1','3','6','Average '),
 (9,'1','3','6','Problems on Numbers'),
 (10,'1','3','6','Problems of Ages'),
 (11,'1','3','6','Surds & Indices '),
 (12,'1','3','6','Percentage'),
 (13,'1','3','6','Profit & Loss'),
 (14,'1','3','6','Ratio & Proportion'),
 (15,'1','3','6','Partnership'),
 (16,'1','3','6','Chain Rule'),
 (17,'1','3','6','Time & Work'),
 (18,'1','3','6','Pipes & Cisterns'),
 (19,'1','3','6','Time & Distance '),
 (20,'1','3','6','Problems on Trains'),
 (21,'1','3','6','Boat & Streams'),
 (22,'1','3','6','Alligation or Mixture '),
 (23,'1','3','6','Simple Interest'),
 (24,'1','3','6','Compound Interest'),
 (25,'1','3','6','Logarithms'),
 (26,'1','3','6','Area'),
 (27,'1','3','6','Volume & Surface Areas'),
 (28,'1','3','6','Races & Games of Skill'),
 (29,'1','3','6','Calender'),
 (30,'1','3','6','Clocks'),
 (31,'1','3','6','Stocks & Shares'),
 (32,'1','3','6','Permutation & Combinations'),
 (33,'1','3','6','Probabilty'),
 (34,'1','3','6','True Discount'),
 (35,'1','3','6','Banker\'s Discount'),
 (36,'1','3','6','Height & Distance '),
 (37,'1','3','6','Odd Man Out & Series'),
 (38,'3','3','6','Analogy'),
 (40,'3','3','6','Clasification'),
 (41,'3','3','6','Coding - Decoding'),
 (42,'3','3','6','Blood Relations'),
 (43,'3','3','6','Puzzle Test'),
 (44,'3','3','6','Sequential Output Tracing '),
 (45,'3','3','6','Direction Sense Test'),
 (46,'3','3','6','Logical Venn Diagrams '),
 (47,'3','3','6','Alphabet Test'),
 (48,'3','3','6','Alpha Numeric Sequence Puzzle '),
 (49,'3','3','6','Number,Ranking & Time Sequence Test '),
 (50,'3','3','6','Mathematical Oprations'),
 (51,'3','3','6','Logical Sequence of Word'),
 (52,'3','3','6','Arithmetical Reasoning  '),
 (53,'3','3','6','Inserting The Missing Character'),
 (54,'3','3','6','Data Sufficiency '),
 (55,'3','3','6','Eligibility Test '),
 (56,'3','3','6','Assertion & Reason'),
 (57,'3','3','6','Situation Reactions Test'),
 (58,'3','3','6','Verification of  Truth of Statement'),
 (59,'3','3','6','Coded Binary Numbers'),
 (60,'3','3','6','Logic'),
 (61,'3','3','6','Statement - Argument'),
 (62,'3','3','6','Statement Assumption'),
 (63,'3','3','6','Statement - Course of Action'),
 (64,'3','3','6','Statement - Conclusion'),
 (65,'3','3','6','Deriving Conclusion form the Passages'),
 (66,'3','3','6','Theme Detection'),
 (67,'3','3','6','Cause and Effect Reasoning '),
 (68,'2','3','6','Single Blanks'),
 (69,'2','3','6','Double Blanks'),
 (70,'2','3','6','Synonyms & Antonyms'),
 (72,'2','3','6','Cloz Test'),
 (73,'2','3','6','Phrase Replacement'),
 (74,'2','3','6','Error Detactions'),
 (75,'2','3','6','Error Corections'),
 (76,'6','3','6','Input Devices'),
 (77,'2','3','6','Jumbled Up Paragraph'),
 (78,'2','3','6','Sentence Replacement'),
 (79,'2','3','6','Driving Conclusion from Passage'),
 (80,'2','3','6','Theme Detection '),
 (81,'2','3','6','One Word Substitution'),
 (82,'7','3','6','Line Graph'),
 (83,'7','3','6','Pie Chart'),
 (84,'7','3','6','Caselet Graph'),
 (85,'7','3','6','Star Graph'),
 (86,'7','3','6','Histagram'),
 (87,'7','3','6','Table Graph'),
 (88,'7','3','6','Combination of two or more graph'),
 (89,'2','3','6','Word replacement');
/*!40000 ALTER TABLE `topic_details` ENABLE KEYS */;


--
-- Definition of table `user_details`
--

DROP TABLE IF EXISTS `user_details`;
CREATE TABLE `user_details` (
  `user_id` int(10) unsigned NOT NULL auto_increment,
  `user_name` varchar(200) default NULL,
  `dob` varchar(10) default NULL,
  `registration_date` varchar(10) default NULL,
  PRIMARY KEY  (`user_id`)
) ENGINE=InnoDB DEFAULT CHARSET=latin1;

--
-- Dumping data for table `user_details`
--

/*!40000 ALTER TABLE `user_details` DISABLE KEYS */;
INSERT INTO `user_details` (`user_id`,`user_name`,`dob`,`registration_date`) VALUES 
 (1,'Akshay Bilani','24-05-2016',''),
 (38,'vijay','1984-05-26',''),
 (39,'shilpa','03-01-2017',''),
 (40,'Adam van der Kruk','10-12-1978',''),
 (41,'Manish','03-02-1989',''),
 (42,'Vineet','03-02-2000',''),
 (43,'Sapna Agrawal','05-02-1984',''),
 (44,'Swati','18-08-2017',''),
 (45,'Abhishek','08-12-1993',''),
 (46,'Bilani','09-12-1999',''),
 (47,'aksah','01-01-1997',''),
 (48,'swati dubey','03-05-2017',''),
 (49,'kratika chourasiya','08-02-1998',''),
 (50,'Ashutosh','03-02-1989',''),
 (51,'Vikram Singh Raghuwanshi','05-05-1993',''),
 (52,'Kuldeep Tripathi ','23-02-1989',''),
 (53,'lalit','07-07-2017',''),
 (54,'akshay','20-07-2017',''),
 (55,'hhfgf','11-07-2017',''),
 (56,'Vijay','26-08-1984',''),
 (57,'sapna','28-01-1994',''),
 (58,'Akshay Bilani','01-01-1993','');
/*!40000 ALTER TABLE `user_details` ENABLE KEYS */;


--
-- Definition of table `user_pic_details`
--

DROP TABLE IF EXISTS `user_pic_details`;
CREATE TABLE `user_pic_details` (
  `user_id` int(10) unsigned NOT NULL auto_increment,
  `pic` varchar(200) default NULL,
  PRIMARY KEY  (`user_id`)
) ENGINE=InnoDB DEFAULT CHARSET=latin1;

--
-- Dumping data for table `user_pic_details`
--

/*!40000 ALTER TABLE `user_pic_details` DISABLE KEYS */;
INSERT INTO `user_pic_details` (`user_id`,`pic`) VALUES 
 (1,'http://localhost:8081/spycisco_spycis_v1/data/1481539144059.png'),
 (2,'http://43.242.215.132:8061/spycisco_spycis_v1/data/1481539303567.png'),
 (39,'http://43.242.215.132:8061/spycisco_spycis_v1/data/1483380381687.png'),
 (41,'http://43.242.215.132:8061/spycisco_spycis_v1/data/1486556505269.png'),
 (42,'http://43.242.215.132:8061/spycisco_spycis_v1/data/1488112656663.png'),
 (43,'http://43.242.215.132:8061/spycisco_spycis_v1/data/1493717807780.png'),
 (52,'http://43.242.215.132:8061/spycisco_spycis_v1/data/1498549452379.png'),
 (56,'http://43.242.215.132:8061/spycisco_spycis_v1/data/1500793695116.png'),
 (57,'http://43.242.215.132:8061/spycisco_spycis_v1/data/1500976701488.png'),
 (58,'http://43.242.215.132:8061/spycisco_spycis_v1/data/1501133352428.png');
/*!40000 ALTER TABLE `user_pic_details` ENABLE KEYS */;


--
-- Definition of table `user_request`
--

DROP TABLE IF EXISTS `user_request`;
CREATE TABLE `user_request` (
  `user_request_id` int(10) unsigned NOT NULL auto_increment,
  `software_id` varchar(45) default NULL,
  `user_id` varchar(45) default NULL,
  `date` varchar(45) default NULL,
  `status` varchar(45) default NULL,
  PRIMARY KEY  (`user_request_id`)
) ENGINE=InnoDB DEFAULT CHARSET=latin1;

--
-- Dumping data for table `user_request`
--

/*!40000 ALTER TABLE `user_request` DISABLE KEYS */;
INSERT INTO `user_request` (`user_request_id`,`software_id`,`user_id`,`date`,`status`) VALUES 
 (1,'29','58','2018-04-09 18:11:36','true'),
 (2,'30','58','2018-04-09 18:11:37','true'),
 (3,'50','58','2018-04-09 18:11:38','done'),
 (4,'51','58','2018-04-09 18:11:39','true'),
 (5,'52','58','2018-04-09 18:11:40','true'),
 (6,'53','58','2018-04-09 18:11:41','done'),
 (7,'1','46','2018-04-11 19:40:01','done'),
 (8,'1','46','2018-04-12 13:49:08','true');
/*!40000 ALTER TABLE `user_request` ENABLE KEYS */;


--
-- Definition of table `user_test_account`
--

DROP TABLE IF EXISTS `user_test_account`;
CREATE TABLE `user_test_account` (
  `user_test_id` int(10) unsigned NOT NULL auto_increment,
  `user_id` varchar(45) default NULL,
  `test_id` varchar(45) default NULL,
  `active_time` varchar(45) default NULL,
  `leave_time` varchar(45) default NULL,
  `test_date` varchar(45) default NULL,
  PRIMARY KEY  (`user_test_id`)
) ENGINE=InnoDB DEFAULT CHARSET=latin1;

--
-- Dumping data for table `user_test_account`
--

/*!40000 ALTER TABLE `user_test_account` DISABLE KEYS */;
INSERT INTO `user_test_account` (`user_test_id`,`user_id`,`test_id`,`active_time`,`leave_time`,`test_date`) VALUES 
 (32,'1','43','19:33','1','13-03-2018'),
 (33,'1','43','19:22','19','15-03-2018'),
 (34,'58','43','15:57','15','17-03-2018'),
 (35,'58','43','16:20','20','17-03-2018'),
 (36,'58','42','16:31','20','17-03-2018'),
 (37,'58','43','16:26','15','17-03-2018'),
 (38,'58','43','16:35','20','17-03-2018'),
 (39,'46','41','19:46','20','11-04-2018'),
 (40,'58','39','18:21','188','18-04-2018'),
 (41,'58','44','18:35','100','18-04-2018');
/*!40000 ALTER TABLE `user_test_account` ENABLE KEYS */;


--
-- Definition of table `user_test_question_submit_details`
--

DROP TABLE IF EXISTS `user_test_question_submit_details`;
CREATE TABLE `user_test_question_submit_details` (
  `user_test_id` varchar(45) default NULL,
  `question_id` varchar(45) default NULL,
  `select_option` varchar(45) default NULL
) ENGINE=InnoDB DEFAULT CHARSET=latin1;

--
-- Dumping data for table `user_test_question_submit_details`
--

/*!40000 ALTER TABLE `user_test_question_submit_details` DISABLE KEYS */;
INSERT INTO `user_test_question_submit_details` (`user_test_id`,`question_id`,`select_option`) VALUES 
 ('32','32','A'),
 ('39','13','A'),
 ('39','14','B'),
 ('39','15','C'),
 ('39','16','D'),
 ('39','17','E'),
 ('39','28','D'),
 ('39','18','B'),
 ('39','29','C'),
 ('39','19','C'),
 ('39','30','D'),
 ('39','31','C'),
 ('39','32','B'),
 ('40','33','C'),
 ('40','23','D'),
 ('40','34','B'),
 ('40','35','B'),
 ('40','58','A'),
 ('40','26','A'),
 ('40','59','B'),
 ('40','27','C'),
 ('40','39','D'),
 ('40','60','C'),
 ('40','61','C'),
 ('40','62','B'),
 ('40','31','C'),
 ('40','32','D'),
 ('41','11','C'),
 ('41','55','D'),
 ('41','45','C'),
 ('41','13','C'),
 ('41','14','D'),
 ('41','47','D'),
 ('41','69','E'),
 ('41','15','D'),
 ('41','28','B'),
 ('41','39','C'),
 ('41','18','C'),
 ('41','19','D'),
 ('41','2','B'),
 ('41','3','A'),
 ('41','4','B'),
 ('41','7','B'),
 ('41','61','B'),
 ('41','40','E'),
 ('41','62','C'),
 ('41','30','B'),
 ('41','54','E');
/*!40000 ALTER TABLE `user_test_question_submit_details` ENABLE KEYS */;




/*!40101 SET SQL_MODE=@OLD_SQL_MODE */;
/*!40014 SET FOREIGN_KEY_CHECKS=@OLD_FOREIGN_KEY_CHECKS */;
/*!40014 SET UNIQUE_CHECKS=@OLD_UNIQUE_CHECKS */;
/*!40101 SET CHARACTER_SET_CLIENT=@OLD_CHARACTER_SET_CLIENT */;
/*!40101 SET CHARACTER_SET_RESULTS=@OLD_CHARACTER_SET_RESULTS */;
/*!40101 SET COLLATION_CONNECTION=@OLD_COLLATION_CONNECTION */;
/*!40101 SET CHARACTER_SET_CLIENT=@OLD_CHARACTER_SET_CLIENT */;
